SN,Actual IP Delay (ms),Predicted IP Delay (ms),Absolute Difference (ms)
1,19.09494400024414,19.067952044451886,0.026991955792254885
2,19.09494400024414,18.997421158616135,0.09752284162800606
3,18.95904541015625,18.93031537611023,0.02873003404602059
4,18.939971923828125,18.864196829269986,0.07577509455813924
5,18.861055374145508,18.79898120265011,0.06207417149539651
6,18.82004737854004,18.734365096094052,0.08568228244598686
7,18.74995231628418,18.670289590374978,0.07966272590920198
8,18.69416236877441,18.606733691285626,0.08742867748878425
9,18.630027770996094,18.543554841386367,0.08647292960972663
10,18.55087280273437,18.480656873663293,0.07021592907107888
11,18.474817276000977,18.48818312765843,0.013365851657454186
12,18.3868408203125,18.42593411797111,0.03909329765861003
13,18.32890510559082,18.363918584185512,0.03501347859469206
14,18.339157104492188,18.301879008646438,0.037278095845749704
15,18.193960189819336,18.239732091757332,0.04577190193799652
16,18.19014549255371,18.177320884888104,0.01282460766560689
17,18.12291145324707,18.114324718453645,0.008586734793425421
18,18.039941787719727,18.05076086188251,0.010819074162782272
19,17.969131469726562,17.986765100289404,0.017633630562841063
20,17.911195755004883,17.922432415531375,0.011236660526492415
21,17.82512664794922,17.847907212455993,0.02278056450677468
22,17.863988876342773,17.782091727156057,0.08189714918671598
23,17.694950103759766,17.715731746932306,0.020781643172540498
24,17.70305633544922,17.648957977655755,0.05409835779346395
25,17.635822296142578,17.58159416957028,0.0542281265722977
26,17.54903793334961,17.513436221733514,0.0356017116160956
27,17.48490333557129,17.446149194881855,0.03875414068943428
28,17.4100399017334,17.382223780813888,0.027816120919510468
29,17.366886138916016,17.321970998551706,0.04491514036430999
30,17.26388931274414,17.263357034266846,0.0005322784772943123
31,17.194032669067383,17.227244034884848,0.033211365817464866
32,17.18282699584961,17.172256227325988,0.010570768523621155
33,17.060041427612305,17.118947533077744,0.058906105465439396
34,17.05002784729004,17.062647841527223,0.012619994237184073
35,16.978979110717773,17.005880097670456,0.026900986952682615
36,16.916990280151367,16.952704818223197,0.03571453807182934
37,16.849994659423828,16.898922907770952,0.04892824834712428
38,16.791105270385742,16.845674571868585,0.054569301482843
39,16.76011085510254,16.792963619948864,0.032852764846325044
40,16.665935516357422,16.739226152878928,0.0732906365215058
41,16.579866409301758,16.679700168062084,0.09983375876032596
42,16.502857208251953,16.646296606573685,0.14343939832173191
43,16.451120376586914,16.622726376219532,0.17160599963261802
44,16.453027725219727,16.607912000104363,0.15488427488463685
45,16.295909881591797,16.62106939994601,0.3251595183542122
46,16.295909881591797,16.717278698557436,0.4213688169656393
47,16.231060028076172,17.06018813311516,0.8291281050389898
48,21.198034286499023,18.52726198208643,2.670772304412594
49,21.10600471496582,20.00274722792028,1.1032574870455392
50,21.02804183959961,20.21562781231978,0.8124140272798286
51,21.010875701904297,20.840011112625234,0.17086458927906278
52,20.88594436645508,20.689031271103886,0.19691309535119572
53,20.865917205810547,20.56300778554032,0.3029094202702254
54,20.81608772277832,20.460850988854418,0.35523673392390265
55,20.70903778076172,20.373263156159283,0.33577462460243623
56,20.647048950195312,20.296307196360885,0.3507417538344271
57,20.59412002563477,20.226733747961134,0.36738627767363496
58,20.5068588256836,20.161983210755352,0.3448756149282488
59,20.45297622680664,20.099834939401262,0.35314128740537853
60,20.38502693176269,20.039484381698003,0.3455425500646889
61,20.39194107055664,20.254305237187964,0.13763583336867669
62,20.25794982910156,20.173621789751905,0.0843280393496535
63,20.273923873901367,20.09764747845111,0.17627639545025886
64,20.19500732421875,20.020736893229696,0.17427043098905415
65,20.094871520996094,19.941509157035853,0.15336236396024105
66,20.02215385437012,19.860577165275117,0.16157668909500345
67,19.968032836914062,19.77844105414306,0.18959178277100364
68,19.91820335388184,19.695209519454693,0.2229938344271467
69,19.85383033752441,19.61321122513482,0.24061911238959155
70,19.77801322937012,19.532167151396607,0.2458460779735141
71,19.7451114654541,19.63056293743648,0.11454852801762172
72,19.630908966064453,19.541050748614452,0.08985821745000067
73,19.631147384643555,19.459052792910825,0.1720945917327299
74,19.53411102294922,19.37906554047686,0.15504548247236016
75,19.4699764251709,19.302165790975323,0.1678106341955754
76,19.41514015197754,19.22815782421594,0.18698232776159784
77,19.31095123291016,19.156306504328313,0.15464472858184664
78,19.268035888671875,19.08595762472487,0.18207826394700533
79,19.175052642822266,19.017000796509365,0.15805184631290103
80,19.124984741210938,18.94914125423952,0.1758434869714165
81,19.05512809753418,19.03070290290998,0.02442519462420023
82,18.997907638549805,18.96151412256586,0.03639351598394569
83,18.989086151123047,18.89508929733097,0.09399685379207767
84,18.85104179382324,18.82941552293005,0.021626270893190025
85,18.83816719055176,18.76434939538285,0.0738177951689103
86,18.77093315124512,18.699987081703284,0.07094606954183647
87,18.719911575317383,18.636144036037194,0.08376753928018843
88,18.62478256225586,18.572779116510674,0.05200344574518567
89,19.6380615234375,18.509790230325507,1.1282712931119931
90,18.535852432250977,18.447052597394986,0.08879983485599041
91,18.43094825744629,18.622886194151533,0.19193793670524428
92,18.40686798095703,18.57116391701652,0.16429593605948867
93,18.290042877197266,18.50897044039357,0.2189275631963028
94,18.26190948486328,18.44821218872994,0.1863027038666587
95,18.22090148925781,18.387637805687973,0.16673631643016407
96,18.07212829589844,18.32733380771856,0.25520551182011886
97,18.080949783325195,18.26713173323924,0.1861819499140438
98,17.99607276916504,18.20717735654398,0.21110458737894078
99,17.95792579650879,18.146781932188105,0.18885613567931614
100,17.917871475219727,18.08511144835734,0.16723997313761174
101,17.835140228271484,17.836700877097655,0.0015606488261710183
102,17.753124237060547,17.767896256884796,0.014772019824249583
103,17.66800880432129,17.70019840387249,0.032189599551202264
104,17.62700080871582,17.633017279251817,0.006016470535996632
105,17.60411262512207,17.56564678349548,0.03846584162658928
106,17.49587059020996,17.498926600239884,0.003056010029922618
107,17.462968826293945,17.435339379147763,0.02762944714618243
108,17.4100399017334,17.373678122609704,0.03636177912369476
109,17.316818237304688,17.316022611609583,0.000795625695104718
110,17.244815826416016,17.259402758398323,0.01458693198230776
111,17.1968936920166,17.20470421376774,0.007810521751139277
112,17.117977142333984,17.151278612260512,0.033301469926527716
113,17.055988311767578,17.098900181494514,0.04291186972693595
114,17.000198364257812,17.041599540320362,0.041401176062549894
115,16.90196990966797,16.986106009397872,0.08413609972990344
116,16.854047775268555,16.93398103289212,0.07993325762356562
117,16.77703857421875,16.88371493259666,0.10667635837791067
118,16.715049743652344,16.835241170419124,0.1201914267667803
119,16.711950302124023,16.787253026265603,0.07530272414157935
120,16.627073287963867,16.715364797207144,0.08829150924327678
121,16.60299301147461,16.65763487528693,0.05464186381232139
122,16.541004180908203,16.637165734842085,0.09616155393388226
123,16.463041305541992,16.62291718647424,0.15987588093224758
124,16.4029598236084,16.635294202849593,0.2323343792411947
125,16.325950622558594,16.696509882734745,0.37055926017615093
126,16.246795654296875,16.944629836601166,0.6978341823042911
127,16.184091567993164,17.7191836009456,1.5350920329524342
128,21.162033081054688,19.6628584619134,1.4991746191412858
129,21.08001708984375,20.224095927403596,0.8559211624401541
130,21.02208137512207,20.196827499717074,0.8252538754049965
131,20.92909812927246,20.806347917130097,0.12275021214236403
132,20.884990692138672,20.651124198195703,0.2338664939429691
133,20.792007446289062,20.528368359407523,0.2636390868815397
134,20.743846893310547,20.42717120116322,0.31667569214732794
135,20.661115646362305,20.34188494309319,0.3192307032691133
136,20.651817321777344,20.26628175519818,0.3855355665791649
137,20.51401138305664,20.198191784572828,0.315819598483813
138,20.55191993713379,20.13451770841357,0.4174022287202206
139,20.399093627929688,20.073406957237694,0.32568667069199364
140,20.40314674377441,20.01473221133665,0.3884145324377606
141,20.3249454498291,20.24604401663055,0.0789014331985527
142,20.25699615478516,20.163030550804706,0.09396560398045395
143,20.16186714172364,20.088727310678678,0.07313983104496202
144,20.13397216796875,20.013353027366065,0.12061914060268464
145,20.04098892211914,19.935768934431053,0.10521998768808771
146,19.97900009155273,19.855739354966317,0.12326073658641334
147,19.917011260986328,19.774103041413582,0.14290821957274602
148,19.83809471130371,19.691059100125585,0.1470356111781257
149,19.787073135375977,19.608844768640665,0.17822836673531128
150,19.79708671569824,19.5279198878211,0.2691668278771395
151,19.63496208190918,19.60394837772128,0.03101370418789884
152,19.654035568237305,19.5108092702867,0.14322629795060493
153,19.55413818359375,19.42963990853741,0.12449827505633948
154,19.48785781860352,19.35068035641052,0.13717746219299798
155,19.4089412689209,19.27484555500314,0.13409571391775899
156,19.34409141540528,19.201696319044004,0.14239509636127679
157,19.29306983947754,19.130525617811145,0.16254422166639415
158,19.203901290893555,19.0607578036861,0.1431434872074533
159,19.137859344482425,18.99248023966038,0.14537910482204452
160,19.079923629760746,18.925103225541307,0.1548204042194392
161,18.98789405822754,18.988276488272504,0.0003824300449650764
162,18.999099731445312,18.9198941225186,0.07920560892671347
163,18.85509490966797,18.853926767832263,0.0011681418357056828
164,18.88298988342285,18.78870792435805,0.09428195906480141
165,18.78595352172852,18.724141086465806,0.06181243526271274
166,18.722057342529297,18.660190022217193,0.0618673203121034
167,18.665075302124023,18.59669947606335,0.06837582606067372
168,18.60904693603516,18.53362136449732,0.07542557153783847
169,18.52297782897949,18.470815669701324,0.05216215927816492
170,18.436908721923828,18.40821111295554,0.02869760896828666
171,18.377065658569336,18.393673640275665,0.016607981706329156
172,18.377065658569336,18.33266295020053,0.044402708368807
173,18.24307441711425,18.27071006042047,0.027635643306219038
174,18.25690269470215,18.208418046469887,0.04848464823226095
175,18.168926239013672,18.14571258208275,0.02321365693092048
176,18.09215545654297,18.082258606483492,0.009896850059476492
177,18.03207397460937,18.01833564738331,0.013738327226061386
178,17.966032028198242,17.95418767778756,0.011844350410683546
179,17.963171005249023,17.88928662566036,0.07388437958866234
180,17.86184310913086,17.823837184522517,0.03800592460834196
181,17.83299446105957,17.787631658251257,0.04536280280831306
182,17.77195930480957,17.721464350671567,0.05049495413800287
183,17.698049545288086,17.65551003271071,0.042539512577377536
184,17.653942108154297,17.58852894563745,0.06541316251684748
185,17.575979232788086,17.521158703843298,0.05482052894478784
186,17.518997192382812,17.454059524354193,0.06493766802861956
187,17.457962036132812,17.389998663787765,0.0679633723450479
188,17.384052276611328,17.32876135478989,0.05529092182143813
189,17.322063446044922,17.26922229092054,0.052841155124383477
190,17.267942428588867,17.212094851956294,0.05584757663257278
191,17.173051834106445,17.198428892839956,0.02537705873351115
192,17.126083374023438,17.141027597986636,0.014944223963198056
193,17.125844955444336,17.08478056126239,0.04106439418194441
194,16.9830322265625,17.02911907668181,0.04608685011930902
195,16.955137252807617,16.97237647508132,0.01723922227370167
196,16.888856887817383,16.916032594110675,0.027175706293292023
197,16.82305335998535,16.861473009122108,0.03841964913675611
198,16.758203506469727,16.806527316958864,0.04832381048913703
199,16.668081283569336,16.75373916053502,0.0856578769656835
200,16.629934310913086,16.700860127976114,0.07092581706302781
201,16.58010482788086,16.645754608944685,0.06564978106382569
202,16.507863998413086,16.620794612862255,0.1129306144491693
203,16.424894332885742,16.606393475548487,0.18149914266274436
204,16.34502410888672,16.613492861438317,0.2684687525515983
205,16.340970993041992,16.671463412528453,0.33049241948646113
206,16.195058822631836,16.893659202878553,0.6986003802467167
207,21.183013916015625,17.744660748689967,3.4383531673256584
208,21.095991134643555,19.703544896970016,1.3924462376735391
209,21.038055419921875,20.253262976382302,0.7847924435395726
210,20.971059799194336,20.221468265333442,0.7495915338608938
211,20.89476585388184,20.74175449786253,0.15301135601930937
212,20.840883255004883,20.604780501514597,0.23610275349028598
213,20.75982093811035,20.499380099806785,0.2604408383035661
214,20.692110061645508,20.41056071982439,0.281549341821119
215,20.669937133789062,20.332131779355223,0.33780535443383997
216,20.56097984313965,20.261147655673994,0.299832187465654
217,20.539045333862305,20.19415751061615,0.34488782324615386
218,20.47300338745117,20.130106215958676,0.342897171492492
219,20.413875579833984,20.06786245482317,0.3460131250108134
220,20.339012145996094,20.006581718291727,0.3324304277043666
221,20.264863967895508,20.206574229746366,0.05828973814914207
222,20.194053649902344,20.122760275114615,0.07129337478772868
223,20.13397216796875,20.04289797207548,0.09107419589327037
224,20.116090774536133,19.96147600260656,0.15461477192957318
225,19.97709274291992,19.878725641603978,0.09836710131594018
226,19.97995376586914,19.79506033950429,0.18489342636485162
227,19.90008354187012,19.710939598553523,0.18914394331659778
228,19.82998847961425,19.628292176889772,0.20169630272447847
229,19.761085510253903,19.546819076367683,0.2142664338862197
230,19.67978477478028,19.466366903827748,0.21341787095253295
231,19.623994827270508,19.54604195208276,0.07795287518774785
232,19.627094268798828,19.4600144630499,0.16707980574892645
233,19.477128982543945,19.380211079237597,0.09691790330634831
234,19.43087577819824,19.303549715573354,0.12732606262488488
235,19.36793327331543,19.229703268763387,0.13823000455204237
236,19.34695243835449,19.157913915648805,0.18903852270568322
237,19.232988357543945,19.087517968387147,0.14547038915679877
238,19.21296119689941,19.018807822106965,0.194153374792446
239,19.16122436523437,18.951006183215213,0.2102181820191582
240,20.01309394836425,18.884302507501616,1.128791440862635
241,18.99385452270508,19.26005141120868,0.2661968885035968
242,18.963098526000977,19.13879462654222,0.17569610054124496
243,18.890857696533203,19.068237497947393,0.1773798014141903
244,18.82410049438477,18.999328245314473,0.17522775092970377
245,18.756866455078125,18.932721921771645,0.1758554666935197
246,18.687009811401367,18.867428582723278,0.18041877132191075
247,18.620014190673828,18.80339472680248,0.18338053612865224
248,18.6159610748291,18.740756477740206,0.12479540291110425
249,18.48483085632324,18.678608883618608,0.19377802729536953
250,18.48697662353516,18.616130800040764,0.12915417650560457
251,18.39685440063477,18.40407102142194,0.007216620787172445
252,18.323183059692383,18.339572922627667,0.016389862935284327
253,18.2490348815918,18.27620868033364,0.02717379874183834
254,18.177032470703125,18.21288676507038,0.035854294367254624
255,18.124818801879883,18.149594309420536,0.024775507540653052
256,18.103837966918945,18.086322340053584,0.0175156268653609
257,18.004894256591797,18.022431041572418,0.017536784980620723
258,17.945051193237305,17.958070759590328,0.013019566353023038
259,17.872095108032227,17.893399289278022,0.021304181245795917
260,17.891883850097656,17.827873320868548,0.06401052922910822
261,17.704010009765625,17.765730805990643,0.06172079622501769
262,17.70305633544922,17.696222371910153,0.006833963539065735
263,17.635822296142578,17.628201986923386,0.007620309219191768
264,17.612934112548828,17.559436138270712,0.05349797427811609
265,17.589092254638672,17.49033201198813,0.09876024265054184
266,17.472028732299805,17.423404595589886,0.048624136709918275
267,17.371177673339844,17.35960912550638,0.011568547833462617
268,17.314910888671875,17.29857786449429,0.016333024177583866
269,17.245054244995117,17.241553872793247,0.00350037220187005
270,17.222166061401367,17.18582009364411,0.0363459677572564
271,17.088890075683594,17.153983732796974,0.06509365711337978
272,17.07005500793457,17.096800422152114,0.02674541421754384
273,17.024993896484375,17.038643589799563,0.013649693315187506
274,16.96610450744629,16.982044900103688,0.01594039265739866
275,16.8759822845459,16.928776585842797,0.05279430129689899
276,16.808032989501953,16.87515907357806,0.06712608407610787
277,16.757965087890625,16.822327955217986,0.06436286732736107
278,16.691923141479492,16.769759899354142,0.07783675787464972
279,16.618967056274414,16.715516708920575,0.09654965264616067
280,16.53909683227539,16.66883735888547,0.12974052661007818
281,16.468048095703125,16.618485080755363,0.15043698505223801
282,16.409873962402344,16.61486747408958,0.2049935116872348
283,16.335010528564453,16.629446215624455,0.2944356870600018
284,16.31903648376465,16.687298674298745,0.3682621905340966
285,16.261816024780273,16.888852206648153,0.6270361818678793
286,21.18802070617676,17.568030641868404,3.6199900643083573
287,21.06785774230957,19.58122722760436,1.4866305147052117
288,21.03710174560547,20.25326670116101,0.7838350444444586
289,21.00801467895508,20.243759711433995,0.7642549675210866
290,20.89405059814453,20.169141558199044,0.7249090399454872
291,20.884037017822266,20.666858340689487,0.21717867713277883
292,20.81894874572754,20.548031127589184,0.27091761813835546
293,20.75815200805664,20.456004374523218,0.3021476335334228
294,20.65396308898925,20.374798442219344,0.2791646467699067
295,20.59602737426757,20.3007870892975,0.2952402849700704
296,20.5230712890625,20.230727387968273,0.2923439010942275
297,20.457983016967773,20.16456651409726,0.2934165028705138
298,20.407915115356445,20.100472892409016,0.3074422229474294
299,20.322084426879883,20.037189918014064,0.28489450886581835
300,20.26987075805664,19.974065416022313,0.2958053420343276
301,20.305156707763672,20.142154520613076,0.163002187150596
302,20.132064819335938,20.05662784500828,0.07543697432765839
303,20.125865936279297,19.974428074021944,0.15143786225735312
304,20.050048828125,19.891070235473762,0.1589785926512377
305,19.999027252197266,19.806889559447427,0.1921376927498386
306,19.91415023803711,19.722177933147123,0.19197230488998684
307,19.85001564025879,19.639119092744295,0.21089654751449416
308,19.783973693847656,19.557373406144052,0.2266002877036044
309,19.72484588623047,19.476663546640793,0.2481823395896754
310,19.64998245239257,19.396876077792058,0.2531063746005131
311,19.58513259887696,19.508410851415192,0.07672174746176808
312,19.50693130493164,19.422557411132857,0.08437389379878368
313,19.45996284484864,19.3448541252792,0.11510871956944158
314,19.37484741210937,19.270191274699755,0.10465613740961643
315,19.30880546569824,19.19733866657225,0.11146679912598856
316,19.243955612182617,19.126011863249914,0.11794374893270287
317,19.25802230834961,19.05669237703478,0.2013299313148309
318,19.09208297729492,18.98849134028069,0.10359163701422958
319,19.09494400024414,18.921085713088814,0.17385828715532625
320,19.03510093688965,18.854773308447648,0.1803276284420008
321,19.02484893798828,18.9251259128298,0.09972302515848241
322,18.94402503967285,18.85643743798937,0.0875876016834809
323,18.867969512939453,18.79121317665522,0.07675633628423384
324,18.780946731567383,18.726959558790668,0.05398717277671494
325,18.725156784057617,18.6632377377407,0.06191904631691614
326,18.64910125732422,18.600144896367965,0.048956360956253775
327,18.589019775390625,18.537274864485198,0.05174491090542688
328,18.51892471313477,18.474662688873877,0.044262024260891764
329,18.474817276000977,18.412209324282003,0.06260795171897371
330,18.40400695800781,18.34970652171819,0.054300436289619114
331,18.393993377685547,18.340886922970867,0.053106454714679785
332,18.264055252075195,18.278583396067916,0.014528143992720288
333,18.2490348815918,18.21621637861881,0.03281850297299016
334,18.19896697998047,18.15362739822035,0.04533958176011765
335,18.16701889038086,18.09022167543617,0.0767972149446905
336,18.060922622680664,18.02638591001937,0.03453671266129277
337,18.00990104675293,17.96229516656922,0.047605880183709814
338,17.914772033691406,17.8978759653603,0.016896068331107017
339,17.85588264465332,17.832911761303194,0.022970883350126314
340,17.796993255615234,17.767076974877227,0.029916280738007117
341,17.699003219604492,17.733191647124613,0.03418842752012097
342,17.64702796936035,17.667309285116062,0.02028131575571024
343,17.622947692871094,17.60050419383674,0.0224434990343525
344,17.490863800048828,17.53327041438979,0.042406614340961823
345,17.5020694732666,17.466266301411792,0.03580317185480908
346,17.41504669189453,17.401551657528103,0.013495034366428627
347,17.359018325805664,17.339305102808567,0.019713222997097546
348,17.28987693786621,17.280122601846415,0.009754336019796028
349,17.21501350402832,17.22259170162488,0.0075781975965583115
350,17.184972763061523,17.167937092452235,0.0170356706092889
351,17.193078994750977,17.119220034501836,0.07385896024914018
352,17.01498031616211,17.06350657232747,0.04852625616535988
353,16.999006271362305,17.008961590164517,0.009955318802212787
354,16.922950744628906,16.953893869171566,0.03094312454265946
355,16.85190200805664,16.9005673975704,0.04866538951375787
356,16.788959503173828,16.8469140343106,0.0579545311367724
357,16.700029373168945,16.793220756660787,0.09319138349184186
358,16.659975051879883,16.73919711653582,0.07922206465593717
359,16.56317710876465,16.689534345736945,0.1263572369722965
360,16.52693748474121,16.64758948572853,0.12065200098732021
361,16.420841217041016,16.60870685941518,0.18786564237416314
362,16.38317108154297,16.614292884646886,0.2311218031039175
363,16.366004943847656,16.6526159899405,0.28661104609284394
364,16.254901885986328,16.764013370021758,0.5091114840354294
365,16.242027282714844,17.078804323134023,0.8367770404191788
366,21.164894104003903,18.559775067501505,2.6051190365023977
367,21.08979225158692,20.07041833024914,1.019373921337781
368,21.091938018798828,20.25989071216827,0.8320473066305567
369,20.94101905822754,20.20990452052729,0.7311145377002504
370,20.95794677734375,20.135822058193753,0.822124719149997
371,20.853042602539062,20.6798473212757,0.1731952812633608
372,20.821094512939453,20.551085784745737,0.2700087281937158
373,20.72906494140625,20.45949753971854,0.2695674016877092
374,20.64990997314453,20.37817241449602,0.27173755864851046
375,20.61700820922852,20.305421391242362,0.31158681798615717
376,20.54595947265625,20.23665080196224,0.30930867069400847
377,20.49112319946289,20.170978212718182,0.32014498674470815
378,20.4160213470459,20.106604216778123,0.30941713026777506
379,20.34592628479004,20.043554210360526,0.3023720744295133
380,20.28894424438477,19.980688749797082,0.3082554945876872
381,20.188093185424805,20.158821212248768,0.029271973176037136
382,20.207881927490234,20.07297149674514,0.13491043074509435
383,20.085811614990234,19.990781545629943,0.09503006936029124
384,20.094871520996094,19.907052583675977,0.18781893732011667
385,20.01619338989257,19.822435092692103,0.19375829720046767
386,19.932985305786133,19.7370059385662,0.19597936721993392
387,19.871950149536133,19.65294106929605,0.21900908024008459
388,19.791841506958008,19.570603820113774,0.2212376868442334
389,19.72198486328125,19.489477462627747,0.23250740065350328
390,19.6528434753418,19.409256564983934,0.24358691035786606
391,19.566059112548828,19.514664754865407,0.05139435768342082
392,19.55795288085937,19.42885736639255,0.12909551446682244
393,19.451141357421875,19.350825284163875,0.10031607325799996
394,19.45996284484864,19.276049335758216,0.1839135090904236
395,19.381999969482425,19.20295834179342,0.17904162768900633
396,19.30999755859375,19.13147509776536,0.17852246082838974
397,19.21892166137696,19.061995446065794,0.15692621531116657
398,19.15788650512696,18.993656761807642,0.16422974331931783
399,19.10185813903809,18.926150734898783,0.17570740413930608
400,19.03605461120605,18.859777717949555,0.17627689325649598
401,18.937110900878903,18.94340204748346,0.006291146604556985
402,18.893957138061523,18.875728574840878,0.01822856322064581
403,18.83387565612793,18.81040154347602,0.023474112651911128
404,18.76497268676757,18.74585316016919,0.019119526598380787
405,18.680810928344727,18.681934941696454,0.0011240133517276263
406,18.68414878845215,18.61843389843898,0.06571489001316877
407,18.557071685791016,18.55538152170766,0.001690164083356649
408,18.555164337158203,18.492599530048892,0.062564807109311
409,18.48292350769043,18.42995704828354,0.052966459406889044
410,18.42212677001953,18.367423770257574,0.05470299976195747
411,18.35799217224121,18.34388536983056,0.014106802410651653
412,18.286943435668945,18.28090630351653,0.006037132152414415
413,18.22495460510254,18.218607517241026,0.006347087861513501
414,18.15009117126465,18.155997542635305,0.005906371370656416
415,18.1570053100586,18.09285035335506,0.06415495670353977
416,18.004894256591797,18.029323236646633,0.024428980054835847
417,18.006086349487305,17.96549762971722,0.040588719770084936
418,17.959117889404297,17.901200499665038,0.057917389739259306
419,17.8680419921875,17.83612726117667,0.0319147310108292
420,17.813920974731445,17.770402694338827,0.04351828039261818
421,17.724037170410156,17.735242476419444,0.011205306009287597
422,17.66514778137207,17.668806646156554,0.0036588647844837396
423,17.59505271911621,17.601940434644803,0.006887715528591798
424,17.547130584716797,17.53476760612216,0.012362978594637752
425,17.482995986938477,17.468354717109946,0.014641269828530312
426,17.431974411010742,17.403779159849364,0.02819525116137811
427,17.419815063476562,17.341332313620228,0.07848274985633452
428,17.29297637939453,17.28189034795946,0.011086031435070254
429,17.257213592529297,17.223561498553863,0.03365209397543367
430,17.18616485595703,17.16888995856891,0.017274897388119825
431,17.13705062866211,17.13208897562879,0.004961653033319635
432,17.073869705200195,17.074935632521715,0.0010659273215196663
433,16.997098922729492,17.0189533090479,0.021854386318409524
434,16.93105697631836,16.963091278995535,0.03203430267717522
435,16.85309410095215,16.90811752401089,0.05502342305874208
436,16.79086685180664,16.853333605759246,0.062466753952605814
437,16.720056533813477,16.79935081121897,0.079294277405495
438,16.654014587402344,16.746412817106204,0.09239822970386058
439,16.633987426757812,16.69320536911556,0.05921794235774769
440,16.542911529541016,16.64976848127253,0.10685695173151544
441,18.55778694152832,16.60877343983458,1.9490135016937415
442,16.46900177001953,16.607490761494148,0.1384889914746168
443,16.387939453125,16.63407459178501,0.24613513866000858
444,16.315937042236328,16.725584658786374,0.4096476165500462
445,16.229867935180664,17.004098383637256,0.7742304484565921
446,21.151065826416016,18.16407387872232,2.9869919476936957
447,21.08001708984375,19.937252073589207,1.1427650162545433
448,21.01898193359375,20.266496776514487,0.7524851570792634
449,21.009206771850582,20.220574318443596,0.7886324534069864
450,20.879030227661133,20.147394607022306,0.7316356206388264
451,20.877838134765625,20.560598530948937,0.31723960381668803
452,20.841121673583984,20.434413525435957,0.40670814814802725
453,20.74599266052246,20.34390208007153,0.40209058045093116
454,20.661115646362305,20.263770238500456,0.3973454078618488
455,20.57099342346192,20.190081925477443,0.3809114979844779
456,20.509004592895508,20.12083964376643,0.3881649491290773
457,20.51091194152832,20.05440753828225,0.4565044032460719
458,20.374059677124023,19.98960993341825,0.38444974370577256
459,20.38121223449707,19.925591145920407,0.45562108857666317
460,20.24698257446289,19.861058000344656,0.3859245741182349
461,20.23506164550781,20.11078104817443,0.12428059733337804
462,20.16210556030273,20.020847959358434,0.1412576009442965
463,20.06697654724121,19.93582108133296,0.13115546590825033
464,20.020008087158203,19.85269384044841,0.16731424670979322
465,20.025968551635746,19.769268617267244,0.2566999343685019
466,20.48492431640625,19.686521303810878,0.7984030125953723
467,19.84715461730957,19.605511768929773,0.24164284837979721
468,19.819974899291992,19.52461025263119,0.29536464666080064
469,19.73795890808105,19.44432400205187,0.29363490602917963
470,19.662857055664062,19.36524762732006,0.2976094283440034
471,19.55604553222656,19.54988219893039,0.006163333296168361
472,19.54197883605957,19.46788187291304,0.07409696314653047
473,19.489049911499023,19.38862230679206,0.10042760470696521
474,19.41394805908203,19.312033068388246,0.10191499069378551
475,19.324064254760746,19.237790779186525,0.08627347557422027
476,19.26898956298828,19.165017745876867,0.10397181711141457
477,19.20008659362793,19.09435496901324,0.1057316246146911
478,19.1950798034668,19.025085259386287,0.16999454408051307
479,19.04606819152832,18.956788394234536,0.08927979729378421
480,19.0579891204834,18.88967702456057,0.16831209592282903
481,18.92995834350586,18.93771194008309,0.007753596577231292
482,18.92304420471192,18.867909925717186,0.05513427899473555
483,18.84293556213379,18.802415110002357,0.04052045213143174
484,18.78881454467773,18.737911762656267,0.050902782021463366
485,18.7070369720459,18.674131191687593,0.03290578035830549
486,18.66006851196289,18.610879369987288,0.04918914197560298
487,18.557071685791016,18.548112446751475,0.00895923903954099
488,18.49198341369629,18.485482832403477,0.006500581292812058
489,18.440961837768555,18.42301829347548,0.01794354429307532
490,18.376827239990234,18.360562219953636,0.0162650200365988
491,18.316030502319336,18.3184779770329,0.0024474747135627695
492,18.30983161926269,18.256318362034563,0.05351325722812916
493,18.16010475158692,18.193933059308165,0.03382830772124379
494,18.15509796142578,18.130799922602137,0.024298038823644674
495,18.069982528686523,18.066883566518754,0.0030989621677690593
496,18.013954162597656,18.002561378864357,0.011392783733299439
497,17.974853515625,17.93837616148153,0.03647735414347153
498,17.882108688354492,17.873344403483316,0.008764284871176642
499,17.858028411865234,17.807854328395933,0.05017408346930097
500,17.795085906982422,17.74157290714129,0.053512999841132114
501,17.71092414855957,17.704334770627383,0.006589377932186835
502,17.650842666625977,17.636830944724124,0.01401172190185207
503,17.590999603271484,17.569270400599635,0.021729202671849634
504,17.583131790161133,17.501549013758222,0.0815827764029109
505,17.500877380371094,17.43516312939164,0.06571425097945394
506,17.468929290771484,17.37106315864878,0.09786613212270368
507,17.312049865722656,17.310822397263337,0.0012274684593194252
508,17.306089401245117,17.2513072904934,0.05478211075171657
509,17.21501350402832,17.195646059875003,0.019367444153317592
510,17.162799835205078,17.14060204201928,0.0221977931857964
511,17.083168029785156,17.111760572561252,0.028592542776095797
512,17.01211929321289,17.057145242873162,0.04502594966027118
513,16.933917999267578,16.999461796032733,0.0655437967651551
514,16.875028610229492,16.94314060235058,0.06811199212108932
515,16.78299903869629,16.8880200148962,0.10502097619990991
516,16.785860061645508,16.832943278245693,0.04708321660018555
517,16.716957092285156,16.779834706198926,0.06287761391376989
518,16.642093658447266,16.727197657274928,0.08510399882766251
519,16.582965850830078,16.676846521974653,0.09388067114457499
520,16.555070877075195,16.6364325460151,0.08136166893990548
521,16.471147537231445,16.60704082515707,0.13589328792562583
522,16.40605926513672,16.616003616249486,0.20994435111276744
523,16.328096389770508,16.662227442779454,0.33413105300894586
524,16.2508487701416,16.824230682232155,0.5733819120905537
525,21.22783660888672,17.333059580110444,3.894777028776275
526,21.14105224609375,19.077785121623947,2.063267124469803
527,21.078109741210938,20.18084515151486,0.8972645896960785
528,20.966053009033203,20.273142797577748,0.6929102114554553
529,20.96390724182129,20.203991942253197,0.7599152995680925
530,20.87712287902832,20.123994869948092,0.7531280090802284
531,20.81298828125,20.625597951095642,0.1873903301543578
532,20.74885368347168,20.511782935670908,0.23707074780077164
533,20.68114280700684,20.426598601090973,0.2545442059158667
534,20.60699462890625,20.349550876289868,0.25744375261638197
535,20.62201499938965,20.276749399215532,0.3452656001741161
536,20.48206329345703,20.207091973986735,0.2749713194702963
537,20.47085762023925,20.139634199892953,0.3312234203462978
538,20.400047302246094,20.07344522087351,0.3266020813725845
539,20.31707763671875,20.006901372028096,0.3101762646906536
540,20.25985717773437,19.939299347413453,0.32055783032091867
541,20.2028751373291,20.116256134258492,0.08661900307060932
542,20.09797096252441,20.02383997250945,0.07413099001496093
543,20.032167434692383,19.93674279475499,0.09542463993739148
544,19.98686790466309,19.84919153261444,0.1376763720486487
545,19.929170608520508,19.762336126859736,0.16683448166077142
546,19.84381675720215,19.67744164778651,0.1663751094156396
547,19.842863082885746,19.594854161198327,0.2480089216874184
548,19.71912384033203,19.51291241579156,0.20621142454047003
549,19.701004028320312,19.432084379218395,0.26891964910191746
550,19.620895385742188,19.352478070061352,0.2684173156808356
551,19.55604553222656,19.468901785046455,0.08714374718010376
552,19.49715614318848,19.38481253540658,0.11234360778189867
553,19.46306228637696,19.30922593970763,0.15383634666932977
554,19.3789005279541,19.23563684124474,0.14326368670936063
555,19.30785179138184,19.163475348875636,0.14437644250620352
556,19.23799514770508,19.093685524694592,0.14430962301048922
557,19.170045852661133,19.025152982635518,0.14489287002561468
558,19.07610893249512,18.95760124253343,0.11850768996169236
559,19.084930419921875,18.890792257167277,0.19413816275459794
560,18.89801025390625,18.824912773396818,0.07309748050943199
561,18.92399787902832,18.871591530853493,0.052406348174827144
562,18.85700225830078,18.809061977606234,0.047940280694547255
563,18.80192756652832,18.744493785249006,0.057433781279314644
564,18.743038177490234,18.680463992723162,0.06257418476707244
565,18.661022186279297,18.616847989250118,0.044174197029178686
566,18.628835678100582,18.553628166785074,0.07520751131550796
567,18.552064895629883,18.490705141459784,0.06135975417009831
568,18.467187881469727,18.42802405744237,0.039163824027355076
569,18.45717430114746,18.365370909265266,0.09180339188219477
570,18.3401107788086,18.302830858914376,0.037279919894224633
571,18.323898315429688,18.293210094128654,0.03068822130103399
572,18.24307441711425,18.23187263937598,0.011201777738271801
573,18.198013305664062,18.169506807083735,0.02850649858032739
574,18.134117126464844,18.106404823072353,0.027712303392490867
575,18.06187629699707,18.042839781344355,0.019036515652715025
576,18.013954162597656,17.978966598832358,0.034987563765298546
577,17.90595054626465,17.9146168139539,0.008666267689250162
578,17.817020416259766,17.849482116616855,0.032461700357089285
579,17.766952514648438,17.78389621313181,0.016943698483373737
580,17.70782470703125,17.717741603661352,0.009916896630102201
581,17.653942108154297,17.649779122052678,0.004162986101619026
582,17.596006393432617,17.58269086293751,0.013315530495106032
583,17.565011978149414,17.514778835149514,0.05023314299990034
584,17.42410659790039,17.447879862515947,0.0237732646155564
585,17.43292808532715,17.38360829799035,0.04931978733679898
586,17.366886138916016,17.324051541422136,0.0428345974938793
587,17.300844192504883,17.265688237813492,0.035155954691390434
588,17.230987548828125,17.21081479789177,0.020172750936353623
589,17.145156860351562,17.156151300042666,0.010994439691103253
590,17.11893081665039,17.102023493094975,0.016907323555415132
591,17.057180404663086,17.060790362108946,0.0036099574458603456
592,16.98613166809082,17.007274350063994,0.02114268197317415
593,16.987085342407227,16.954377582479196,0.0327077599280301
594,16.90506935119629,16.897675614828245,0.007393736368044301
595,16.85190200805664,16.843874445577,0.008027562479639982
596,16.76487922668457,16.79040863339054,0.025529406705970814
597,16.705036163330078,16.73632865598762,0.03129249265754197
598,16.614913940429688,16.686506777880084,0.07159283745039602
599,16.59393310546875,16.645580856483377,0.051647751014627374
600,16.53599739074707,16.608591518256333,0.07259412750926231
601,16.511917114257812,16.584016867462026,0.07209975320421336
602,16.3729190826416,16.60150296808638,0.22858388544477748
603,16.366004943847656,16.69396031403636,0.3279553701887039
604,16.313791275024414,16.96992463949698,0.6561333644725664
605,16.220808029174805,18.74765900060993,2.526850971435124
606,21.198034286499023,20.078711380733694,1.1193229057653298
607,21.079063415527344,20.225682683133073,0.853380732394271
608,21.090030670166016,20.181132298091597,0.9088983720744181
609,21.006107330322266,20.111254433686554,0.8948528966357117
610,20.91383934020996,20.036471374339726,0.8773679658702349
611,20.859956741333008,20.628522240997427,0.2314345003355811
612,20.81894874572754,20.50107453550254,0.31787421022499984
613,20.72906494140625,20.40972332184765,0.31934161955859963
614,20.63298225402832,20.330497617351284,0.3024846366770362
615,20.552873611450195,20.25948132512667,0.2933922863235239
616,20.553112030029297,20.192540618040766,0.3605714119885306
617,20.47896385192871,20.128738883556707,0.3502249683720038
618,20.46704292297364,20.06639929402354,0.40064362895009964
619,20.328044891357425,20.00553370100988,0.3225111903475444
620,20.313024520874023,19.944666753531237,0.36835776734278625
621,20.2329158782959,20.164494727453075,0.06842115084282341
622,20.179033279418945,20.07655304078071,0.10248023863823619
623,20.127058029174805,19.993817240276712,0.13324078889809243
624,20.045042037963867,19.90975067792533,0.13529136003853637
625,19.98591423034668,19.824730233608534,0.16118399673814565
626,19.906044006347656,19.73901664183586,0.1670273645117959
627,19.834041595458984,19.654770612874017,0.179270982584967
628,19.76490020751953,19.572349725478944,0.19255048204058767
629,19.700050354003903,19.4910442399987,0.2090061140052022
630,19.71006393432617,19.410787449032796,0.2992764852933725
631,19.549131393432617,19.519012248849776,0.030119144582840818
632,19.531965255737305,19.428294247575195,0.1036710081621095
633,19.46091651916504,19.35038643750886,0.11053008165617939
634,19.40298080444336,19.275701915489662,0.12727888895369688
635,19.34099197387696,19.202738579849665,0.13825339402729497
636,19.264936447143555,19.1313000331661,0.13363641397745596
637,19.19412612915039,19.06197817663724,0.1321479525131508
638,19.19102668762207,18.99391411015472,0.197112577467351
639,19.051074981689453,18.92655724370229,0.12451773798716204
640,19.068002700805664,18.860185073293678,0.20781762751198585
641,19.047975540161133,18.938774687171644,0.10920085298948834
642,18.898963928222656,18.868473383150786,0.030490545071870656
643,18.796920776367188,18.803156848889557,0.0062360725223697955
644,18.73183250427246,18.738682622540637,0.00685011826817572
645,18.64886283874512,18.6749668965831,0.026104057837979866
646,18.57805252075196,18.611737762171288,0.03368524141932738
647,18.52703094482422,18.548883306635844,0.021852361811625087
648,18.45002174377441,18.486129250817385,0.03610750704297416
649,18.45312118530273,18.423639146362802,0.0294820389399284
650,18.30291748046875,18.361155983541266,0.05823850307251632
651,18.290042877197266,18.279298722887916,0.010744154309350051
652,18.223047256469727,18.218213367930502,0.004833888539224063
653,18.14794540405273,18.154908214171428,0.006962810118697149
654,18.112897872924805,18.091107495536107,0.02179037738869738
655,18.049001693725582,18.026737562991002,0.022264130734580334
656,18.02611351013184,17.962144651647804,0.063968858484035
657,17.885923385620117,17.897370749921038,0.011447364300920526
658,17.887115478515625,17.831631453276486,0.055484025239138646
659,17.802953720092773,17.765456865447504,0.037496854645269195
660,17.753124237060547,17.698399674372922,0.05472456268762471
661,17.699003219604492,17.665205800994954,0.033797418609538
662,17.628908157348633,17.59685585774662,0.0320522996020145
663,17.57502555847168,17.528682672178775,0.04634288629290495
664,17.51112937927246,17.460604214505793,0.05052516476666824
665,17.457008361816406,17.39558024468124,0.06142811713516494
666,17.40407943725586,17.33370709902715,0.07037233822870803
667,17.328977584838867,17.27391652794097,0.0550610568978982
668,17.26508140563965,17.21691480025811,0.04816660538153883
669,17.197847366333008,17.161824984555096,0.036022381777911505
670,17.17400550842285,17.10716910557153,0.06683640285132242
671,17.095088958740234,17.0907380061891,0.004350952551135379
672,17.026901245117188,17.032718990648732,0.00581774553154446
673,16.963958740234375,16.974316492209596,0.010357751975220708
674,16.905784606933594,16.91924470782169,0.013460100888096349
675,16.822099685668945,16.863805990404046,0.04170630473510073
676,16.743898391723633,16.808002540962264,0.06410414923863073
677,16.694068908691406,16.754817272335742,0.06074836364433622
678,16.621112823486328,16.701507181295483,0.08039435780915483
679,16.547203063964844,16.6546469678579,0.10744390389305636
680,16.544818878173828,16.615645783531363,0.070826905357535
681,16.397953033447266,16.59174591026158,0.19379287681431379
682,16.4031982421875,16.607382361968348,0.20418411978084805
683,16.335010528564453,16.6762602925985,0.34124976403404617
684,16.288042068481445,16.89584082269846,0.6077987542170149
685,21.218061447143555,17.75801001696209,3.4600514301814655
686,21.11601829528809,19.778941528954874,1.3370767663332153
687,21.058082580566406,20.284187443678547,0.7738951368878588
688,20.977020263671875,20.26596379454304,0.7110564691288346
689,20.94101905822754,20.193412554874612,0.7476065033529267
690,20.8740234375,20.11165366224077,0.7623697752592307
691,20.80082893371582,20.61734621179312,0.18348272192270088
692,20.715951919555664,20.50332396322574,0.21262795632992493
693,20.630836486816406,20.419240131445804,0.2115963553706024
694,20.62392234802246,20.343151367853807,0.2807709801686542
695,20.514965057373047,20.271622749248763,0.2433423081242836
696,20.52021026611328,20.203101381525812,0.3171088845874692
697,20.4470157623291,20.13648879358243,0.3105269687466716
698,20.373106002807617,20.070571046176156,0.3025349566314617
699,20.335912704467773,20.004627225318927,0.3312854791488462
700,20.27106285095215,19.93763200101739,0.33343084993475713
701,20.282983779907227,20.11654768284643,0.16643609706079587
702,20.116090774536133,20.023447516280157,0.09264325825597552
703,20.152807235717773,19.9365792431081,0.2162279926096744
704,19.98186111450196,19.84933341282158,0.13252770168038097
705,19.989013671875,19.762356443834506,0.22665722804049437
706,19.92082595825196,19.677272678279678,0.24355327997228216
707,19.845962524414062,19.59439601341728,0.2515665109967813
708,19.76299285888672,19.51241058651476,0.2505822723719575
709,19.691944122314453,19.431596771823934,0.2603473504905196
710,19.61612701416016,19.351955585193537,0.26417142896662327
711,19.573211669921875,19.482639446152916,0.09057222376895879
712,19.50812339782715,19.398948747834766,0.10917464999238291
713,19.505023956298828,19.322564710876122,0.18245924542270586
714,19.35601234436035,19.248334611859264,0.10767773250108803
715,19.35410499572754,19.175641830599943,0.17846316512759586
716,19.287109375,19.105246560570777,0.18186281442922336
717,19.212007522583008,19.03621862294358,0.17578889963942856
718,19.160032272338867,18.96811561559275,0.19191665674611613
719,19.073963165283203,18.901008140005615,0.172955025277588
720,19.03104782104492,18.834984405714295,0.19606341533062377
721,18.951892852783203,18.9295301250354,0.022362727747804456
722,18.89801025390625,18.861294041499832,0.03671621240641798
723,18.81098747253418,18.79630020852119,0.014687264012991363
724,18.735170364379883,18.73199562891159,0.003174735468292056
725,18.735885620117188,18.66828515150587,0.06760046861131741
726,18.61500740051269,18.60502317131818,0.009984229194511585
727,18.59116554260254,18.542122494665136,0.04904304793740266
728,18.52107048034668,18.479363359602985,0.04170712074369476
729,18.45097541809082,18.416823478560218,0.03415193953060225
730,18.37897300720215,18.354313395747113,0.0246596114550357
731,18.323898315429688,18.321553628396714,0.0023446870329735248
732,18.251895904541016,18.259550115487855,0.007654210946839157
733,18.180131912231445,18.19719037828804,0.017058466056596444
734,18.121957778930664,18.134303246284844,0.012345467354180073
735,18.10884475708008,18.070915300853585,0.03792945622649668
736,17.95792579650879,18.006972702011126,0.04904690550233681
737,17.98701286315918,17.942918867731805,0.044093995427374466
738,17.889022827148438,17.878185430646454,0.010837396501983676
739,17.831087112426758,17.812834357528118,0.018252754898639978
740,17.75383949279785,17.746572068091382,0.007267424706469683
741,17.705917358398438,17.687556674246707,0.01836068415173031
742,17.616987228393555,17.620557217242094,0.0035699888485396514
743,17.568111419677734,17.552687601138928,0.0154238185388067
744,17.503976821899414,17.48488291470096,0.019093907198453053
745,17.428159713745117,17.41909307958167,0.009066634163445997
746,17.35711097717285,17.356640222914166,0.00047075425868570164
747,17.347097396850586,17.296783283043737,0.05031411380684858
748,17.20285415649414,17.239099751549247,0.036245595055106605
749,17.20285415649414,17.183829538041095,0.01902461845304515
750,17.14611053466797,17.129007906405036,0.01710262826293274
751,17.055034637451172,17.08465832079753,0.02962368334635812
752,16.981124877929688,17.02949595656378,0.048371078634090736
753,16.93415641784668,16.97156498124741,0.03740856340073151
754,16.95704460144043,16.91872637100289,0.03831823043753957
755,16.79396629333496,16.866270947367923,0.07230465403296193
756,16.7081356048584,16.813456675166094,0.10532107030769566
757,16.635894775390625,16.760443635227773,0.12454885983714803
758,16.587018966674805,16.707205288504667,0.12018632182986266
759,16.588926315307617,16.66194656060327,0.07302024529565188
760,16.448020935058594,16.622746989483517,0.17472605442492295
761,16.456127166748047,16.606017738496348,0.14989057174830123
762,16.39413833618164,16.644159430136085,0.2500210939544445
763,16.30091667175293,16.735119499699636,0.43420282794670584
764,16.24011993408203,16.989971652463964,0.7498517183819331
765,16.19100570678711,17.78041845497569,1.589412748188579
766,21.1489200592041,19.818346301519796,1.3305737576843057
767,21.02184295654297,20.3295146143887,0.6923283421542692
768,21.01588249206543,20.283208842727163,0.7326736493382668
769,20.941972732543945,20.203902208947966,0.7380705235959795
770,20.85590362548828,20.11979806019326,0.7361055652950199
771,20.7979679107666,20.621082842069427,0.17688506869717457
772,20.735979080200195,20.500764024404816,0.23521505579537916
773,20.668983459472656,20.410817390938973,0.25816606853368285
774,20.58911323547364,20.332189682733315,0.2569235527403251
775,20.535945892333984,20.26089877273307,0.275047119600913
776,20.51997184753418,20.19494276169098,0.3250290858431981
777,20.377159118652344,20.13122737434969,0.24593174430265208
778,20.38002014160156,20.069203036541694,0.31081710505986493
779,20.3249454498291,20.00889853064791,0.3160469191811899
780,20.251035690307617,19.94793440030662,0.3031012900009955
781,20.16901969909668,20.1238181122676,0.04520158682908004
782,20.1101303100586,20.042177058087418,0.06795325197118274
783,20.02096176147461,19.963425416335667,0.057536345138942124
784,19.97590065002441,19.88230955595327,0.09359109407114019
785,19.92392539978028,19.799748142816043,0.12417725696423787
786,19.841909408569336,19.71587526895746,0.1260341396118747
787,19.758939743041992,19.632080276835495,0.12685946620649702
788,19.681930541992188,19.5501940644931,0.13173647749908923
789,19.605159759521484,19.469401921242024,0.13575783827945997
790,19.611835479736328,19.389556887631443,0.22227859210488532
791,19.470930099487305,19.44447807244387,0.02645202704343319
792,19.488096237182617,19.35785123265532,0.13024500452729626
793,19.34599876403809,19.281863715320924,0.06413504871716569
794,19.33884620666504,19.20856277928351,0.13028342738152787
795,19.27804946899414,19.137220060997606,0.14082940799653443
796,19.208908081054688,19.067303932956747,0.1416041480979402
797,19.12784576416016,18.999228861446227,0.128616902713933
798,19.07491683959961,18.93209107970506,0.14282575989454926
799,18.996000289916992,18.8657075656522,0.1302927242647911
800,18.9208984375,18.800178380388388,0.12072005711161182
801,18.85199546813965,18.848547679453986,0.00344778868566209
802,18.85318756103516,18.78329514366328,0.06989241737187868
803,18.73183250427246,18.71916427418796,0.012668230084500465
804,18.7070369720459,18.655558598510424,0.05147837353547402
805,18.63408088684082,18.59234808799215,0.04173279884867043
806,18.571853637695312,18.529414396255106,0.04243924144020639
807,18.505096435546875,18.466680657411416,0.03841577813545882
808,18.4478759765625,18.40414297737425,0.04373299918825069
809,18.38397979736328,18.34164373028102,0.04233606708226034
810,18.293142318725582,18.279247083910377,0.01389523481520527
811,18.24212074279785,18.248087955555548,0.005967212757695961
812,18.14603805541992,18.18653141609161,0.04049336067169307
813,18.098115921020508,18.12363412560103,0.025518204580521342
814,18.10884475708008,18.06016694396817,0.04867781311191166
815,17.952919006347656,17.996242799711126,0.04332379336347003
816,17.961978912353516,17.932056397171436,0.029922515182079223
817,17.88496971130371,17.86712842505267,0.01784128625104131
818,17.81296730041504,17.801659682788795,0.011307617626243882
819,17.735958099365234,17.73529902533255,0.0006590740326828382
820,17.674922943115234,17.668637845957846,0.006285097157388009
821,17.628908157348633,17.60578322111428,0.0231249362343533
822,17.53997802734375,17.537741418649944,0.0022366086938063745
823,17.486095428466797,17.469911251339454,0.01618417712734299
824,17.42410659790039,17.40481227801638,0.019294319884011202
825,17.348051071166992,17.343506229920536,0.004544841246456599
826,17.333984375,17.283770683974353,0.05021369102564677
827,17.210960388183594,17.22712534989057,0.01616496170697701
828,17.19188690185547,17.17183972934322,0.020047172512249745
829,17.123937606811523,17.116903814724083,0.0070337920874408155
830,17.065048217773438,17.062168784192977,0.0028794335804605
831,17.016887664794922,17.016296779942763,0.0005908848521585242
832,16.924142837524414,16.961192911665535,0.037050074141120604
833,16.865015029907227,16.90829639804292,0.04328136813569472
834,16.795873641967773,16.855086579738554,0.05921293777078063
835,16.73293113708496,16.801782964734002,0.0688518276490413
836,16.656160354614258,16.748074787969358,0.0919144333551003
837,16.59703254699707,16.695984477301806,0.09895193030473592
838,16.544103622436523,16.65253501833064,0.10843139589411521
839,16.460180282592773,16.614258218808686,0.15407793621591281
840,16.475915908813477,16.587991248670164,0.1120753398566876
841,16.35289192199707,16.615326214449055,0.26243429245198513
842,16.349077224731445,16.73558585892465,0.3865086341932056
843,16.26300811767578,17.040792617805778,0.7777845001299966
844,21.1639404296875,18.039485279501832,3.1244551501856677
845,21.16703987121582,19.992830851151666,1.1742090200641542
846,21.028995513916016,20.369147275687283,0.659848238228733
847,21.01993560791016,20.314048317345623,0.7058872905645366
848,20.951032638549805,20.23323755020101,0.7177950883487938
849,20.87020874023437,20.147572719167783,0.7226360210665881
850,20.823001861572266,20.068120141786494,0.7548817197857716
851,20.72906494140625,20.57165265830463,0.15741228310162114
852,20.65300941467285,20.465236407858356,0.1877730068144956
853,20.59197425842285,20.38565583353602,0.20631842488683105
854,20.54095268249512,20.3115015845583,0.2294510979368205
855,20.557165145874023,20.24103452788495,0.3161306179890744
856,20.39504051208496,20.172432569495413,0.22260794258954775
857,20.39790153503418,20.104440797581447,0.29346073745273316
858,20.30801773071289,20.037034154540834,0.27098357617205693
859,20.244121551513672,19.968478247960775,0.2756433035528971
860,20.191192626953125,19.89834608275487,0.2928465441982553
861,20.11895179748535,20.044062134729757,0.07488966275559505
862,20.022869110107425,19.95052379874096,0.07234531136646538
863,19.999027252197266,19.862706384230933,0.13632086796633303
864,19.9270248413086,19.774949920645213,0.152074920663388
865,19.86098289489746,19.689175716564478,0.1718071783329833
866,19.766807556152344,19.605820586946265,0.16098696920607836
867,19.748926162719727,19.52354157975833,0.22538458296139652
868,19.6990966796875,19.442423687678456,0.2566729920090438
869,19.68097686767578,19.36250957635366,0.31846729132212204
870,19.517183303833008,19.28433019605791,0.2328531077750995
871,19.516944885253903,19.40649345641532,0.11045142883858361
872,19.453048706054688,19.328317800898276,0.12473090515641161
873,19.36006546020508,19.25421773051994,0.10584772968514145
874,19.2868709564209,19.181547636549112,0.10532331987178623
875,19.23203468322754,19.111419196121915,0.1206154871056242
876,19.147872924804688,19.042709219149856,0.10516370565483157
877,19.07205581665039,18.975045735686535,0.09701008096385522
878,19.004106521606445,18.908063378802353,0.09604314280409199
879,18.993139266967773,18.841926546684817,0.15121272028295607
880,18.94402503967285,18.77642512795319,0.1675999117196625
881,18.84603500366211,18.831146529180387,0.014888474481722369
882,18.79286766052246,18.763175751473682,0.029691909048779053
883,18.73397827148437,18.698830368606423,0.03514790287794867
884,18.65410804748535,18.63521487305775,0.0188931744276033
885,18.59712600708008,18.572058371830735,0.02506763524934641
886,18.53609085083008,18.509319553743353,0.02677129708672865
887,18.52083206176757,18.4469015745492,0.07393048721836948
888,18.37897300720215,18.384721134651727,0.005748127449578533
889,18.38397979736328,18.32253612343493,0.06144367392835193
890,18.332958221435547,18.260089869784224,0.07286835165132288
891,18.25118064880371,18.24121929431044,0.009961354493270846
892,18.180131912231445,18.177365412924473,0.0027664993069720367
893,18.10288429260254,18.114337924487245,0.011453631884705828
894,18.100976943969727,18.050898170770324,0.05007877319940235
895,17.997026443481445,17.987216983669896,0.009809459811549459
896,17.951011657714844,17.923179233662268,0.027832424052576243
897,17.900943756103516,17.858290541028055,0.04265321507546105
898,17.82083511352539,17.79299229204412,0.02784282148127204
899,17.771005630493164,17.727202202962644,0.04380342753051991
900,17.705202102661133,17.661039466702277,0.04416263595885539
901,17.627954483032227,17.62610730682468,0.0018471762075478182
902,17.559051513671875,17.55891390736508,0.00013760630679371388
903,17.518997192382812,17.49239867159247,0.026598520790344082
904,17.48490333557129,17.42692688178238,0.057976453788910476
905,17.37809181213379,17.363667017946227,0.014424794187561929
906,17.343997955322266,17.30319769059463,0.040800264727636204
907,17.294883728027344,17.244111949224816,0.05077177880252748
908,17.20881462097168,17.187738608640757,0.021076012330922822
909,17.08197593688965,17.132861274632205,0.05088533774255666
910,17.071008682250977,17.07755076579076,0.006542083539784471
911,17.00592041015625,17.03096682088301,0.02504641072675895
912,16.932964324951172,16.97782413324944,0.044859808298269854
913,16.849040985107422,16.925327864029782,0.0762868789223603
914,16.79682731628418,16.866126908482215,0.0692995921980355
915,16.720056533813477,16.81157401116451,0.091517477351033
916,16.69001579284668,16.759312487657496,0.06929669481081646
917,16.576051712036133,16.70686036553093,0.1308086534947961
918,16.560077667236328,16.66145531308416,0.10137764584783326
919,16.496896743774414,16.625215713553132,0.12831896977871793
920,16.45803451538086,16.59644675029881,0.13841223491795063
921,16.362905502319336,16.616946704822055,0.25404120250271944
922,16.288042068481445,16.714715712190298,0.4266736437088525
923,16.206979751586914,16.973490945801473,0.7665111942145586
924,21.183013916015625,17.72173033373292,3.4612835822827037
925,21.05903625488281,19.747617494488168,1.3114187603946412
926,21.05307579040528,20.36504934187633,0.6880264485289516
927,20.956993103027344,20.336077335855407,0.6209157671719367
928,20.90001106262207,20.25355181604027,0.6464592465817987
929,20.83897590637207,20.166104170471044,0.6728717359010261
930,20.764827728271484,20.085108180239786,0.6797195480316987
931,20.704030990600582,20.547022728408137,0.1570082621924449
932,20.637989044189453,20.446875957759403,0.19111308643005032
933,20.55597305297852,20.36889839274636,0.18707466023215957
934,20.48301696777344,20.295891036994362,0.1871259307790787
935,20.41101455688477,20.22620415215215,0.18481040473261956
936,20.41482925415039,20.158492077257506,0.2563371768928846
937,20.2789306640625,20.091567962367662,0.1873627016948376
938,20.26987075805664,20.024599150133326,0.24527160792331415
939,20.19906044006348,19.956925677490744,0.2421347625727357
940,20.106077194213867,19.88813003060841,0.21794716360545863
941,20.05791664123535,19.991520067662805,0.06639657357254691
942,20.008087158203125,19.904546146221946,0.1035410119811786
943,19.97590065002441,19.819676386134688,0.15622426388972244
944,19.68312263488769,19.734130748020107,0.051008113132414934
945,19.63210105895996,19.65010786716448,0.018006808204518165
946,19.537925720214844,19.567948391511436,0.030022671296592307
947,19.507884979248047,19.486951724047685,0.0209332552003616
948,19.427061080932617,19.406696964779258,0.020364116153359646
949,19.366025924682617,19.32790536631046,0.038120558372156665
950,19.301891326904297,19.250696460176187,0.051194866728110355
951,19.214868545532227,19.203653182330527,0.011215363201699802
952,19.15287971496582,19.130097606876006,0.022782108089813846
953,19.073963165283203,19.06026850321041,0.013694662072794017
954,19.09995079040528,18.991809271568627,0.10814151883665346
955,18.93305778503418,18.924851802978537,0.00820598205564238
956,18.9208984375,18.85902294233688,0.06187549516312174
957,18.867969512939453,18.79398204170002,0.07398747123943394
958,18.81098747253418,18.729466504169068,0.08152096836511191
959,18.73397827148437,18.665413685738486,0.06856458574588586
960,18.66698265075684,18.601863881741565,0.06511876901527458
961,18.598079681396484,18.596725549514304,0.001354131882180809
962,18.52083206176757,18.533759689233875,0.012927627466304159
963,18.46194267272949,18.471352884375847,0.009410211646358135
964,18.445968627929688,18.408984004537388,0.03698462339229991
965,18.30410957336425,18.346826082620282,0.04271650925603154
966,18.305063247680664,18.284577411549208,0.02048583613145638
967,18.2340145111084,18.22225712314207,0.01175738796632686
968,18.18084716796875,18.159328849264966,0.021518318703783734
969,18.100976943969727,18.095932099811307,0.005044844158419437
970,18.02706718444824,18.032044356800725,0.004977172352486292
971,17.95506477355957,17.971632001632543,0.016567228072972284
972,17.92311668395996,17.907185372507683,0.01593131145227744
973,17.854928970336914,17.842016982854147,0.012911987482766563
974,17.789840698242188,17.776740913234335,0.013099785007852915
975,17.724990844726562,17.710492845679937,0.01449799904662541
976,17.633914947509766,17.643722970490217,0.009808022980450914
977,17.585039138793945,17.576227779301234,0.008811359492710835
978,17.573118209838867,17.508216621607176,0.06490158823169168
979,17.435073852539062,17.441389350963732,0.006315498424669386
980,17.461061477661133,17.377604293329796,0.08345718433133698
981,17.299890518188477,17.343702034764874,0.04381151657639748
982,17.299175262451172,17.278960555543676,0.020214706907495383
983,17.230987548828125,17.222237762993586,0.00874978583453867
984,17.169952392578125,17.168376277723496,0.0015761148546289405
985,17.11893081665039,17.11350977943482,0.005421037215569413
986,17.0290470123291,17.056969416387346,0.027922404058244865
987,16.96491241455078,17.001489091498456,0.03657667694767497
988,16.88408851623535,16.947443229682335,0.06335471344698362
989,16.804933547973633,16.892903115127922,0.08796956715428905
990,16.81208610534668,16.83894025661914,0.026854151272459603
991,16.675949096679688,16.77636714885722,0.10041805217753108
992,16.669034957885742,16.730514869003343,0.061479911117601205
993,16.602039337158203,16.68843244614493,0.08639310898672647
994,16.543865203857422,16.644504988015285,0.10063978415786323
995,16.460180282592773,16.611074972132656,0.15089468953988217
996,16.391992568969727,16.58995877836844,0.19796620939871445
997,16.33906364440918,16.59947584192878,0.26041219751959943
998,16.277074813842773,16.70593103324336,0.42885621940058627
999,21.23403549194336,17.121074212411713,4.112961279531646
1000,21.17013931274414,18.948740840528444,2.2213984722156965
1001,21.098852157592773,21.082052989527256,0.016799168065517733
1002,21.03400230407715,20.8839150792528,0.15008722482434678
1003,20.96390724182129,20.716579734425977,0.24732750739531184
1004,20.905017852783203,20.591408545953982,0.31360930682922117
1005,20.83706855773925,20.487585757337,0.34948280040224944
1006,20.756006240844727,20.398383402380205,0.3576228384645219
1007,20.67899703979492,20.32083113937233,0.35816590042258767
1008,20.613908767700195,20.25054456515818,0.36336420254201585
1009,20.627975463867188,20.183854772710674,0.4441206911565132
1010,20.46489715576172,20.120130581346984,0.34476657441473435
1011,20.4617977142334,20.33990606975067,0.12189164448273004
1012,20.4010009765625,20.258195599240025,0.14280537732247467
1013,20.32184600830078,20.18029320703363,0.14155280126715297
1014,20.245790481567383,20.101627235192154,0.14416324637522848
1015,20.190000534057617,20.021691113811357,0.16830942024625983
1016,20.153045654296875,19.940690044336407,0.21235560996046843
1017,20.056962966918945,19.85863655556841,0.19832641135053564
1018,19.97995376586914,19.77542025861112,0.2045335072580201
1019,19.91605758666992,19.69262587749654,0.2234317091733793
1020,19.84214782714844,19.611070493226634,0.23107733392180663
1021,19.83499526977539,19.70091486458614,0.1340804051892519
1022,19.71912384033203,19.61098990256005,0.10813393777198144
1023,19.706010818481445,19.527454629098884,0.17855618938256157
1024,19.644975662231445,19.445766845876733,0.19920881635471233
1025,19.54483985900879,19.365779932059013,0.17905992694977613
1026,19.47498321533203,19.28889745198603,0.18608576334600002
1027,19.42110061645508,19.21521692713668,0.2058836893184015
1028,19.34814453125,19.143861680049667,0.20428285120033252
1029,19.320964813232425,19.073745091191086,0.2472197220413399
1030,19.208908081054688,19.005068637227396,0.2038394438272917
1031,19.186973571777344,19.11719497343256,0.06977859834478295
1032,19.11592483520508,19.04696562536401,0.06895920984107207
1033,19.04606819152832,18.979206313503028,0.06686187802529275
1034,18.97001266479492,18.91255427676697,0.05745838802794978
1035,18.91493797302246,18.846797880001986,0.06814009302047452
1036,18.85294914245605,18.78166572228679,0.07128342016926226
1037,18.78809928894043,18.71709803785393,0.0710012510864999
1038,18.7380313873291,18.65314663498907,0.0848847523400309
1039,18.690824508666992,18.589564154524396,0.10126035414259604
1040,18.61095428466797,18.526329094328275,0.08462519033969329
1041,18.51415634155273,18.53851132170803,0.024354980155298023
1042,18.46194267272949,18.475457759819847,0.01351508709035798
1043,18.35298538208008,18.413142550656403,0.06015716857632114
1044,18.313884735107425,18.35106352632465,0.03717879121722589
1045,18.320083618164062,18.288959444390684,0.03112417377337806
1046,18.20707321166992,18.22672787344004,0.019654661770122317
1047,18.13483238220215,18.16421254207512,0.02938015987297149
1048,18.103837966918945,18.101027935699676,0.002810031219269149
1049,18.01586151123047,18.0373552140054,0.0214937027749329
1050,17.947912216186523,17.973311368905343,0.025399152718819096
1051,17.904996871948242,17.8906588679979,0.014338003950342681
1052,17.827987670898438,17.825436638361225,0.00255103253721245
1053,17.843961715698242,17.759150984403504,0.0848107312947377
1054,17.6849365234375,17.692508259614215,0.007571736176714694
1055,17.681121826171875,17.62550863330148,0.05561319287039623
1056,17.625093460083008,17.55767076247139,0.06742269761161879
1057,17.53520965576172,17.489167510717607,0.04604214504411175
1058,17.464876174926758,17.422897263799086,0.04197891112767138
1059,17.388105392456055,17.360714961512258,0.027390430943796673
1060,17.320871353149414,17.30077666908869,0.02009468406072301
1061,17.25292205810547,17.270538322961215,0.017616264855746522
1062,17.187833786010742,17.21401006544454,0.0261762794337983
1063,17.123937606811523,17.15818079651399,0.034243189702465315
1064,17.0590877532959,17.101934775638483,0.04284702234258475
1065,17.040014266967773,17.045551530529224,0.005537263561450345
1066,16.948938369750977,16.990514623614672,0.041576253863695456
1067,16.911983489990234,16.93787791330692,0.02589442331668579
1068,16.77703857421875,16.88447258644743,0.10743401222867988
1069,16.726970672607422,16.831592834329,0.10462216172157923
1070,16.644954681396484,16.778237834309095,0.13328315291261106
1071,16.642093658447266,16.700430550940837,0.05833689249357121
1072,16.522884368896484,16.67636598319433,0.15348161429784568
1073,16.530990600585938,16.65605116710367,0.12506056651773179
1074,16.464948654174805,16.641326820582947,0.17637816640814208
1075,16.38317108154297,16.644293691477685,0.26112260993471637
1076,16.309022903442383,16.680197595327684,0.37117469188530094
1077,16.228914260864258,16.84905785609203,0.6201435952277734
1078,21.218061447143555,17.413042769149456,3.8050186779940987
1079,21.14295959472656,19.248253682576433,1.8947059121501262
1080,21.08097076416016,20.148178503632153,0.9327922605280072
1081,20.99895477294922,20.903964208571324,0.09499056437789477
1082,20.940065383911133,20.7334153955685,0.20664998834263315
1083,20.88308334350586,20.605224427413305,0.27785891609255486
1084,20.80512046813965,20.49771749403817,0.3074029741014783
1085,20.72715759277344,20.40856660875079,0.3185909840226522
1086,20.732879638671875,20.329547460164576,0.4033321785072985
1087,20.581960678100582,20.25767480745344,0.32428587064714165
1088,20.579099655151367,20.190390743493936,0.3887089116574316
1089,20.51091194152832,20.126294074259476,0.38461786726884384
1090,20.43318748474121,20.064071984563725,0.36911550017748596
1091,20.35784721374512,20.289497623650732,0.0683495900943889
1092,20.32089233398437,20.20464479437578,0.11624753960859024
1093,20.23601531982422,20.125733325755846,0.11028199406837302
1094,20.172119140625,20.04549515868348,0.12662398194152047
1095,20.122051239013672,19.963830401366067,0.15822083764760464
1096,20.05195617675781,19.880968297002255,0.17098787975555396
1097,19.96612548828125,19.79713267093075,0.16899281735049954
1098,19.92082595825196,19.71306170656817,0.2077642516837912
1099,19.843101501464844,19.63049589141974,0.21260561004510237
1100,19.83904838562012,19.548929332813714,0.29011905280640704
1101,19.697904586791992,19.650896843018018,0.04700774377397465
1102,19.693851470947266,19.556949458603867,0.13690201234339838
1103,19.61207389831543,19.474519428570147,0.1375544697452824
1104,19.541025161743164,19.394256542511812,0.1467686192313522
1105,19.49501037597656,19.317200352304553,0.1778100236720057
1106,19.42896842956543,19.24303594483945,0.18593248472598134
1107,19.35005187988281,19.170947593579513,0.17910428630329633
1108,19.264936447143555,19.10031326048056,0.16462318666299325
1109,19.196033477783203,19.03131647554801,0.16471700223519292
1110,19.192934036254883,18.96324140403749,0.2296926322173931
1111,19.057035446166992,19.060616600711455,0.003581154544463061
1112,19.049882888793945,18.98833574611558,0.06154714267836425
1113,19.010066986083984,18.92144430769349,0.08862267839049309
1114,18.930912017822266,18.85543970522008,0.07547231260218723
1115,18.85700225830078,18.79026674424722,0.06673551405356193
1116,18.799781799316406,18.725709387609868,0.07407241170653833
1117,18.75591278076172,18.6617850740447,0.09412770671701765
1118,18.658876419067383,18.598383414655473,0.06049300441191008
1119,18.58305931091309,18.535330529999783,0.04772878091330668
1120,18.496036529541016,18.47246727044194,0.02356925909907659
1121,18.43404769897461,18.458937858326863,0.02489015935225325
1122,18.440961837768555,18.398189426534373,0.04277241123418207
1123,18.30911636352539,18.33612801024742,0.02701164672203049
1124,18.294811248779297,18.273901349232347,0.020909899546950328
1125,18.24498176574707,18.211466439225887,0.03351532652118294
1126,18.165111541748047,18.148602333127428,0.016509208620618665
1127,18.077850341796875,18.08506912132657,0.007218779529694075
1128,18.04494857788086,18.02095755297728,0.023991024903580183
1129,17.963886260986328,17.956623852370512,0.00726240861581573
1130,17.904996871948242,17.89187213000787,0.013124741940373497
1131,17.876148223876953,17.838123234639625,0.038024989237328555
1132,17.74883270263672,17.77236954680461,0.023536844167892923
1133,17.747879028320312,17.706063237255876,0.04181579106443678
1134,17.68183708190918,17.639298272001724,0.04253880990745529
1135,17.614126205444336,17.57174636259151,0.04237984285282437
1136,17.538070678710938,17.5036320962505,0.03443858246043874
1137,17.518997192382812,17.436986323914994,0.08201086846781891
1138,17.37499237060547,17.373384203708042,0.0016081668974265995
1139,17.340898513793945,17.313221493367337,0.02767702042660858
1140,17.25602149963379,17.254551318785616,0.001470180848173186
1141,17.261028289794922,17.220108882654017,0.040919407140904696
1142,17.114877700805664,17.16379014393965,0.04891244313398602
1143,17.126083374023438,17.109208760530237,0.01687461349320074
1144,16.9980525970459,17.052763802610116,0.05471120556421738
1145,16.99090003967285,16.99625526948978,0.005355229816927931
1146,16.9219970703125,16.943151353416397,0.021154283103896887
1147,16.83497428894043,16.889531216875753,0.054556927935323074
1148,16.766071319580078,16.836350942838862,0.07027962325878434
1149,16.70694351196289,16.783508057564234,0.07656454560134307
1150,16.642093658447266,16.730120381076574,0.08802672262930855
1151,16.576051712036133,16.671030830273992,0.09497911823785898
1152,16.501903533935547,16.645465599978593,0.1435620660430459
1153,16.453027725219727,16.62652628540684,0.17349856018711307
1154,16.38507843017578,16.61945051800018,0.2343720878243971
1155,16.417980194091797,16.6428594823671,0.22487928827530368
1156,16.273975372314453,16.77226282366462,0.4982874513501656
1157,16.24584197998047,17.19010265796328,0.9442606779828111
1158,21.16703987121582,18.81057440706968,2.35646546414614
1159,21.08979225158692,20.076523581167294,1.0132686704196274
1160,21.02804183959961,20.218130186378858,0.8099116532207518
1161,21.00086212158203,20.83138012312702,0.16948199845501222
1162,20.911216735839844,20.67689187867927,0.23432485716057272
1163,20.850181579589844,20.554474317521,0.295707262068845
1164,20.758867263793945,20.45136092993971,0.307506333854235
1165,20.68400382995605,20.364155056370237,0.3198487735858144
1166,20.615816116333008,20.28737788594981,0.32843823038319897
1167,20.63584327697754,20.21801742716889,0.4178258498086507
1168,20.48778533935547,20.153228964943537,0.33455637441193176
1169,20.4770565032959,20.09167394925271,0.3853825540431899
1170,20.388126373291016,20.03186382307831,0.3562625502127048
1171,20.366907119750977,20.25519207313664,0.11171504661433573
1172,20.28393745422364,20.17394178210452,0.10999567211911909
1173,20.215988159179688,20.09840259268003,0.11758556649965612
1174,20.14303207397461,20.021380264097388,0.12165180987722124
1175,20.071983337402344,19.942277477298376,0.129705860103968
1176,20.071983337402344,19.861379347162256,0.21060399024008802
1177,19.932031631469727,19.779228675531613,0.15280295593811388
1178,19.92583274841309,19.695895894585647,0.2299368538274429
1179,19.849061965942383,19.613667002602142,0.2353949633402408
1180,19.767045974731445,19.532492900225407,0.23455307450603868
1181,19.703149795532227,19.62357423673211,0.07957555880011569
1182,19.63496208190918,19.534585548626637,0.10037653328254237
1183,19.59395408630371,19.452833766933963,0.14112031936974745
1184,19.498825073242188,19.37307000122246,0.1257550720197287
1185,19.443988800048828,19.29621731937914,0.14777148066968948
1186,19.395112991333008,19.22247042574554,0.17264256558746638
1187,19.330978393554688,19.150737621544067,0.18024077201062028
1188,19.31190490722656,19.08051132102173,0.23139358620482753
1189,19.181013107299805,19.011688754147826,0.16932435315197836
1190,19.171953201293945,18.943930119519337,0.22802308177460873
1191,19.10686492919922,19.04660364459687,0.06026128460234759
1192,19.012928009033203,18.97496345193872,0.0379645570944831
1193,18.976926803588867,18.908336303496753,0.06859050009211387
1194,18.9058780670166,18.84262832885497,0.06324973816163038
1195,18.815040588378903,18.77781447041116,0.03722611796774444
1196,18.756866455078125,18.71360165580427,0.043264799273856624
1197,18.698930740356445,18.64997820277381,0.04895253758263607
1198,18.627166748046875,18.58660837331172,0.04055837473515567
1199,18.56708526611328,18.523643190263783,0.043442075849497996
1200,18.55111122131348,18.460816670568647,0.09029455074483295
1201,18.412113189697266,18.453354076427786,0.04124088673052029
1202,18.41115951538086,18.389160055022558,0.021999460358301803
1203,18.342018127441406,18.32686330044453,0.015154826996877091
1204,18.275022506713867,18.26454944574607,0.01047306096779721
1205,18.193960189819336,18.20213536063875,0.008175170819413324
1206,18.12386512756348,18.139226895812044,0.015361768248563834
1207,18.08810234069824,18.075899054764477,0.01220328593376152
1208,18.037080764770508,18.012026549484972,0.025054215285535975
1209,17.940044403076172,17.94806955945205,0.008025156375879305
1210,17.877817153930664,17.883523377150823,0.00570622322015879
1211,17.79794692993164,17.81920576081575,0.021258830884107738
1212,17.805099487304688,17.753462908700612,0.05163657860407511
1213,17.64702796936035,17.687001851527384,0.03997388216703257
1214,17.663002014160156,17.620085694119325,0.042916320040831124
1215,17.616987228393555,17.552126260056866,0.06486096833668853
1216,17.528057098388672,17.483978386053423,0.04407871233524929
1217,17.473936080932617,17.418348293148256,0.05558778778436135
1218,17.377138137817383,17.35602250222712,0.021115635590263082
1219,17.306089401245117,17.296418339384445,0.009671061860672125
1220,17.322063446044922,17.239212934029524,0.08285051201539773
1221,17.180919647216797,17.21595787074648,0.035038223529682
1222,17.202138900756836,17.156720259990266,0.045418640766570206
1223,17.116069793701172,17.0976975858963,0.018372207804873142
1224,17.017126083374023,17.0444640644547,0.02733798108067731
1225,16.949892044067383,16.988075486139564,0.038183442072181606
1226,16.915082931518555,16.933937436050428,0.018854504531873317
1227,16.841888427734375,16.879185093763738,0.03729666602936277
1228,16.7849063873291,16.82454559534108,0.039639208011976734
1229,16.69597625732422,16.771112713584557,0.07513645626033849
1230,16.622066497802734,16.71775703633216,0.09569053852942488
1231,16.564130783081055,16.65490880287024,0.09077801978918387
1232,16.498088836669922,16.629791646522563,0.1317028098526407
1233,16.42298698425293,16.609502734574733,0.1865157503218029
1234,16.422033309936523,16.603946930842994,0.1819136209064709
1235,16.2811279296875,16.640182678614224,0.35905474892672373
1236,16.312122344970703,16.801748891474233,0.4896265465035299
1237,21.20494842529297,17.409159179422318,3.795789245870651
1238,21.129131317138672,19.47909819745064,1.6500331196880325
1239,21.08597755432129,20.198465725115966,0.887511829205323
1240,21.06785774230957,20.201304006491227,0.8665537358183428
1241,21.038055419921875,20.78306534127705,0.25499007864482337
1242,20.87998390197754,20.63800722066844,0.24197668130909733
1243,20.853042602539062,20.529954437904507,0.32308816463455514
1244,20.80297470092773,20.439948885211834,0.363025815715897
1245,20.68400382995605,20.36010486744999,0.32389896250606043
1246,20.64204216003418,20.2870484123423,0.3549937476918785
1247,20.576953887939453,20.218722087577135,0.3582318003623186
1248,20.5078125,20.15327874153172,0.3545337584682784
1249,20.44010162353516,20.08988233069431,0.3502192928408512
1250,20.36094665527344,20.026944744870434,0.334001910403007
1251,20.370006561279297,20.233215201528765,0.13679135975053214
1252,20.21503448486328,20.14728421812606,0.06775026673722095
1253,20.19691467285156,20.064669980854433,0.1322446919971263
1254,20.154953002929688,19.981246789370743,0.173706213558944
1255,20.1101303100586,19.896985184061577,0.2131451259970234
1256,20.03812789916992,19.811825907083858,0.22630199208606072
1257,19.9739933013916,19.727269028408045,0.24672427298355615
1258,19.875049591064453,19.64430330747291,0.23074628359154303
1259,19.82998847961425,19.562511230446944,0.26747724916730675
1260,19.776105880737305,19.48177631334147,0.2943295673958346
1261,19.696950912475582,19.61152694792645,0.08542396454913259
1262,19.63019371032715,19.520912224606946,0.10928148572020291
1263,19.607067108154297,19.439411696168918,0.16765541198537903
1264,19.5009708404541,19.36115883614775,0.13981200430635
1265,19.49501037597656,19.286051043820862,0.20895933215569684
1266,19.395112991333008,19.21275789595711,0.18235509537589678
1267,21.865129470825195,19.14103457301053,2.724094897814666
1268,19.301891326904297,19.07137206853804,0.23051925836625742
1269,19.23799514770508,19.00271440777601,0.2352807399290704
1270,19.16790008544922,18.93507564329866,0.23282444215055875
1271,19.10400390625,19.28102597872794,0.17702207247793922
1272,19.01698112487793,19.22009537139502,0.20311424651708876
1273,18.948793411254883,19.149746491791575,0.20095308053669214
1274,18.902063369750977,19.082253162991947,0.18018979324097018
1275,18.860816955566406,19.016855530139765,0.15603857457335835
1276,18.771886825561523,18.951722695192075,0.17983586963055131
1277,18.77117156982422,18.88520356533263,0.11403199550841236
1278,18.62812042236328,18.817024707942664,0.1889042855793832
1279,18.620967864990234,18.749960913851282,0.128993048861048
1280,18.52297782897949,18.684816227334977,0.16183839835548852
1281,18.47100257873535,18.472700746343662,0.0016981676083105413
1282,18.40496063232422,18.409460437595726,0.0044998052715072845
1283,18.35799217224121,18.345943648682805,0.012048523558405577
1284,18.2790756225586,18.282707064713577,0.0036314421549761278
1285,18.20588111877441,18.22021611371838,0.014334994943968837
1286,18.125057220458984,18.157633059104228,0.03257583864524349
1287,18.08500289916992,18.094335524210692,0.009332625040773479
1288,17.998933792114258,18.030362111289833,0.03142831917557487
1289,18.00704002380371,17.965287179720235,0.04175284408347579
1290,17.86184310913086,17.89954331175636,0.03770020262550133
1291,17.862796783447266,17.82160333314664,0.041193450300625045
1292,17.783164978027344,17.755189343631628,0.027975634395716042
1293,17.70615577697754,17.687367895689476,0.018787881288062636
1294,17.66204833984375,17.618808095022587,0.04324024482116329
1295,17.615079879760742,17.548749240233974,0.06633063952676821
1296,17.52185821533203,17.476977749126377,0.04488046620565456
1297,17.470121383666992,17.406605843618195,0.06351554004879745
1298,17.3799991607666,17.35437606538426,0.02562309538234331
1299,17.316102981567383,17.294950945881737,0.021152035685645387
1300,17.24386215209961,17.2393547295826,0.004507422517008308
1301,17.232894897460938,17.206578623998325,0.026316273462612116
1302,17.122983932495117,17.152202018763774,0.029218086268656407
1303,17.099857330322266,17.096649822576637,0.0032075077456283907
1304,17.02284812927246,17.04130833034867,0.01846020107620916
1305,16.957998275756836,16.985468479660426,0.027470203903590118
1306,16.88408851623535,16.93255859069609,0.04847007446073803
1307,16.826868057250977,16.87932104818657,0.05245299093559197
1308,16.72196388244629,16.827058297195663,0.10509441474937375
1309,16.68405532836914,16.774877914606634,0.0908225862374934
1310,16.65782928466797,16.72085283536262,0.06302355069465193
1311,16.6170597076416,16.6689408484757,0.051881140834098005
1312,16.468048095703125,16.642746807811193,0.17469871210806787
1313,16.4639949798584,16.629007072680224,0.16501209282182572
1314,16.391992568969727,16.627348530306563,0.23535596133683612
1315,16.335010528564453,16.665270417675515,0.33025988911106197
1316,16.27206802368164,16.84070101877211,0.5686329950904678
1317,21.191835403442383,17.40378059896841,3.7880548044739726
1318,21.17204666137696,19.31827816781606,1.8537684935608993
1319,21.04496955871582,20.18149495609123,0.8634746026245921
1320,21.028995513916016,20.195822148082243,0.8331733658337726
1321,20.96700668334961,20.762584476244683,0.2044222071049262
1322,20.893096923828125,20.618102680487027,0.2749942433410979
1323,20.83611488342285,20.51094824662414,0.3251666367987127
1324,20.746946334838867,20.42020552636359,0.32674080847527875
1325,20.68305015563965,20.340736356786238,0.34231379885341084
1326,20.61605453491211,20.268288733689133,0.34776580122297673
1327,20.535945892333984,20.200524173276335,0.33542171905764917
1328,20.46799659729004,20.13568932062526,0.33230727666477833
1329,20.41101455688477,20.07282893930551,0.3381856175792599
1330,20.41292190551757,20.01079681332385,0.40212509219372095
1331,20.25699615478516,20.235757532304888,0.021238622480272085
1332,20.29895782470703,20.14405754391646,0.15490028079057083
1333,20.130157470703125,20.06192854372557,0.06822892697755378
1334,20.126819610595703,19.97884532295302,0.1479742876426826
1335,20.084142684936523,19.894754380231916,0.18938830470460744
1336,19.968032836914062,19.80979183929321,0.15824099762085098
1337,19.913196563720703,19.72506226633186,0.18813429738884224
1338,19.83499526977539,19.64203356277494,0.19296170700044968
1339,19.773006439208984,19.560172069418513,0.2128343697904711
1340,19.705772399902344,19.47944324740547,0.22632915249687358
1341,19.63496208190918,19.564042791728298,0.07091929018088194
1342,19.64092254638672,19.4766980854979,0.1642244608888177
1343,19.5009708404541,19.39622254843698,0.10474829201712055
1344,19.501924514770508,19.319192770296922,0.18273174447358542
1345,19.35291290283203,19.244991792277233,0.10792111055479836
1346,19.36197280883789,19.172859420905297,0.18911338793259347
1347,19.2868709564209,19.10217361813693,0.18469733828396784
1348,19.207000732421875,19.03327537053201,0.17372536188986487
1349,19.15597915649414,18.965227557629305,0.19075159886483561
1350,19.07205581665039,18.898305813053184,0.17375000359720616
1351,18.99409294128418,18.98451852517269,0.009574416111490791
1352,18.98407936096192,18.916584656636815,0.06749470432510662
1353,18.85700225830078,18.850691797524632,0.00631046077614883
1354,18.84913444519043,18.785763317481496,0.06337112770893327
1355,18.723011016845703,18.721465002272453,0.0015460145732504316
1356,18.784046173095703,18.657703393813563,0.12634277928214033
1357,18.604040145874023,18.594323067247842,0.009717078626181319
1358,18.589019775390625,18.531329779051475,0.05768999633914973
1359,18.54681968688965,18.46850596828631,0.07831371860334002
1360,18.440961837768555,18.40587127469462,0.03509056307393621
1361,18.397092819213867,18.38919814935025,0.00789466986361731
1362,18.316030502319336,18.3276407633457,0.011610261026362423
1363,18.265962600708008,18.265557844927116,0.00040475578089171904
1364,18.21303367614746,18.20328157663198,0.00975209951548095
1365,18.12005043029785,18.140523965342936,0.020473535045084645
1366,18.085956573486328,18.077271805026385,0.00868476845994337
1367,18.06187629699707,18.013328021027064,0.048548275970006216
1368,18.004894256591797,17.949318376167867,0.05557588042393036
1369,17.919063568115234,17.8846017005867,0.03446186752853464
1370,17.852067947387695,17.819273145448733,0.03279480193896234
1371,17.8070068359375,17.779333867139258,0.027672968798242437
1372,17.71402359008789,17.713157755537168,0.000865834550722866
1373,17.731904983520508,17.646926618795078,0.08497836472542986
1374,17.575979232788086,17.57982456106788,0.0038453282797945576
1375,17.580032348632812,17.512567332445883,0.06746501618692946
1376,17.506122589111328,17.445590224113516,0.06053236499781178
1377,17.431974411010742,17.381833525590196,0.05014088542054651
1378,17.35997200012207,17.320780677792413,0.03919132232965694
1379,17.333984375,17.261484571079677,0.07249980392032285
1380,17.251014709472656,17.204816549707402,0.04619815976525388
1381,17.161846160888672,17.184485014439588,0.022638853550915883
1382,17.10796356201172,17.126799789863867,0.018836227852148113
1383,17.04692840576172,17.07262161374956,0.02569320798784247
1384,16.981840133666992,17.01653541974224,0.03469528607524808
1385,16.897916793823242,16.959624610521473,0.061707816698231
1386,16.830921173095703,16.904527853185414,0.07360668008971061
1387,16.785860061645508,16.848727281981724,0.06286722033621572
1388,16.71910285949707,16.794842389863618,0.07573953036654757
1389,16.698122024536133,16.741722558826666,0.04360053429053323
1390,16.64590835571289,16.688222673380437,0.042314317667546675
1391,16.549110412597656,16.642427323382947,0.09331691078529047
1392,16.47782325744629,16.61928218339881,0.14145892595252008
1393,16.404151916503906,16.606011939693133,0.20186002318922647
1394,16.340017318725586,16.624626055687486,0.2846087369618999
1395,16.282081604003906,16.719029556185205,0.4369479521812991
1396,16.206026077270508,17.01558517790147,0.8095591006309633
1397,21.19302749633789,18.133322275019736,3.059705221318154
1398,21.121978759765625,19.909745260065392,1.2122334997002326
1399,21.05188369750977,20.230070133834488,0.8218135636752812
1400,20.915985107421875,20.186298904775413,0.7296862026464623
1401,20.917177200317383,20.721394857446285,0.19578234287109808
1402,20.838022232055664,20.59044721443115,0.24757501762451284
1403,20.768165588378903,20.486805246889617,0.281360341489286
1404,20.708799362182617,20.397202647529866,0.31159671465275096
1405,20.634174346923828,20.3201735466223,0.3140008003015282
1406,20.55501937866211,20.24944236927695,0.30557700938516064
1407,20.554065704345703,20.183059024532213,0.37100667981349034
1408,20.444869995117188,20.119920977890615,0.3249490172265723
1409,20.4160213470459,20.05835174031745,0.35766960672845016
1410,20.28989791870117,19.997677804099112,0.2922201146020562
1411,20.325899124145508,20.188045487373074,0.13785363677243367
1412,20.23792266845703,20.10932398246723,0.1285986859898003
1413,20.151853561401367,20.03146594898908,0.12038761241228713
1414,20.11394500732422,19.95149562736742,0.1624493799567972
1415,20.016908645629883,19.869845430548594,0.14706321508128894
1416,20.01309394836425,19.786977569708597,0.2261163786556537
1417,19.866943359375,19.703182238970385,0.1637611204046152
1418,19.861936569213867,19.620684147071188,0.24125242214267928
1419,19.80209350585937,19.539343445501345,0.2627500603580266
1420,19.758939743041992,19.459230566440056,0.29970917660193663
1421,19.60015296936035,19.58238935856116,0.017763610799192975
1422,19.6230411529541,19.491497985768547,0.13154316718555492
1423,19.53887939453125,19.410874812024304,0.12800458250694646
1424,19.47903633117676,19.333497274999445,0.14553905617731644
1425,19.40202713012696,19.2591073491144,0.14291978101255864
1426,19.33884620666504,19.186457233502097,0.15238897316294242
1427,19.305944442749023,19.11533224546247,0.19061219728655487
1428,19.27518844604492,19.04613093631724,0.2290575097276779
1429,19.093036651611328,18.977892821084197,0.11514383052713129
1430,19.084930419921875,18.910636862273122,0.17429355764875254
1431,19.02008056640625,18.989050057086843,0.03103050931940743
1432,19.00887489318848,18.920172972997307,0.0887019201911734
1433,18.882036209106445,18.85432379538088,0.027712413725566876
1434,18.864154815673828,18.789314724671158,0.0748400910026703
1435,18.800020217895508,18.724931586092453,0.07508863180305525
1436,18.741130828857425,18.66103994899504,0.08009087986238583
1437,18.659114837646484,18.597618819171657,0.061496018474827
1438,18.597841262817383,18.5343849441324,0.06345631868498458
1439,18.533945083618164,18.471616497123478,0.06232858649468653
1440,18.66483688354492,18.409035982131172,0.2558009014137461
1441,18.481969833374023,18.459748505620155,0.022221327753868536
1442,18.38898658752441,18.390118338999173,0.0011317514747624102
1443,18.33796501159668,18.327982935062437,0.009982076534242879
1444,18.268823623657227,18.2661248578313,0.002698765825925875
1445,18.19896697998047,18.20421141684392,0.005244436863449664
1446,18.13507080078125,18.141913815725275,0.006843014944024617
1447,18.05901527404785,18.07925914377506,0.02024386972721004
1448,17.99607276916504,18.016134980399556,0.020062211234517235
1449,17.932891845703125,17.952793594702143,0.01990174899901831
1450,17.879009246826172,17.888880116856853,0.009870870030681544
1451,17.7919864654541,17.814049312619318,0.022062847165216226
1452,17.734050750732422,17.748233319395013,0.014182568662590711
1453,17.657041549682617,17.681866566846338,0.024825017163720986
1454,17.665863037109375,17.614963954088125,0.05089908302124968
1455,17.518043518066406,17.54781584455145,0.029772326485044687
1456,17.529010772705078,17.480552605491084,0.048458167213993875
1457,17.41504669189453,17.415734598998256,0.0006879071037246831
1458,17.422914505004883,17.35412142596715,0.06879307903773224
1459,17.33708381652832,17.29501274334666,0.04207107318165981
1460,17.266035079956055,17.237808099878293,0.028226980077761255
1461,17.17400550842285,17.19695227204454,0.02294676362168957
1462,17.117977142333984,17.143799679885774,0.025822537551789537
1463,17.052173614501953,17.0893084530519,0.037134838549945925
1464,16.973018646240234,17.032882542295624,0.05986389605538989
1465,16.917943954467773,16.977677427760796,0.059733473293022143
1466,16.856908798217773,16.922738465595444,0.06582966737767038
1467,16.782045364379883,16.867231136060923,0.08518577168104002
1468,16.79205894470215,16.81389171238834,0.0218327676861918
1469,16.655921936035156,16.761005399580142,0.10508346354498599
1470,16.649961471557617,16.709120713628067,0.05915924207045009
1471,16.53003692626953,16.652866523635623,0.122829597366092
1472,16.499042510986328,16.627421756069793,0.12837924508346532
1473,16.429901123046875,16.610133449660225,0.18023232661334987
1474,16.375064849853516,16.61951447414367,0.24444962429015504
1475,16.29495620727539,16.683510659007084,0.388554451731693
1476,16.234874725341797,16.94154698964212,0.7066722643003231
1477,21.213054656982425,17.99556285828885,3.217491798693576
1478,21.129131317138672,19.85287262982638,1.2762586873122927
1479,21.05998992919922,20.22501730220938,0.8349726269898383
1480,21.007061004638672,20.19067281082698,0.8163881938116901
1481,20.92719078063965,20.7514372294213,0.17575355121834946
1482,20.83992958068848,20.610070703128258,0.22985887756022194
1483,20.814180374145508,20.504041152435093,0.31013922171041486
1484,20.74790000915528,20.415504517018235,0.3323954921370458
1485,20.74003219604492,20.335999792735038,0.40403240330988055
1486,20.576953887939453,20.265214098174056,0.3117397897653973
1487,20.56503295898437,20.19785012078046,0.36718283820391306
1488,20.489931106567383,20.13362037536126,0.356310731206122
1489,20.509004592895508,20.07062082276434,0.4383837701311677
1490,20.33209800720215,20.009032284065142,0.323065723137006
1491,20.34282684326172,20.225923439284088,0.11690340397763066
1492,20.27297019958496,20.144441873355845,0.12852832622911592
1493,20.23601531982422,20.063458073309448,0.17255724651477067
1494,20.16305923461914,19.980877697662436,0.1821815369567048
1495,20.084857940673828,19.897008209966316,0.1878497307075122
1496,19.98305320739746,19.81229590643352,0.17075730096394182
1497,20.016908645629883,19.727339460587245,0.2895691850426374
1498,19.85001564025879,19.64410081495771,0.20591482530107896
1499,19.85406875610352,19.562264379203498,0.29180437690002137
1500,19.763946533203125,19.481312747700485,0.2826337855026395
1501,19.746065139770508,19.608839350780727,0.137225788989781
1502,19.64902877807617,19.5191774935779,0.12985128449826888
1503,19.580841064453125,19.437618723145533,0.1432223413075917
1504,19.49596405029297,19.35925107221692,0.13671297807604788
1505,19.423961639404297,19.283950945862216,0.14001069354208084
1506,19.37294006347656,19.21066355447465,0.16227650900190937
1507,19.288063049316406,19.139028271752068,0.14903477756433858
1508,19.208908081054688,19.069351206780993,0.13955687427369412
1509,19.208192825317383,19.00057773926278,0.20761508605460222
1510,19.0730094909668,18.932990613762968,0.14001887720383266
1511,19.06108856201172,19.00305217748155,0.058036384530169016
1512,19.01388168334961,18.93612501504549,0.07775666830411865
1513,18.937110900878903,18.869934681561062,0.06717621931784024
1514,18.866777420043945,18.80448524042322,0.06229217962072653
1515,18.78809928894043,18.739735719066175,0.04836356987425461
1516,18.717050552368164,18.67563210819867,0.04141844416949425
1517,18.661975860595703,18.61200916309258,0.049966697503123214
1518,18.630027770996094,18.548926310899105,0.08110146009698838
1519,18.58210563659668,18.486028004559785,0.09607763203689501
1520,18.500089645385746,18.423337100671233,0.07675254471451254
1521,18.491029739379883,18.42762330511505,0.06340643426483439
1522,18.359899520874023,18.364920718966005,0.005021198091981205
1523,18.37301254272461,18.302742310766007,0.07027023195860238
1524,18.24307441711425,18.240476878190748,0.0025975389235028956
1525,18.24307441711425,18.178075491192658,0.06499892592159284
1526,18.15986633300781,18.115071875200783,0.04479445780702562
1527,18.09000968933105,18.051583699360663,0.038425989970388486
1528,18.0051326751709,17.987861370386327,0.01727130478457184
1529,17.93694496154785,17.92365041816879,0.013294543379060997
1530,17.88496971130371,17.85862864934984,0.02634106195387176
1531,17.828941345214844,17.821973779319933,0.0069675658949108765
1532,17.785072326660156,17.75682536802492,0.028246958635236297
1533,17.766952514648438,17.690857674722338,0.07609483992609967
1534,17.647981643676758,17.624422183075694,0.02355946060106362
1535,17.65298843383789,17.557215492928435,0.09577294090945543
1536,17.574071884155273,17.49023135830896,0.08384052584631263
1537,17.509937286376953,17.424896200154194,0.08504108622275908
1538,17.453908920288086,17.361699234285766,0.09220968600232027
1539,17.40407943725586,17.302121822126537,0.10195761512932222
1540,17.320871353149414,17.24399055530057,0.07688079784884394
1541,17.31109619140625,17.247196658573216,0.06389953283303385
1542,17.197847366333008,17.189467413885495,0.00837995244751255
1543,17.145872116088867,17.13273497077239,0.013137145316477472
1544,17.052888870239258,17.076240236264084,0.023351366024826348
1545,17.059803009033203,17.018677167499163,0.041125841534039864
1546,16.9219970703125,16.96045752183295,0.03846045152045008
1547,16.956090927124023,16.903219355356214,0.052871571767809655
1548,16.80898666381836,16.847181752780216,0.03819508896185653
1549,16.8149471282959,16.79229976279828,0.02264736549761892
1550,16.71290397644043,16.740074640537728,0.02717066409729796
1551,16.66998863220215,16.68699362338799,0.017004991185842755
1552,16.576051712036133,16.6468867723637,0.07083506032756759
1553,16.509056091308594,16.610202358066317,0.10114626675772342
1554,16.459941864013672,16.58217983199961,0.12223796798593867
1555,16.405105590820312,16.57728090145838,0.17217531063806746
1556,16.32404327392578,16.628127178364593,0.30408390443881217
1557,16.32094383239746,16.890311219398768,0.5693673870013072
1558,16.227006912231445,18.315534893929453,2.0885279816980074
1559,21.18802070617676,19.92929730073456,1.2587234054422005
1560,21.11101150512696,20.226991773540703,0.8840197315862568
1561,21.07381820678711,20.90880574365883,0.1650124631282779
1562,20.982027053833008,20.76618125801133,0.21584579582167862
1563,20.943164825439453,20.62914258596038,0.3140222394790726
1564,20.899057388305664,20.510449126277308,0.38860826202835597
1565,20.780086517333984,20.412892092679158,0.36719442465482643
1566,20.78700065612793,20.3290435991903,0.4579570569376301
1567,20.709991455078125,20.255575386727287,0.45441606835083803
1568,20.624876022338867,20.188596754621813,0.4362792677170546
1569,20.550012588500977,20.126100724382923,0.4239118641180539
1570,20.4927921295166,20.065887306259356,0.4269048232572459
1571,20.42508125305176,20.34159204004027,0.08348921301149304
1572,20.35999298095703,20.25702263256335,0.1029703483936828
1573,20.279884338378903,20.181104192943167,0.09878014543573599
1574,20.21312713623047,20.104773995967662,0.10835314026280685
1575,20.128965377807617,20.027310789032526,0.10165458877509082
1576,20.130157470703125,19.94762185751142,0.1825356131917033
1577,20.00284194946289,19.866292668893948,0.13654928056894278
1578,20.01309394836425,19.78386230024398,0.22923164812026897
1579,19.936084747314453,19.700415744239308,0.23566900307514516
1580,19.85001564025879,19.61841000036202,0.2316056398967703
1581,19.80900764465332,19.70012758181383,0.10888006283948926
1582,19.72508430480957,19.609765804830204,0.1153184999793666
1583,19.67000961303711,19.5262691336211,0.1437404794160102
1584,19.58894729614257,19.444793662785287,0.14415363335728415
1585,19.52409744262696,19.36507933504572,0.15901810758123958
1586,19.44708824157715,19.28831198449643,0.1587762570807172
1587,19.41204071044922,19.21467886592154,0.19736184452767702
1588,19.387006759643555,19.14331481481213,0.24369194483142564
1589,19.24586296081543,19.073232764810655,0.17263019600477492
1590,19.229888916015625,19.00457087134555,0.22531804467007532
1591,19.1800594329834,19.10939291650493,0.07066651647846811
1592,19.1030502319336,19.036849126393918,0.06620110553968317
1593,19.03510093688965,18.969255397877305,0.06584553901234358
1594,18.976926803588867,18.90265262980506,0.07427417378380596
1595,18.92304420471192,18.83707231348808,0.08597189122384208
1596,18.829822540283203,18.772117421377743,0.05770511890546004
1597,18.774986267089844,18.70771413513239,0.06727213195745207
1598,18.769025802612305,18.643789144334733,0.12523665827757213
1599,18.64790916442871,18.580374448220027,0.06753471620868368
1600,18.62502098083496,18.517306664449507,0.10771431638545437
1601,18.56708526611328,18.535971699861875,0.031113566251406155
1602,18.498897552490234,18.47202927032754,0.026868282162695323
1603,18.43404769897461,18.40976823976348,0.024279459211129506
1604,18.34893226623535,18.347682443106805,0.001249823128546268
1605,18.28598976135254,18.285533494520223,0.0004562668323160324
1606,18.21613311767578,18.22332173261998,0.00718861494419798
1607,18.201828002929688,18.16089782764152,0.04093017528816745
1608,18.077850341796875,18.09773607786269,0.019885736065816673
1609,18.067121505737305,18.0340272935382,0.03309421219910291
1610,18.0051326751709,17.970060991558512,0.03507168361238655
1611,17.939090728759766,17.924027128742637,0.01506360001712892
1612,17.84205436706543,17.858603253131378,0.016548886065947954
1613,17.81010627746582,17.793206805436057,0.016899472029763274
1614,17.712116241455078,17.727119241982336,0.015003000527258337
1615,17.6849365234375,17.660687644422524,0.02424887901497641
1616,17.625093460083008,17.593588295625295,0.03150516445771245
1617,17.599105834960938,17.52594377467176,0.07316206028917804
1618,17.460107803344727,17.45847508020404,0.0016327231406876308
1619,17.410993576049805,17.39440380718804,0.016589768861763332
1620,17.334938049316406,17.333334875118567,0.0016031741978395075
1621,17.32492446899414,17.287485134886538,0.03743933410760292
1622,17.20881462097168,17.230210228547094,0.021395607575414033
1623,17.217159271240234,17.175083757635434,0.04207551360480011
1624,17.13705062866211,17.118819197520452,0.018231431141657595
1625,17.04692840576172,17.062704221132208,0.015775815370489
1626,16.978979110717773,17.007097169113194,0.02811805839542103
1627,16.898155212402344,16.954318155327996,0.056162942925652715
1628,16.824960708618164,16.901260460372214,0.0762997517540498
1629,16.83497428894043,16.848107952867508,0.013133663927078487
1630,16.692161560058594,16.795805075851433,0.10364351579283948
1631,16.689777374267578,16.729142626665805,0.03936525239822686
1632,16.618967056274414,16.692272989281776,0.07330593300736155
1633,16.5560245513916,16.6516860650745,0.09566151368289866
1634,16.467809677124023,16.621261268376486,0.15345159125246255
1635,16.398191452026367,16.604347598516256,0.20615614648988867
1636,16.33286476135254,16.613306834138086,0.2804420727855472
1637,16.25514030456543,16.695474436581037,0.44033413201560734
1638,16.20006561279297,16.979816805203996,0.7797511924110268
1639,21.12007141113281,18.10175612993703,3.018315281195779
1640,21.08097076416016,19.895955113440777,1.1850156507193823
1641,21.070003509521484,21.00335823530486,0.0666452742166257
1642,20.960092544555664,20.831254496499696,0.1288380480559681
1643,20.93291282653809,20.683840284050348,0.2490725424877418
1644,20.79010009765625,20.561317751855768,0.2287823458004823
1645,20.787954330444336,20.46053133511805,0.3274229953262875
1646,20.713090896606445,20.373706404825498,0.33938449178094743
1647,20.64180374145508,20.297704665608762,0.3440990758463194
1648,20.580053329467773,20.227873868861934,0.35217946060583927
1649,20.50304412841797,20.163729793353014,0.33931433506495523
1650,20.457029342651367,20.102059309522247,0.35497003312912057
1651,20.394086837768555,20.309482415882485,0.08460442188606976
1652,20.31803131103516,20.227229482145503,0.09080182888965638
1653,20.25008201599121,20.153474123105752,0.09660789288545857
1654,20.23506164550781,20.078674132946617,0.1563875125611922
1655,20.164012908935547,20.002692372088404,0.16132053684714265
1656,20.102977752685547,19.924667062184653,0.17831069050089354
1657,20.04003524780273,19.844764463812226,0.19527078399050524
1658,19.967079162597656,19.763453560472044,0.2036256021256122
1659,19.91486549377441,19.68093853776054,0.23392695601387103
1660,19.845962524414062,19.599618491781712,0.24634403263235072
1661,19.77801322937012,19.69136419336337,0.08664903600675089
1662,19.779205322265625,19.600840219197835,0.1783651030677902
1663,19.632816314697266,19.5175003273107,0.11531598738656612
1664,19.60611343383789,19.43623073515255,0.1698826986853419
1665,19.55413818359375,19.35671822269569,0.1974199608980598
1666,19.49000358581543,19.280013177535693,0.20999040827973658
1667,19.41990852355957,19.206459295162404,0.21344922839716673
1668,19.36006546020508,19.135076620159452,0.22498884004562925
1669,19.27399635314941,19.065128662191455,0.20886769095795543
1670,19.263029098510746,18.996432907101735,0.26659619140901114
1671,19.14691925048828,19.124849393676868,0.022069856811413047
1672,19.083023071289062,19.05088172225078,0.032141349038283806
1673,19.04606819152832,18.98297291131712,0.06309528021120059
1674,19.0122127532959,18.916131249483215,0.09608150381268388
1675,18.87202262878418,18.850304081922786,0.021718546861393406
1676,18.871068954467773,18.785241171229927,0.08582778323784623
1677,18.79405975341797,18.720756447777376,0.07330330564059295
1678,18.73087882995605,18.656767966433563,0.0741108635224883
1679,18.652915954589844,18.59328012920969,0.05963582538015544
1680,18.576860427856445,18.530076391016337,0.046784036840108456
1681,18.50295066833496,18.521954511044214,0.01900384270925315
1682,18.429994583129883,18.460059524642247,0.030064941512364385
1683,18.36705207824707,18.39784420727142,0.03079212902434847
1684,18.311023712158203,18.335643281091052,0.02461956893284878
1685,18.2490348815918,18.273490607725762,0.02445572613396152
1686,18.232107162475582,18.211038089674503,0.021069072801079614
1687,18.10312271118164,18.14816670332675,0.04504399214511068
1688,18.10002326965332,18.08469986031014,0.015323409343181993
1689,17.97795295715332,18.020728309778633,0.042775352625312735
1690,17.96889305114746,17.956510754544297,0.012382296603163923
1691,17.914772033691406,17.88081715611156,0.03395487757984483
1692,17.86494255065918,17.814154283655625,0.05078826700355421
1693,17.796993255615234,17.74799374840086,0.048999507214375626
1694,17.71688461303711,17.681099770356923,0.03578484268018656
1695,17.644882202148438,17.61386311267188,0.031019089476558293
1696,17.59791374206543,17.545766539029728,0.05214720303570175
1697,17.53520965576172,17.477280979974807,0.0579286757869113
1698,17.522811889648438,17.411475483854133,0.11133640579430448
1699,17.442941665649414,17.349929695456012,0.0930119701934018
1700,17.405033111572266,17.289784339197922,0.11524877237434339
1701,17.234086990356445,17.293121656265953,0.05903466590950757
1702,17.241954803466797,17.2320352854598,0.009919518006995531
1703,17.176151275634766,17.175796460179527,0.000354815455239077
1704,17.077922821044922,17.12144702889873,0.04352420785380673
1705,17.019033432006836,17.064756574200146,0.045723142193310196
1706,16.9370174407959,17.007250223656456,0.07023278286055756
1707,16.893863677978516,16.949727958149197,0.05586428017068101
1708,16.798973083496094,16.893711138145306,0.0947380546492127
1709,16.72506332397461,16.83776276095017,0.11269943697556073
1710,16.72506332397461,16.78339237778914,0.05832905381453202
1711,16.68095588684082,16.709324095010913,0.028368208170093112
1712,16.585826873779297,16.676746037603607,0.09091916382431009
1713,16.514062881469727,16.644344695549762,0.13028181408003547
1714,16.438961029052734,16.623509680250947,0.18454865119821307
1715,16.38197898864746,16.61353366469598,0.23155467604851765
1716,16.34693145751953,16.640969538116224,0.29403808059669245
1717,16.247034072875977,16.782024156519526,0.5349900836435495
1718,16.212940216064453,17.237733773612263,1.0247935575478095
1719,21.17180824279785,18.97401972846069,2.1977885143371623
1720,21.090030670166016,20.112929568256277,0.9771011019097386
1721,20.999908447265625,21.007231327928366,0.007322880662741227
1722,20.94078063964844,20.843599767601972,0.09718087204646864
1723,20.88308334350586,20.693181690432993,0.18990165307286588
1724,20.81608772277832,20.568795414419583,0.2472923083587375
1725,20.74503898620605,20.46641851717368,0.27862046903237214
1726,20.68114280700684,20.379838745043344,0.3013040619634957
1727,20.60985565185547,20.30296980962021,0.3068858422352605
1728,20.55692672729492,20.23366285220618,0.3232638750887382
1729,20.54405212402344,20.16798145893972,0.37607066508372
1730,20.488977432250977,20.10482004777714,0.38415738447383774
1731,20.390987396240234,20.315670627780946,0.07531676845928814
1732,20.327091217041016,20.23185193252175,0.09523928451926622
1733,20.269155502319336,20.157732222401137,0.11142327991819911
1734,20.183086395263672,20.083472663770863,0.09961373149280917
1735,20.11895179748535,20.008015080861696,0.11093671662365523
1736,20.05600929260254,19.93040051246453,0.12560878013800902
1737,20.04885673522949,19.85055717193518,0.19829956329430942
1738,19.906044006347656,19.769197846471798,0.13684615987585858
1739,19.897937774658203,19.686438681446816,0.21149909321138693
1740,19.82879638671875,19.604576510857896,0.2242198758608538
1741,19.752979278564453,19.672477195001647,0.08050208356280564
1742,19.685029983520508,19.582390713026143,0.10263927049436461
1743,19.633054733276367,19.499536058219746,0.13351867505662085
1744,19.542932510375977,19.418637928083626,0.12429458229235024
1745,19.486188888549805,19.339567309828,0.14662157872180615
1746,19.440889358520508,19.263335650180125,0.1775537083403833
1747,19.422054290771484,19.19023991558788,0.23181437518360326
1748,19.28901672363281,19.119295071391207,0.16972165224160207
1749,19.29593086242676,19.049682343506902,0.24624851891985955
1750,19.21987533569336,18.981337902772566,0.23853743292079344
1751,19.145965576171875,19.09524214357816,0.05072343259371337
1752,19.060134887695312,19.02310943358998,0.037025454105332756
1753,19.00315284729004,18.955738006638967,0.047414840651072154
1754,18.929004669189453,18.889463019093,0.03954165009645294
1755,18.936872482299805,18.824062338694603,0.11281014360520203
1756,18.815040588378903,18.759440983586728,0.05559960479217452
1757,18.796920776367188,18.695391382010484,0.10152939435670305
1758,18.73993873596192,18.631823969968764,0.10811476599315739
1759,18.64194869995117,18.568546752049997,0.07340194790117138
1760,18.60499382019043,18.505468979100215,0.09952484109021498
1761,18.557071685791016,18.521969410159045,0.03510227563197077
1762,18.48387718200684,18.458518482106,0.02535869990083839
1763,18.40996742248535,18.396463838143973,0.013503584341378883
1764,18.33987236022949,18.334548026842867,0.005324333386621305
1765,18.275022506713867,18.272475097603547,0.0025474091103205865
1766,18.18513870239257,18.210328857946934,0.025190155554362548
1767,18.18704605102539,18.147894455864844,0.039151595160547004
1768,18.045902252197266,18.084725425836723,0.03882317363945731
1769,18.043994903564453,18.02091353286528,0.02308137069917393
1770,17.963886260986328,17.95690591970356,0.0069803412827695865
1771,17.714977264404297,17.897816368900976,0.18283910449667928
1772,17.64202117919922,17.83274313041261,0.19072195121339064
1773,17.580032348632812,17.766769849941966,0.18673750130915323
1774,17.496109008789062,17.70050485157526,0.20439584278619805
1775,17.431020736694336,17.63360681013637,0.20258607344203483
1776,17.42720603942871,17.566055662612712,0.13884962318400085
1777,17.290830612182617,17.497989733740837,0.20715912155822025
1778,17.278194427490234,17.43200629478281,0.1538118672925748
1779,17.225980758666992,17.369006572877765,0.1430258142107732
1780,17.152070999145508,17.309258413476414,0.157187414330906
1781,17.07005500793457,17.145983670019405,0.07592866208483429
1782,17.010927200317383,17.104494629805345,0.09356742948796182
1783,16.94202423095703,17.058992055879685,0.11696782492265356
1784,16.86382293701172,17.017338617478117,0.1535156804663984
1785,16.826868057250977,16.973826599155473,0.1469585419044961
1786,16.742944717407227,16.922505243655905,0.1795605262486788
1787,16.691923141479492,16.87593877981186,0.18401563833236878
1788,16.66712760925293,16.823305159377355,0.15617755012442558
1789,16.52693748474121,16.767879351704096,0.2409418669628849
1790,16.534090042114258,16.71306284163876,0.17897279952450162
1791,16.455888748168945,16.710954616890206,0.25506586872126036
1792,16.383886337280273,16.737200973764743,0.3533146364844697
1793,16.32213592529297,16.770901797990234,0.4487658726972654
1794,16.246795654296875,16.84691619298917,0.6001205386922948
1795,16.25514030456543,17.093725278712668,0.8385849741472384
1796,21.149873733520508,17.67888877557766,3.4709849579428464
1797,21.08120918273925,19.204312129545542,1.8768970531937086
1798,21.034955978393555,20.095302222330247,0.9396537560633078
1799,20.944833755493164,20.082417535547847,0.8624162199453167
1800,20.87998390197754,20.009619444635973,0.8703644573415659
1801,20.81513404846192,20.632105478114227,0.1830285703476946
1802,20.74193954467773,20.508819704900816,0.23311983977691497
1803,20.69306373596192,20.41814098311079,0.27492275285113266
1804,20.60699462890625,20.339045307252945,0.26794932165330465
1805,20.64204216003418,20.267341285432394,0.37470087460178547
1806,20.487070083618164,20.200584108351904,0.28648597526625963
1807,20.49803733825684,20.136281221823538,0.36175611643330186
1808,20.374059677124023,20.074164103164094,0.2998955739599296
1809,20.358800888061523,20.01288675279511,0.3459141352664119
1810,20.28417587280273,19.951423840723237,0.3327520320794939
1811,20.19786834716797,20.149429352045445,0.04843899512252392
1812,20.125865936279297,20.06483928897751,0.06102664730178731
1813,20.04694938659668,19.983743406953636,0.06320597964304397
1814,19.9880599975586,19.900694725038193,0.08736527252040815
1815,19.944190979003903,19.816462240726196,0.1277287382777068
1816,19.87481117248535,19.731308381608414,0.14350279087693707
1817,19.85812187194824,19.647195090215064,0.2109267817331748
1818,19.781827926635746,19.564837862674267,0.2169900639614788
1819,19.711971282958984,19.483912643238455,0.22805863972052975
1820,19.59991455078125,19.403743215264058,0.19617133551719235
1821,19.58489418029785,19.48161343892707,0.10328074137078147
1822,19.5310115814209,19.398725261112304,0.13228632030859444
1823,19.45209503173828,19.321795713381107,0.13029931835717434
1824,19.366979598999023,19.24782770333877,0.1191518956602522
1825,19.288063049316406,19.175543293272312,0.11251975604409381
1826,19.22082901000977,19.104791798952192,0.11603721105757714
1827,19.15597915649414,19.035919624798225,0.12005953169591521
1828,19.0730094909668,18.968048569576013,0.10496092139078783
1829,19.065141677856445,18.9010337055322,0.16410797232424557
1830,18.927812576293945,18.835025039663833,0.0927875366301123
1831,18.959999084472656,18.874078159257124,0.0859209252155324
1832,18.802165985107425,18.809460528927957,0.007294543820531629
1833,18.811941146850582,18.744625676276883,0.0673154705736998
1834,18.73707771301269,18.680446384678362,0.05663132833432982
1835,18.68295669555664,18.616844941703903,0.06611175385273782
1836,18.604040145874023,18.553690472174367,0.050349673699656705
1837,18.535852432250977,18.490882745680892,0.04496968657008438
1838,18.48602294921875,18.42829258012557,0.057730369093178524
1839,18.435001373291016,18.36576234964582,0.06923902364519563
1840,18.383026123046875,18.303254637146438,0.07977148590043726
1841,18.294095993041992,18.300719078695238,0.006623085653245653
1842,18.219947814941406,18.237659929638994,0.017712114697587822
1843,18.188953399658203,18.175269716977027,0.013683682681175924
1844,18.13197135925293,18.11233805693746,0.019633302315469336
1845,18.045902252197266,18.04883498198251,0.002932729785243282
1846,17.980098724365234,17.98504543768331,0.004946713318076945
1847,17.901182174682617,17.92081213679353,0.019629962110911947
1848,17.921924591064453,17.855874344803624,0.06605024626082923
1849,17.79913902282715,17.79057457204658,0.008564450780568222
1850,17.781972885131836,17.724697627897967,0.057275257233868615
1851,17.705917358398438,17.6803820732232,0.025535285175237732
1852,17.6849365234375,17.61225197657268,0.07268454686482073
1853,17.47298240661621,17.54512003596176,0.0721376293455478
1854,17.503023147583008,17.478275157273515,0.024747990309492707
1855,17.45891571044922,17.41349592234087,0.04541978810834735
1856,17.366886138916016,17.35082161064838,0.01606452826763416
1857,17.30799674987793,17.291020796420753,0.01697595345717673
1858,17.27294921875,17.232178435477863,0.04077078327213712
1859,17.188072204589844,17.17672596177522,0.01134624281462493
1860,17.14301109313965,17.121901282592944,0.021109810546704466
1861,17.042875289916992,17.0801247571859,0.03724946726890721
1862,16.98589324951172,17.024999556085163,0.03910630657344427
1863,16.9069766998291,16.969687354162488,0.06271065433338663
1864,16.894102096557617,16.915062627873567,0.020960531315949993
1865,16.8149471282959,16.86086955264443,0.04592242434853233
1866,16.746997833251953,16.807381984364156,0.060384151112202744
1867,16.6928768157959,16.754150367638942,0.06127355184304406
1868,16.629934310913086,16.70097542680793,0.07104111589484319
1869,16.594886779785156,16.656631005098177,0.061744225313020706
1870,16.51906967163086,16.6183545865195,0.0992849148886421
1871,16.433000564575195,16.59379458087784,0.16079401630264556
1872,16.38197898864746,16.61586850836727,0.23388951971980987
1873,16.30687713623047,16.694692529341637,0.3878153931111683
1874,16.267061233520508,16.96206535642375,0.6950041229032422
1875,21.17705345153809,17.957442118529343,3.2196113330087464
1876,21.14295959472656,19.853613183556718,1.2893464111698414
1877,21.088123321533203,20.296079307627224,0.7920440139059792
1878,21.00396156311035,20.255351900004825,0.7486096631055261
1879,20.93386650085449,20.17395498813812,0.7599115127163678
1880,20.89095115661621,20.09117990814957,0.7997712484666408
1881,20.784854888916016,20.61833564846438,0.1665192404516347
1882,20.788908004760746,20.50159465005663,0.28731335470411423
1883,20.647048950195312,20.415598652334666,0.23145029786064697
1884,20.642995834350582,20.34044650127953,0.3025493330710525
1885,20.56097984313965,20.268731305122856,0.29224853801679274
1886,20.471811294555664,20.20020688985369,0.271604404701975
1887,20.40910720825196,20.13386180874477,0.27524539950719173
1888,20.36404609680176,20.06818481748951,0.2958612793122519
1889,20.272016525268555,20.002335470564958,0.2696810547035966
1890,20.205974578857425,19.935592853983053,0.2703817248743725
1891,20.210981369018555,20.083757440033878,0.1272239289846766
1892,20.14899253845215,19.99577274909825,0.1532197893538978
1893,20.083904266357425,19.910706591588223,0.17319767476920234
1894,20.01786231994629,19.824879563373088,0.1929827565732012
1895,19.937992095947266,19.739341036199676,0.1986510597475899
1896,19.88697052001953,19.65557245614491,0.23139806387462158
1897,19.815921783447266,19.573461741231313,0.24246004221595285
1898,19.73104476928711,19.49221246604793,0.23883230323917815
1899,19.66094970703125,19.411988182241657,0.24896152478959266
1900,19.60301399230957,19.333057073879445,0.26995691843012537
1901,19.55509185791016,19.46231874660498,0.09277311130518129
1902,19.46091651916504,19.378796679177412,0.08211983998762662
1903,19.484996795654297,19.30316606336646,0.18183073228783542
1904,19.34504508972168,19.229571547043633,0.11547354267804621
1905,19.34504508972168,19.15741682699945,0.1876282627222281
1906,19.269943237304688,19.08750273065607,0.18244050664861788
1907,19.199848175048828,19.018871820577488,0.18097635447134053
1908,19.1340446472168,18.95116330115343,0.1828813460633718
1909,19.06108856201172,18.88434449591614,0.1767440660955799
1910,18.989086151123047,18.81851394219325,0.17057220892979785
1911,18.91708374023437,18.906010517810046,0.011073222424325735
1912,18.864870071411133,18.83931361442137,0.0255564569897615
1913,18.85294914245605,18.774608959716943,0.07834018273910814
1914,18.70894432067871,18.71068870954673,0.0017443888680190867
1915,18.756866455078125,18.6471197737319,0.10974668134622334
1916,18.5849666595459,18.58391501968981,0.0010516398560866946
1917,18.58997344970703,18.521048373969506,0.06892507573752482
1918,18.533945083618164,18.458354761150986,0.07559032246717834
1919,18.437862396240234,18.395811324637634,0.04205107160260013
1920,18.35799217224121,18.33337336708496,0.024618805156251256
1921,18.311023712158203,18.311754243541145,0.0007305313829419902
1922,18.23115348815918,18.2504426929313,0.019289204772121593
1923,18.1570053100586,18.188168625641765,0.03116331558316432
1924,18.08500289916992,18.125357682293952,0.040354783124033844
1925,18.10002326965332,18.062043724512478,0.037979545140842674
1926,17.987966537475586,17.998080639387126,0.010114101911540274
1927,17.951011657714844,17.934002424738082,0.017009232976761268
1928,17.88187026977539,17.869243252818023,0.012627016957367232
1929,17.886877059936523,17.803720839879134,0.08315622005738987
1930,17.750024795532227,17.73739319750689,0.012631598025336643
1931,17.74001121520996,17.688118946523446,0.05189226868651531
1932,17.630815505981445,17.62148417921594,0.009331326765504855
1933,17.599821090698242,17.553797923810066,0.04602316688817609
1934,17.524003982543945,17.486302817275146,0.03770116526879974
1935,17.47298240661621,17.420620069543702,0.052362337072509035
1936,17.401933670043945,17.357768661554474,0.0441650084894718
1937,17.343997955322266,17.297794899079122,0.04620305624314369
1938,17.25316047668457,17.2389310360046,0.01422944067996923
1939,17.258167266845703,17.18318438943811,0.07498287740759224
1940,17.127037048339844,17.128188455089344,0.0011514067494999836
1941,17.122983932495117,17.096809395482637,0.02617453701247996
1942,16.99995994567871,17.03925047476673,0.039290529088020776
1943,16.978025436401367,16.986750988692734,0.008725552291366512
1944,16.911983489990234,16.932366764592643,0.020383274602409074
1945,16.848087310791016,16.876179535962876,0.02809222517186072
1946,16.77989959716797,16.821057509389448,0.04115791222147891
1947,16.69907569885254,16.768495717926157,0.06942001907361828
1948,16.644001007080078,16.714931326085036,0.07093031900495816
1949,16.61396026611328,16.665577457956715,0.05161719184343383
1950,16.50691032409668,16.626292089945593,0.1193817658489138
1951,16.435861587524414,16.589391172885826,0.1535295853614116
1952,16.40605926513672,16.598416354021595,0.1923570888848758
1953,16.381025314331055,16.648838048482162,0.2678127341511072
1954,16.235828399658203,16.82654144182294,0.5907130421647366
1955,16.219139099121094,17.378763461394442,1.1596243622733482
1956,21.61407470703125,19.387955232787135,2.226119474244115
1957,21.07691764831543,20.250968512698364,0.8259491356170656
1958,21.06618881225586,20.272944707073748,0.7932441051821115
1959,20.956993103027344,20.19646958234489,0.7605235206824545
1960,20.941972732543945,20.114759450450492,0.827213282093453
1961,20.884037017822266,20.676960956393486,0.2070760614287792
1962,20.795106887817383,20.547637316894907,0.24746957092247612
1963,20.73192596435547,20.45536506705048,0.27656089730498934
1964,20.66516876220703,20.374490301435344,0.29067846077168724
1965,20.60508728027344,20.301067463549316,0.30401981672412504
1966,20.53189277648925,20.232457039753626,0.2994357367356244
1967,20.463943481445312,20.167015048173198,0.2969284332721145
1968,20.4470157623291,20.102880792535416,0.34413496979368574
1969,20.30611038208008,20.040391873237695,0.26571850884238657
1970,20.31588554382324,19.97736116794613,0.3385243758771104
1971,20.24507522583008,20.16315787051326,0.08191735531682198
1972,20.17998695373535,20.07488467853591,0.10510227519944237
1973,20.05290985107422,19.992775318087297,0.06013453298692184
1974,20.05219459533692,19.90914692515844,0.14304767017848263
1975,19.98186111450196,19.824509117199796,0.15735199730216465
1976,19.886016845703125,19.738922167903183,0.14709467779994156
1977,19.84882354736328,19.65472286798331,0.19410067937997155
1978,19.77086067199707,19.572198364016913,0.1986623079801575
1979,19.714832305908203,19.4909650037971,0.22386730211110262
1980,19.661903381347656,19.410642182663196,0.2512611986844604
1981,19.575119018554688,19.505797749843623,0.06932126871106448
1982,19.57082748413086,19.418936248996488,0.15189123513437153
1983,19.4699764251709,19.341429699181845,0.1285467259890538
1984,19.443988800048828,19.26707769831637,0.1769111017324576
1985,19.3789005279541,19.194393043846958,0.18450748410714368
1986,19.294023513793945,19.123083848569422,0.1709396652245232
1987,19.244909286499023,19.05383614899847,0.19107313750055255
1988,19.1497802734375,18.98581711847669,0.16396315496081115
1989,19.06991004943848,18.918537456528384,0.15137259291009642
1990,19.00506019592285,18.852327144685432,0.1527330512374192
1991,18.936872482299805,18.929521828937368,0.007350653362436788
1992,18.88608932495117,18.8630707609434,0.02301856400776714
1993,18.834829330444336,18.79792184172402,0.036907488720316906
1994,18.79811286926269,18.733548692324575,0.06456417693811645
1995,18.689870834350582,18.669575110095593,0.020295724254989267
1996,18.66698265075684,18.60602361301744,0.060959037739397814
1997,18.576860427856445,18.542823430294675,0.03403699756177048
1998,18.53203773498535,18.479943917157016,0.05209381782833589
1999,18.47696304321289,18.417295509607357,0.05966753360553412
2000,18.420934677124023,18.354807775466497,0.0661269016575261
2001,18.346071243286133,18.34148136379099,0.004589879495142668
2002,18.290996551513672,18.278582210911054,0.012414340602617813
2003,18.22090148925781,18.21639025806121,0.004511231196598686
2004,18.132925033569336,18.15372305730989,0.020798023740553617
2005,18.076181411743164,18.090565201617892,0.014383789874727881
2006,18.064022064208984,18.02696308141094,0.03705898279804387
2007,17.937183380126953,17.963085496887743,0.025902116760789795
2008,17.90595054626465,17.898630740972976,0.00731980529167231
2009,17.849206924438477,17.83349045646787,0.015716467970605663
2010,17.778873443603516,17.767765889630027,0.011107553973488393
2011,17.714977264404297,17.706853228958153,0.008124035446144262
2012,17.633914947509766,17.639891358356863,0.005976410847097213
2013,17.564058303833008,17.57235367082899,0.008295366995980658
2014,17.494916915893555,17.504524011442868,0.009607095549313271
2015,17.46201515197754,17.438230146041178,0.023785005936360903
2016,17.368078231811523,17.37463869224598,0.006560460434457127
2017,17.293930053710938,17.31488130555192,0.020951251840983787
2018,17.31705665588379,17.2561054827014,0.06095117318238863
2019,17.169952392578125,17.20067806660097,0.03072567402284676
2020,17.210960388183594,17.145923311673528,0.06503707651006607
2021,17.095088958740234,17.1018068633515,0.006717904611264203
2022,17.06218719482422,17.04559919076587,0.016588004058348815
2023,16.993999481201172,16.99133983140655,0.0026596497946229647
2024,16.90387725830078,16.93414932516646,0.030272066865677516
2025,16.87312126159668,16.8833973528848,0.01027609128811946
2026,16.775846481323242,16.830283870902463,0.05443738957922051
2027,16.722917556762695,16.77629561617522,0.05337805941252327
2028,16.64590835571289,16.721792283810544,0.0758839280976531
2029,16.58010482788086,16.67402961574993,0.09392478786907077
2030,16.51597023010254,16.63324388147913,0.11727365137659262
2031,16.44301414489746,16.593919149329395,0.15090500443193378
2032,16.438007354736328,16.599349453414902,0.16134209867857408
2033,16.30401611328125,16.64373984228007,0.33972372899881975
2034,16.296863555908203,16.809050261954894,0.5121867060466911
2035,16.236066818237305,17.326686737703767,1.0906199194664623
2036,21.136999130249023,19.37983386073938,1.7571652695096418
2037,21.095991134643555,20.22018761869049,0.8758035159530664
2038,21.02804183959961,20.241724289178364,0.786317550421245
2039,21.030902862548828,20.172210437237936,0.8586924253108918
2040,20.9500789642334,20.09448852749074,0.8555904367426592
2041,20.87688446044922,20.665211988500687,0.2116724719485319
2042,20.80917358398437,20.53625608624543,0.27291749773894125
2043,20.7369327545166,20.444591991179095,0.29234076333750636
2044,20.637035369873047,20.364748312033498,0.27228705783954865
2045,20.60103416442871,20.2920402930431,0.30899387138560996
2046,20.53213119506836,20.223871424832396,0.3082597702359635
2047,20.43700218200684,20.159318639514368,0.27768354249247196
2048,20.389080047607425,20.09589276906354,0.29318727854388626
2049,20.336151123046875,20.033070312763357,0.3030808102835181
2050,20.242929458618164,19.970895629342067,0.2720338292760971
2051,20.24197578430176,20.13313344519929,0.10884233910246977
2052,20.10202407836914,20.051159869865387,0.050864208503753616
2053,20.092010498046875,19.97009581776865,0.12191468027822339
2054,20.00904083251953,19.88753745217764,0.1215033803418919
2055,19.9580192565918,19.80390127107512,0.154117985516681
2056,19.8659896850586,19.71942261275217,0.14656707230643207
2057,19.805908203125,19.636255415150572,0.16965278797442807
2058,19.74415779113769,19.554370218656913,0.18978757248077827
2059,19.6990966796875,19.47377007081741,0.22532660887009115
2060,19.65785026550293,19.39399783969975,0.26385242580317936
2061,19.5620059967041,19.490645688676977,0.07136030802712412
2062,19.48714256286621,19.403232581964858,0.08390998090135326
2063,19.489049911499023,19.32628271725889,0.16276719424013208
2064,19.34599876403809,19.252322834006463,0.09367593003162611
2065,19.340038299560547,19.18005467751982,0.1599836220407269
2066,19.27018165588379,19.109199905244623,0.16098175063916642
2067,19.17695999145508,19.04038732754998,0.1365726639051026
2068,19.14191246032715,18.972687273532074,0.16922518679507448
2069,19.0889835357666,18.905675964958846,0.18330757080775584
2070,19.00911331176757,18.839597205527525,0.16951610624004587
2071,18.894195556640625,18.916859274412445,0.022663717771820302
2072,18.85199546813965,18.84937593479208,0.0026195333475698135
2073,18.83387565612793,18.784338081701435,0.04953757442649476
2074,18.68915557861328,18.72025326403559,0.03109768542230995
2075,18.692970275878903,18.65661423465781,0.036356041221093705
2076,18.64218711853028,18.593361227800642,0.04882589072963839
2077,18.57209205627441,18.53051185150889,0.041580204765519824
2078,18.509864807128903,18.467864798424216,0.042000008704686564
2079,18.44000816345215,18.40533152039825,0.03467664305389917
2080,18.36800575256348,18.34291303327973,0.025092719283751563
2081,18.280982971191406,18.30851741084416,0.027534439652754372
2082,18.269062042236328,18.246505940453517,0.02255610178281131
2083,18.197059631347656,18.18407831069635,0.012981320651306305
2084,18.129825592041016,18.121090609668045,0.00873498237297099
2085,18.057823181152344,18.057754303214324,6.887793801979569e-05
2086,17.976045608520508,17.99399201752294,0.01794640900243394
2087,17.910003662109375,17.929865211442575,0.019861549333199946
2088,17.8220272064209,17.8648894944331,0.04286228801220204
2089,17.779827117919922,17.799412286763072,0.019585168843150313
2090,17.729997634887695,17.733206546239444,0.003208911351748611
2091,17.682790756225586,17.654410037835078,0.028380718390508264
2092,17.59791374206543,17.586547871289326,0.011365870776103293
2093,17.496824264526367,17.518418959795667,0.021594695269300246
2094,17.5020694732666,17.4512470624677,0.05082241079890082
2095,17.41814613342285,17.386863415964626,0.031282717458225306
2096,17.396926879882812,17.32699995773146,0.06992692215135321
2097,17.264127731323242,17.268937683965646,0.004809952642403914
2098,17.253875732421875,17.21372782880337,0.04014790361850373
2099,17.171859741210938,17.158901456539866,0.012958284671071851
2100,17.116785049438477,17.104672826604883,0.012112222833593478
2101,17.045021057128906,17.066802239597223,0.02178118246831673
2102,16.989946365356445,17.009496349871256,0.019549984514810603
2103,16.889095306396484,16.957242614537904,0.06814730814141967
2104,16.828060150146484,16.902300943442583,0.07424079329609867
2105,16.755104064941406,16.848247420433893,0.09314335549248653
2106,16.746997833251953,16.794677822367987,0.047679989116033994
2107,16.621112823486328,16.740392008614435,0.1192791851281072
2108,16.6318416595459,16.68898663395879,0.05714497441289268
2109,16.531944274902344,16.64653355329193,0.11458927838958743
2110,16.471147537231445,16.60888133143601,0.13773379420456422
2111,16.394853591918945,16.595438943696195,0.20058535177724934
2112,16.336917877197266,16.641563428684947,0.30464555148768113
2113,16.26420021057129,16.779248730784957,0.5150485202136679
2114,16.19696617126465,17.16109010264688,0.9641239313822325
2115,21.131038665771484,18.871462179447462,2.259576486324022
2116,21.11983299255371,20.172022843837567,0.9478101487161439
2117,20.984888076782227,20.31394368492556,0.6709443918566649
2118,20.99394798278809,20.250707778188826,0.7432402045992639
2119,20.854949951171875,20.17185251986575,0.6830974313061233
2120,20.86496353149414,20.092380302742185,0.7725832287519552
2121,20.802021026611328,20.600068656449366,0.20195237016196188
2122,20.725011825561523,20.485689844974786,0.23932198058673748
2123,20.64204216003418,20.402384830561004,0.2396573294731752
2124,20.57790756225586,20.32802131674316,0.24988624551269822
2125,20.50495147705078,20.257688352103287,0.24726312494749436
2126,20.47896385192871,20.19053567124729,0.2884281806814215
2127,20.355939865112305,20.124777412092953,0.23116245301935123
2128,20.325899124145508,20.060665505127417,0.2652336190180904
2129,20.24698257446289,19.99636431168028,0.25061826278260924
2130,20.24507522583008,19.93114546820607,0.3139297576240132
2131,20.16997337341309,20.085529080233755,0.08444429317933455
2132,20.09797096252441,19.994758932057266,0.10321203046714444
2133,20.04098892211914,19.910710654983177,0.1302782671359637
2134,19.99092102050781,19.82581448282872,0.16510653767909034
2135,19.95110511779785,19.740123578344537,0.21098153945331433
2136,19.819021224975582,19.655803731041033,0.16321749393454965
2137,19.81806755065918,19.573451582743928,0.24461596791525153
2138,19.742965698242188,19.49229712010947,0.2506685781327178
2139,19.681930541992188,19.411996309031565,0.26993423296062247
2140,19.56796646118164,19.33301000622123,0.23495645496041107
2141,19.55103874206543,19.44909679804141,0.1019419440240199
2142,19.49596405029297,19.368036132107136,0.12792791818583282
2143,19.40393447875977,19.292663541875754,0.11127093688401501
2144,19.3471908569336,19.21935312458345,0.1278377323501516
2145,19.26708221435547,19.147408007995637,0.11967420635983217
2146,19.20318603515625,19.077712996363516,0.12547303879273386
2147,19.137859344482425,19.009234124979457,0.12862521950296824
2148,19.079923629760746,18.941615846784998,0.13830778297574753
2149,19.06299591064453,18.8748967640322,0.18809914661233051
2150,18.945932388305664,18.809112770043157,0.136819618262507
2151,18.91684532165528,18.870574835574416,0.04627048608086426
2152,18.863201141357425,18.80467892891602,0.05852221244140665
2153,18.78690719604492,18.740071457074237,0.04683573897068172
2154,18.722057342529297,18.676060457750054,0.045996884779242464
2155,18.657922744750977,18.61270908287338,0.04521366187759668
2156,18.592119216918945,18.549845823315536,0.042273393603409204
2157,18.5089111328125,18.48722890707677,0.021682225735730754
2158,18.45002174377441,18.424802631784587,0.025219111989823517
2159,18.39804649353028,18.362350452349574,0.03569604118070657
2160,18.32103729248047,18.2999521128977,0.021085179582769342
2161,18.34893226623535,18.26744055125573,0.08149171497962016
2162,18.213987350463867,18.205469206890257,0.00851814357361036
2163,18.2180404663086,18.142666051716105,0.0753744145924955
2164,18.13197135925293,18.079105411999308,0.052865947253621925
2165,18.04494857788086,18.015079513560295,0.029869064320564576
2166,17.979860305786133,17.95086636033716,0.028993945448974046
2167,17.9288387298584,17.886012883792546,0.0428258460658526
2168,17.841815948486328,17.82067891079464,0.02113703769168751
2169,17.79007911682129,17.75456154911126,0.03551756771003056
2170,17.73214340209961,17.687987902036184,0.04415550006342528
2171,17.702102661132812,17.659562930560924,0.04253973057188887
2172,17.574071884155273,17.59255619330702,0.018484309151745038
2173,17.555952072143555,17.525267811990375,0.03068426015317982
2174,17.513036727905273,17.458230176004008,0.054806551901265266
2175,17.421960830688477,17.394052831448903,0.027907999239573655
2176,17.354965209960938,17.332449901559244,0.0225153084016938
2177,17.275094985961914,17.27303019991666,0.002064786045252731
2178,17.20595359802246,17.21611414214408,0.010160544121617932
2179,17.184972763061523,17.161464358252942,0.023508404808580963
2180,17.116069793701172,17.106988369150145,0.00908142455102734
2181,17.03619956970215,17.0629734210479,0.02677385134575161
2182,16.95990562438965,17.00746067365344,0.04755504926379217
2183,16.958951950073242,16.951839738368335,0.007112211704907168
2184,16.827106475830078,16.898798296992368,0.07169182116228967
2185,16.826868057250977,16.84516097567723,0.0182929184262548
2186,16.75105094909668,16.792181077804003,0.04113012870732291
2187,16.662120819091797,16.73880703062025,0.0766862115284539
2188,16.60609245300293,16.68878414144359,0.08269168844066144
2189,16.54982566833496,16.647622839428777,0.09779717109381636
2190,16.48712158203125,16.6122033261189,0.12508174408765171
2191,16.41106605529785,16.590501029959626,0.17943497466177405
2192,16.343116760253906,16.62670452453341,0.2835877642795026
2193,16.285181045532227,16.739871005192697,0.4546899596604703
2194,16.2200927734375,17.070146836914546,0.8500540634770459
2195,21.17705345153809,18.543086873734183,2.633966577803907
2196,21.10791206359864,20.08373712305911,1.024174940539531
2197,21.041154861450195,20.30303753286944,0.7381173285807563
2198,20.968914031982425,20.242005002046426,0.7269090299359995
2199,20.901918411254883,20.164144259638306,0.737774151616577
2200,20.889997482299805,20.084443476548586,0.8055540057512189
2201,20.756006240844727,20.610296560164443,0.14570968068028378
2202,20.780086517333984,20.492988718160632,0.28709779917335254
2203,20.667076110839844,20.409379287741558,0.2576968230982857
2204,20.607948303222656,20.333614241280884,0.27433406194177223
2205,20.57504653930664,20.26233823039547,0.3127083089111693
2206,20.505189895629883,20.194904836671412,0.31028505895847047
2207,20.416975021362305,20.129099848475107,0.28787517288719755
2208,20.35999298095703,20.06424061545431,0.29575236550272166
2209,20.267963409423828,19.999662095301574,0.26830131412225455
2210,20.21312713623047,19.933728771547976,0.2793983646824927
2211,20.13707160949707,20.089821041153755,0.047250568343315535
2212,20.11299133300781,20.001858698890373,0.11113263411743546
2213,20.00594139099121,19.916871100349454,0.08907029064175731
2214,20.004987716674805,19.831372868509334,0.1736148481654709
2215,19.942045211791992,19.745374500473645,0.19667071131834746
2216,19.85692977905273,19.661163348985156,0.19576643006757521
2217,19.784927368164062,19.578833887976543,0.20609348018751916
2218,19.722938537597656,19.497411579891377,0.22552695770627906
2219,19.66094970703125,19.417032209844365,0.24391749718688516
2220,19.6688175201416,19.337882355387137,0.3309351647544645
2221,19.522905349731445,19.47377176389864,0.04913358583280569
2222,19.54197883605957,19.385550041590704,0.15642879446886582
2223,19.449949264526367,19.309780254502584,0.1401690100237829
2224,19.40202713012696,19.236186754028495,0.16584037609846547
2225,19.30785179138184,19.163898957799574,0.14395283358226507
2226,19.24896240234375,19.09413283675576,0.15482956558798833
2227,19.19388771057129,19.025628061228872,0.1682596493424171
2228,19.093036651611328,18.95815657317712,0.13488007843420746
2229,19.04296875,18.89131067864014,0.15165807135986142
2230,19.0420150756836,18.825340276407587,0.21667479927601363
2231,18.91303062438965,18.912487400058353,0.0005432243312952778
2232,18.88608932495117,18.842527759829863,0.043561565121304824
2233,18.809080123901367,18.777563386464635,0.031516737436732
2234,18.72897148132324,18.71327590697547,0.015695574347770247
2235,18.688201904296875,18.649542234356886,0.03865966993998882
2236,18.613815307617188,18.586302094917073,0.02751321270011431
2237,18.53489875793457,18.523462369188337,0.011436388746233206
2238,18.539905548095703,18.46093010701111,0.07897544108459442
2239,18.39494705200196,18.398598813575973,0.0036517615740123688
2240,18.40686798095703,18.336239922916775,0.07062805804025629
2241,18.40400695800781,18.31147505444619,0.09253190356161767
2242,18.27692985534668,18.24755768251407,0.029372172832609067
2243,18.22519302368164,18.18502914511555,0.040163878566090716
2244,18.1269645690918,18.122015709252537,0.00494885983926352
2245,18.05996894836425,18.058620991496355,0.0013479568678960163
2246,17.982006072998047,17.99476880319162,0.01276273019357177
2247,17.9140567779541,17.930695498478144,0.016638720524042583
2248,17.838001251220703,17.865917194740177,0.02791594351947424
2249,17.771005630493164,17.80055291558824,0.029547285095077314
2250,17.718076705932617,17.734408464605167,0.016331758672549768
2251,17.625093460083008,17.659201457718154,0.0341079976351466
2252,17.66490936279297,17.592019401902803,0.07288996089016564
2253,17.537832260131836,17.52391444750856,0.013917812623276404
2254,17.550945281982422,17.456375744131947,0.09456953785047517
2255,17.466068267822266,17.39190219501552,0.07416607280674725
2256,17.40407943725586,17.33218781258472,0.07189162467113874
2257,17.332077026367188,17.27412680862983,0.05795021773735698
2258,17.262935638427734,17.219339377234633,0.04359626119310178
2259,17.203092575073242,17.164690524538173,0.038402050535069066
2260,17.119884490966797,17.111274742902083,0.00860974806471404
2261,17.082929611206055,17.085550151335838,0.0026205401297829667
2262,17.063140869140625,17.02986640273707,0.03327446640355447
2263,16.91293716430664,16.974510011394273,0.061572847087632
2264,16.90220832824707,16.919460829640798,0.01725250139372747
2265,16.836881637573242,16.861334218788215,0.02445258121497318
2266,16.78609848022461,16.807161841477125,0.021063361252515733
2267,16.724824905395508,16.754106389853973,0.029281484458465457
2268,16.638994216918945,16.701968418949775,0.06297420203082993
2269,16.57390594482422,16.656767425118346,0.08286148029412743
2270,16.53599739074707,16.62003767857101,0.0840402878239388
2271,16.484975814819336,16.585058451035195,0.10008263621585911
2272,16.381025314331055,16.592473638901595,0.21144832457054008
2273,16.373157501220703,16.6533841408949,0.28022663967419703
2274,16.28899574279785,16.88800079842423,0.5990050556263782
2275,16.228914260864258,18.082741811866754,1.853827551002496
2276,21.14105224609375,19.921083825067853,1.2199684210258965
2277,21.07787132263184,20.254966216100456,0.8229051065313833
2278,20.997047424316406,20.23281427989332,0.7642331444230877
2279,20.92790603637696,20.165891180852213,0.7620148555247468
2280,20.86877822875977,20.086730829291355,0.7820473994684143
2281,20.848989486694336,20.613542196883827,0.23544728981050866
2282,20.71690559387207,20.49310249321934,0.2238031006527308
2283,20.72405815124512,20.40279726514882,0.3212608860963009
2284,20.642995834350582,20.325222314852454,0.3177735194981288
2285,20.56002616882324,20.25342077155301,0.3066053972702285
2286,20.46513557434082,20.186739105895413,0.27839646844540766
2287,20.43390274047852,20.123134446066615,0.3107682944119041
2288,20.396947860717773,20.06121372482994,0.33573413588783296
2289,20.29204368591309,20.000526243961758,0.29151744195133134
2290,20.277023315429688,19.93961121297616,0.33741210245352704
2291,20.205020904541016,20.131447813525938,0.07357309101507781
2292,20.11299133300781,20.045788061736403,0.06720327127140635
2293,20.13111114501953,19.96516488799216,0.16594625702737176
2294,19.984006881713867,19.882876399549332,0.10113048216453535
2295,19.97709274291992,19.799447451589458,0.17764529133046025
2296,19.91605758666992,19.715022633249646,0.20103495342027244
2297,19.84214782714844,19.631823944337157,0.21032388281128434
2298,19.75703239440918,19.550137854196237,0.20689454021294296
2299,19.696950912475582,19.469610508849655,0.22734040362592722
2300,19.61588859558105,19.389797643782458,0.22609095179859295
2301,19.546031951904297,19.48521259100744,0.06081936089685769
2302,19.50693130493164,19.40100042367021,0.10593088126142902
2303,19.442081451416016,19.323738016169045,0.11834343524697033
2304,19.353151321411133,19.249580381028863,0.10357094038226933
2305,19.37198638916016,19.177166619556374,0.1948197696037859
2306,19.22607421875,19.10626477962296,0.11980943912703879
2307,19.160032272338867,19.03722837658961,0.12280389574925721
2308,19.09995079040528,18.969239313605613,0.130711476799668
2309,19.112110137939453,18.90213099147786,0.20997914646159188
2310,18.983125686645508,18.83607136386445,0.14705432278105945
2311,18.97597312927246,18.90365899728863,0.07231413198383052
2312,18.85104179382324,18.837353872896756,0.013687920926482633
2313,18.841981887817383,18.77250242804962,0.06947945976776282
2314,18.759965896606445,18.70828199457719,0.05168390202925366
2315,18.719911575317383,18.644584384588825,0.07532719072855798
2316,18.661975860595703,18.58149983931412,0.0804760212815836
2317,18.566131591796875,18.518835178184645,0.047296413612230026
2318,18.51987838745117,18.456293942676893,0.06358444477427483
2319,18.439054489135746,18.393754569558496,0.04529991957724988
2320,18.379926681518555,18.331285628619298,0.048641052899256465
2321,18.301963806152344,18.3203356257593,0.018371819606954887
2322,18.290996551513672,18.25838883107167,0.032607720442001664
2323,18.198013305664062,18.19613931345998,0.001873992204082242
2324,18.168926239013672,18.133528661621767,0.03539757739190463
2325,18.102169036865234,18.070150028137277,0.03201900872795704
2326,18.052101135253903,18.006231301740172,0.04586983351373064
2327,17.956972122192383,17.94209044308559,0.014881679106792944
2328,17.89689064025879,17.877441660061777,0.019448980197012133
2329,17.844200134277344,17.81216592905821,0.03203420521913358
2330,17.832040786743164,17.746006748268428,0.08603403847473601
2331,17.686128616333008,17.71945280086129,0.033324184528282785
2332,17.6999568939209,17.651732937792985,0.04822395612791297
2333,17.62700080871582,17.585024013527573,0.041976795188247706
2334,17.544984817504883,17.517791588545606,0.027193228959276894
2335,17.467975616455078,17.4512503639761,0.01672525247897738
2336,17.418861389160156,17.38767363998761,0.03118774917254541
2337,17.338037490844727,17.32582682174666,0.012210669098067228
2338,17.27008819580078,17.26624890166306,0.003839294137719662
2339,17.203807830810547,17.208481393339525,0.004673562528978437
2340,17.213106155395508,17.15373214092608,0.059374014469426584
2341,17.069101333618164,17.117361200618575,0.04825986700041085
2342,17.047882080078125,17.0580002488947,0.010118168816575235
2343,17.004013061523438,17.000008830578395,0.004004230945042764
2344,16.946077346801758,16.946164868699043,8.752189728511439e-05
2345,16.876935958862305,16.893377643469876,0.016441684607571005
2346,16.803979873657227,16.83924179438634,0.03526192072911272
2347,16.744136810302734,16.785613234766572,0.0414764244638377
2348,16.649961471557617,16.731884529392005,0.08192305783438769
2349,16.605138778686523,16.68055771370547,0.07541893501894492
2350,16.540050506591797,16.640057390603147,0.10000688401134994
2351,16.490936279296875,16.60015921184055,0.10922293254367332
2352,16.47806167602539,16.60131816827004,0.12325649224464996
2353,16.332149505615234,16.63172950497227,0.29957999935703583
2354,16.33477210998535,16.74525483419842,0.4104827242130682
2355,16.256093978881836,17.10944562259442,0.8533516437125854
2356,16.21103286743164,18.755459025840082,2.5444261584084416
2357,21.100997924804688,20.10017592596114,1.0008219988435485
2358,21.0418701171875,20.265530027131717,0.7763400900557826
2359,20.962953567504883,20.203535826169627,0.7594177413352554
2360,20.949840545654297,20.127145355502307,0.8226951901519897
2361,20.80297470092773,20.68025772416604,0.12271697676169069
2362,20.82085609436035,20.540454250465245,0.28040184389510614
2363,20.756959915161133,20.437406215819465,0.3195536993416681
2364,20.702123641967773,20.35082813677036,0.35129550519741315
2365,20.64204216003418,20.27520192297061,0.3668402370635704
2366,20.552873611450195,20.206673782922735,0.34619982852746034
2367,20.48015594482422,20.143321053581076,0.3368348912431429
2368,20.43890953063965,20.08245783088114,0.35645169975850877
2369,20.4160213470459,20.023766154167788,0.3922551928781104
2370,20.267963409423828,19.965539736176652,0.30242367324717634
2371,20.25914192199707,20.17414427461972,0.0849976473773495
2372,20.19691467285156,20.098534991632278,0.09837968121928142
2373,20.117998123168945,20.02297717831425,0.0950209448546957
2374,20.04694938659668,19.945099166477576,0.10185022011910405
2375,19.97208595275879,19.864818333758194,0.107267619000595
2376,19.88697052001953,19.782937539275736,0.10403298074379563
2377,19.844770431518555,19.699841789702077,0.14492864181647747
2378,19.776105880737305,19.61712461309162,0.15898126764568588
2379,19.779205322265625,19.535901749975437,0.24330357229018773
2380,19.635915756225582,19.455584008085225,0.18033174814035746
2381,19.572973251342773,19.515532289688053,0.05744096165472001
2382,19.52195167541504,19.431609977857534,0.09034169755750554
2383,19.514083862304688,19.352553581484244,0.1615302808204433
2384,19.36483383178711,19.276672728267386,0.08816110351972384
2385,19.35410499572754,19.203521460610773,0.15058353511676614
2386,19.28901672363281,19.132365658492745,0.1566510651400641
2387,19.22297477722168,19.06263949416598,0.16033528305570144
2388,19.142866134643555,18.994431177162596,0.14843495748095847
2389,19.07801628112793,18.927044851096753,0.15097143003117708
2390,19.002914428710938,18.860751747581617,0.14216268112932084
2391,18.998146057128903,18.923307543587953,0.07483851354094995
2392,18.876075744628903,18.85658930737577,0.01948643725313204
2393,18.891096115112305,18.791555856296327,0.09954025881597772
2394,18.796205520629883,18.72725026083799,0.06895525979189188
2395,18.719911575317383,18.663446494656455,0.056465080660927924
2396,18.661022186279297,18.600045173883473,0.060977012395824204
2397,18.57805252075196,18.537019378527475,0.041033142224485175
2398,18.49818229675293,18.474196414302924,0.023985882450006102
2399,18.44000816345215,18.411607433904464,0.028400729547684023
2400,18.39995384216309,18.34911614429302,0.050837697870068865
2401,18.30601692199707,18.32983025599333,0.023813333996258734
2402,18.24307441711425,18.267310353309085,0.02423593619483455
2403,18.22781562805176,18.204865623431488,0.022950004620273745
2404,18.110990524291992,18.142022850156536,0.031032325864543964
2405,18.04804801940918,18.07847101446214,0.030422995052958868
2406,17.99917221069336,18.01443055552454,0.015258344831181603
2407,17.99488067626953,17.950129362077405,0.0447513141921263
2408,17.850875854492188,17.88530873130867,0.03443287681648144
2409,17.867088317871094,17.819963245358394,0.04712507251269926
2410,17.766952514648438,17.753974896464797,0.012977618183640516
2411,17.71688461303711,17.692555665888676,0.024328947148433144
2412,17.69709587097168,17.625240449234525,0.07185542173715476
2413,17.57192611694336,17.55730988220705,0.014616234736308797
2414,17.534971237182617,17.48928653432813,0.045684702854487114
2415,17.472028732299805,17.423027969670102,0.049000762629702876
2416,17.379045486450195,17.360556997033427,0.01848848941676806
2417,17.309904098510742,17.300362118149337,0.009541980361404967
2418,17.25006103515625,17.242455777164878,0.0076052579913721274
2419,17.25482940673828,17.18666189363205,0.06816751310623204
2420,17.1051025390625,17.131526195427682,0.02642365636518207
2421,17.109155654907227,17.08907523111236,0.020080423794865965
2422,17.054080963134766,17.033737548317163,0.020343414817602934
2423,16.96300506591797,16.982082825123257,0.019077759205288203
2424,16.89910888671875,16.931063261353074,0.03195437463432427
2425,16.82591438293457,16.8738669986368,0.047952615702229195
2426,16.772031784057617,16.820693581578894,0.04866179752127664
2427,16.672849655151367,16.767501286665265,0.09465163151389788
2428,16.679048538208008,16.71416495286593,0.035116414657920814
2429,16.579866409301758,16.667773511294115,0.08790710199235718
2430,16.50094985961914,16.629383910235163,0.12843405061602198
2431,16.49785041809082,16.595102316820487,0.09725189872966666
2432,16.35909080505371,16.60830915463407,0.24921834958036015
2433,16.35003089904785,16.660273500058054,0.3102426010102022
2434,16.29185676574707,16.852452949557062,0.5605961838099915
2435,16.201019287109375,17.48302247239053,1.2820031852811553
2436,21.183013916015625,19.412518116666888,1.770495799348737
2437,21.061182022094727,20.25859211886427,0.8025899032304551
2438,21.04783058166504,20.263951059575902,0.783879522089137
2439,20.960092544555664,20.188396971036582,0.7716955735190822
2440,20.907878875732425,20.105365219933446,0.8025136557989789
2441,20.832061767578125,20.647182705090472,0.18487906248765285
2442,20.84183692932129,20.521780918954846,0.32005601036644293
2443,20.721912384033203,20.429128741682234,0.2927836423509689
2444,20.6599235534668,20.349528866233868,0.3103946872329324
2445,20.55692672729492,20.276792064862548,0.2801346624323706
2446,20.49899101257324,20.209237785138612,0.28975322743462684
2447,20.43795585632324,20.14508050359609,0.2928753527271475
2448,20.42698860168457,20.082285475211847,0.34470312647272294
2449,20.294904708862305,20.020864551554496,0.27404015730780884
2450,20.28489112854004,19.958725084222806,0.3261660443172332
2451,20.20096778869629,20.14265601127363,0.05831177742265936
2452,20.106077194213867,20.05667084927154,0.04940634494232654
2453,20.05600929260254,19.975623389370867,0.08038590323167227
2454,19.97590065002441,19.8929377040713,0.08296294595310982
2455,19.93107795715332,19.809109188940965,0.12196876821235492
2456,19.92106437683105,19.72428581927943,0.196778557551621
2457,19.819974899291992,19.640688917661464,0.1792859816305281
2458,19.78588104248047,19.558669967750575,0.22721107472989388
2459,19.72222328186035,19.477976700443378,0.24424658141697364
2460,19.669055938720703,19.398038208748858,0.27101772997184526
2461,19.501209259033203,19.5034975296835,0.0022882706502969086
2462,19.498825073242188,19.416329581133596,0.08249549210859186
2463,19.46401596069336,19.338943578702583,0.1250723819907762
2464,19.38319206237793,19.264685035921048,0.11850702645688216
2465,19.29306983947754,19.192233010812743,0.10083682866479649
2466,19.237041473388672,19.121036913361422,0.11600456002724968
2467,19.16098594665528,19.051945654496194,0.1090402921590865
2468,19.16193962097168,18.983942708246104,0.17799691272557538
2469,19.03319358825684,18.916738896336938,0.11645469191990188
2470,19.026994705200195,18.85046661772094,0.1765280874792552
2471,18.94092559814453,18.910115223945922,0.03081037419860877
2472,18.86582374572754,18.840903079080817,0.024920666646721656
2473,18.82290840148925,18.77576651935442,0.04714188213483084
2474,18.774986267089844,18.71151408664673,0.06347218044311376
2475,18.68915557861328,18.647916199142855,0.041239379470425774
2476,18.63598823547364,18.584834024181873,0.05115421129176667
2477,18.566131591796875,18.522139903438983,0.04399168835789169
2478,18.48483085632324,18.459530098141386,0.025300758181852956
2479,18.42808723449707,18.397133451770742,0.030953782726328427
2480,18.344879150390625,18.334760169921083,0.010118980469542294
2481,18.275022506713867,18.300608351182746,0.02558584446887835
2482,18.27001571655273,18.239326090878194,0.030689625674536813
2483,18.13006401062012,18.176860536101458,0.04679652548133717
2484,18.110990524291992,18.11378631862226,0.0027957943302681088
2485,18.06902885437012,18.05001810714657,0.01901074722355034
2486,17.979860305786133,17.985874200945773,0.006013895159640015
2487,17.898082733154297,17.92144111647076,0.023358383316463005
2488,17.843961715698242,17.856249023679993,0.012287307981750928
2489,17.76909828186035,17.79056238186172,0.021464100001367115
2490,17.73810386657715,17.724154995363506,0.013948871213642633
2491,17.64392852783203,17.65192188565834,0.007993357826308056
2492,17.672061920166016,17.58357888404305,0.08848303612296604
2493,17.510175704956055,17.515347795097114,0.005172090141059016
2494,17.51995086669922,17.44814576092324,0.07180510577597943
2495,17.452001571655273,17.384348005180073,0.06765356647520093
2496,17.380952835083008,17.32394453868835,0.0570082963946561
2497,17.318010330200195,17.26559520299986,0.0524151272003337
2498,17.24410057067871,17.209896132015956,0.03420443866275491
2499,17.160892486572266,17.154882420314266,0.006010066257999824
2500,17.100095748901367,17.100419044666637,0.0003232957652699042
2501,17.030954360961914,17.0668758039767,0.03592144301478584
2502,16.95990562438965,17.012183015822302,0.05227739143265353
2503,16.915082931518555,16.959117532692858,0.044034601174303134
2504,16.83807373046875,16.903444958430214,0.06537122796146377
2505,16.75891876220703,16.846394258372754,0.08747549616572314
2506,16.70694351196289,16.79329626808368,0.08635275612078885
2507,16.628026962280273,16.740119634171435,0.1120926718911619
2508,16.566038131713867,16.688088285057745,0.12205015334387781
2509,16.511917114257812,16.645703901161824,0.13378678690401102
2510,16.50404930114746,16.60890059023501,0.1048512890875486
2511,16.430139541625977,16.607680047975748,0.17754050634977148
2512,16.366004943847656,16.661650313714915,0.295645369867259
2513,16.30091667175293,16.80322056000705,0.5023038882541186
2514,16.230106353759766,17.16482470122571,0.934718347465946
2515,21.23594284057617,18.56609229218975,2.6698505483864174
2516,21.129131317138672,20.10439034376077,1.0247409733779023
2517,21.08287811279297,20.32368093369996,0.7591971790930074
2518,21.00491523742676,20.268174281397933,0.7367409560288287
2519,20.93291282653809,20.19012357527572,0.7427892512623693
2520,20.85399627685547,20.1082526006644,0.7457436761910685
2521,20.788908004760746,20.612787759887397,0.1761202448733492
2522,20.726919174194336,20.501850305322478,0.22506886887185829
2523,20.71499824523925,20.416011764154973,0.2989864810842775
2524,20.60198783874512,20.340170529038915,0.2618173097062062
2525,20.50614356994629,20.268172926932948,0.23797064301334103
2526,20.468950271606445,20.199836782296643,0.2691134893098024
2527,20.46489715576172,20.133302076089876,0.33159507967184254
2528,20.394086837768555,20.067801503898863,0.3262853338696914
2529,20.309925079345703,20.00272352478305,0.30720155456265275
2530,20.270109176635746,19.936887045275853,0.33322213135989287
2531,20.20192146301269,20.117917385562123,0.08400407745056881
2532,20.11299133300781,20.025856432255296,0.08713490075251329
2533,20.04289627075196,19.939703993827607,0.10319227692435362
2534,19.97900009155273,19.852998256453702,0.12600183509902863
2535,19.891977310180664,19.765761907422075,0.12621540275858933
2536,19.845008850097656,19.680259950803247,0.16474889929440906
2537,19.83499526977539,19.596993538641527,0.23800173113386336
2538,19.69289779663086,19.514953594523377,0.17794420210748285
2539,19.678831100463867,19.434045644516118,0.24478545594774914
2540,19.59991455078125,19.35435095651883,0.24556359426242125
2541,19.537925720214844,19.454014860400548,0.08391085981429569
2542,19.48094367980957,19.370682418070828,0.11026126173874218
2543,19.40488815307617,19.29539211158726,0.10949604148890657
2544,19.3479061126709,19.222025483998095,0.12588062867280314
2545,19.27018165588379,19.150138948020867,0.12004270786292182
2546,19.214868545532227,19.080543828181362,0.13432471735086438
2547,19.12689208984375,19.012175007077303,0.11471708276644677
2548,19.078969955444336,18.944741274736998,0.13422868070733784
2549,19.07610893249512,18.87810532227263,0.19800361022248936
2550,18.922090530395508,18.81241444775128,0.10967608264422779
2551,18.935203552246094,18.8656943596186,0.06950919262749267
2552,18.86296272277832,18.801221487734665,0.06174123504365525
2553,18.821001052856445,18.736724066172883,0.08427698668356243
2554,18.76306533813477,18.67283141322673,0.09023392490803772
2555,18.681049346923828,18.609492736459288,0.07155661046454043
2556,18.60189437866211,18.546576314150798,0.055318064511311604
2557,18.54085922241211,18.48390217176643,0.056957050645678464
2558,18.46599578857422,18.42139835335388,0.04459743522033932
2559,18.4171199798584,18.358839171185082,0.05828080867331664
2560,18.41592788696289,18.29644320204693,0.11948468491596032
2561,18.28908920288086,18.307123835683115,0.018034632802255146
2562,18.2950496673584,18.24274120502878,0.05230846232961994
2563,18.227100372314453,18.18050218452072,0.046598187793733814
2564,18.156051635742188,18.117664321181337,0.03838731456085043
2565,18.08309555053711,18.054184441439247,0.02891110909786221
2566,18.014907836914062,17.990352908725527,0.024554928188535996
2567,17.928123474121094,17.926268937600298,0.001854536520795591
2568,17.84491539001465,17.86170785618424,0.016792466169590625
2569,17.78697967529297,17.796584841107688,0.00960516581471893
2570,17.758846282958984,17.73074057342683,0.028105709532155743
2571,17.652034759521484,17.678332259777108,0.026297500255623163
2572,17.63606071472168,17.611270158766956,0.02479055595472346
2573,17.56000518798828,17.544119509608436,0.015885678379845558
2574,17.51112937927246,17.476918237321115,0.03421114195134578
2575,17.46201515197754,17.41208727875687,0.04992787322066761
2576,17.384052276611328,17.34983158139869,0.03422069521263893
2577,17.323970794677734,17.29039723460346,0.0335735600742737
2578,17.234086990356445,17.232869720544386,0.001217269812059385
2579,17.16303825378418,17.17788589172642,0.01484763794223909
2580,17.083168029785156,17.123652182547744,0.040484152762587655
2581,17.004013061523438,17.072375439738607,0.06836237821516988
2582,17.0290470123291,17.02100955620267,0.008037456126430698
2583,16.885042190551758,16.968237314742396,0.08319512419063813
2584,16.889095306396484,16.913282437613475,0.024187131216990565
2585,16.80302619934082,16.855719453502616,0.05269325416179527
2586,16.749143600463867,16.802734010788356,0.05359041032448886
2587,16.664981842041016,16.75035905083888,0.08537720879786548
2588,16.61086082458496,16.700298236642652,0.08943741205769129
2589,16.546964645385742,16.65853013431473,0.11156548892898854
2590,16.464948654174805,16.621969357274224,0.15702070309941973
2591,16.389131546020508,16.59689969185507,0.2077681458345637
2592,16.337156295776367,16.636811245959393,0.2996549501830259
2593,16.264915466308594,16.730298196932836,0.46538273062424196
2594,16.251087188720703,17.014130397853933,0.7630432091332295
2595,21.17490768432617,18.09162659424146,3.083281090084707
2596,21.107196807861328,19.956737068241637,1.1504597396196914
2597,21.014928817749023,20.304331385545993,0.7105974322030306
2598,20.94697952270508,20.261614946093687,0.6853645766113949
2599,20.87998390197754,20.18809153918255,0.691892362794988
2600,20.86806297302246,20.106500261590554,0.7615627114319068
2601,20.74503898620605,20.60376600724112,0.14127297896493118
2602,20.72596549987793,20.490175494387586,0.2357900054903439
2603,20.65300941467285,20.406410639111527,0.24659877556132415
2604,20.5988883972168,20.331046852902546,0.2678415443142548
2605,20.557880401611328,20.26015754177024,0.2977228598410875
2606,20.46704292297364,20.19253418433209,0.27450873864155056
2607,20.39623260498047,20.126606955670923,0.26962564930954613
2608,20.328998565673828,20.061705734235602,0.26729283143822613
2609,20.333051681518555,19.99717089557862,0.33588078593993487
2610,20.23482322692871,19.931588716872284,0.3032345100564271
2611,20.17092704772949,20.097635626882493,0.07329142084699569
2612,20.10703086853028,20.00857041150539,0.09846045702489192
2613,20.03788948059082,19.92337219365936,0.11451728693145924
2614,19.964933395385746,19.837518076144534,0.1274153192412122
2615,19.889116287231445,19.751225789207183,0.13789049802426234
2616,19.81806755065918,19.666494861780848,0.15157268887833197
2617,19.82998847961425,19.583774637624174,0.2462138419900768
2618,19.67692375183105,19.50227918842984,0.1746445634012126
2619,19.68312263488769,19.42172339931858,0.2613992355691117
2620,19.61588859558105,19.342360893858768,0.27352770172228347
2621,19.54507827758789,19.453772749784548,0.09130552780334256
2622,19.49310302734375,19.36910886837495,0.12399415896879873
2623,19.41704750061035,19.293803662776554,0.12324383783379744
2624,19.32692527770996,19.22045972247588,0.10646555523408097
2625,19.270896911621094,19.148613481831944,0.12228342978914952
2626,19.20604705810547,19.079123671644993,0.12692338646047574
2627,19.138097763061523,19.010832562969426,0.12726520009209707
2628,19.05488967895508,18.943491611480567,0.1113980674745143
2629,19.064903259277344,18.87685447385934,0.18804878541800463
2630,18.9509391784668,18.811111791052326,0.1398273874144742
2631,18.958091735839844,18.869498882452262,0.08859285338758127
2632,18.85390281677246,18.803257248606542,0.05064556816591903
2633,18.80192756652832,18.73862285677319,0.0633047097551298
2634,18.693923950195312,18.6747093789279,0.019214571267411884
2635,18.637895584106445,18.611323803810365,0.02657178029608076
2636,18.57900619506836,18.548367763401075,0.03063843166728475
2637,18.557071685791016,18.4857053032772,0.07136638251381555
2638,18.42188835144043,18.423305440052218,0.001417088611788131
2639,18.419981002807617,18.360869852813266,0.05911114999435085
2640,18.297910690307617,18.298511300770315,0.0006006104626976594
2641,18.342018127441406,18.26347433916453,0.0785437882768747
2642,18.269062042236328,18.20240777740878,0.0666542648275481
2643,18.226146697998047,18.139497280884598,0.08664941711344909
2644,18.1269645690918,18.075901763694446,0.05106280539735408
2645,18.064022064208984,18.01184979180448,0.05217227240450484
2646,17.98105239868164,17.947640194051928,0.033412204629712505
2647,17.935991287231445,17.882793151215992,0.0531981360154532
2648,17.833948135375977,17.81735420718178,0.01659392819419736
2649,17.837047576904297,17.751066860142828,0.08598071676146901
2650,17.68803596496582,17.684376221154707,0.003659743811113003
2651,17.757177352905273,17.659516370827077,0.09766098207819596
2652,17.577171325683594,17.594211688134465,0.017040362450870816
2653,17.575979232788086,17.52692550782342,0.04905372496466498
2654,17.5018310546875,17.460115591262593,0.041715463424907284
2655,17.436981201171875,17.395722802120872,0.041258399051002925
2656,17.354965209960938,17.333968002844813,0.020997207116124628
2657,17.321109771728516,17.274687641787523,0.04642212994099282
2658,17.234086990356445,17.21781661997568,0.016270370380766508
2659,17.22884178161621,17.16337466180562,0.06546711981059161
2660,17.111778259277344,17.109210368957406,0.00256789031993776
2661,17.071008682250977,17.076005490551438,0.004996808300461453
2662,16.969919204711914,17.01898293796944,0.04906373325752611
2663,16.987085342407227,16.966094635790796,0.020990706616430543
2664,16.842126846313477,16.912921557349136,0.07079471103565993
2665,16.835927963256836,16.856263482829092,0.020335519572256544
2666,16.777992248535156,16.80242002887411,0.024427780338953653
2667,16.71910285949707,16.74924470709982,0.030141847602749294
2668,16.63804054260254,16.6961353731665,0.058094830563959476
2669,16.57891273498535,16.654100695198792,0.07518796021344087
2670,16.479969024658203,16.616730879292163,0.13676185463395996
2671,16.433000564575195,16.581320593274995,0.14832002869979988
2672,16.3419246673584,16.60149695764801,0.2595722902896114
2673,16.284942626953125,16.675818356070238,0.39087572911711277
2674,16.24298095703125,16.932545723278736,0.6895647662474857
2675,21.20089530944824,18.016922940404356,3.1839723690438824
2676,21.11506462097168,19.918770060257884,1.1962945607137954
2677,21.028995513916016,20.289475952210978,0.7395195617050376
2678,20.99299430847168,20.24832425843215,0.7446700500395309
2679,20.90287208557129,20.176087931872644,0.7267841536986452
2680,20.91193199157715,20.09460365701443,0.8173283345627169
2681,20.765066146850582,20.623619416369365,0.14144673048121703
2682,20.751953125,20.50351324970734,0.24843987529266087
2683,20.685911178588867,20.41980731365811,0.26610386493075566
2684,20.60699462890625,20.343748348295776,0.26324628061047406
2685,20.55597305297852,20.272267135965194,0.28370591701332515
2686,20.457983016967773,20.204268591726304,0.25371442524146914
2687,20.399808883666992,20.138134468538738,0.2616744151282546
2688,20.34211158752441,20.072446302947355,0.2696652845770551
2689,20.28512954711914,20.006957582324958,0.2781719647941827
2690,20.261049270629883,19.940072746919668,0.3209765237102147
2691,20.143985748291016,20.100341847921754,0.043643900369261246
2692,20.15089988708496,20.007633798968527,0.14326608811643382
2693,20.055055618286133,19.921950005425515,0.13310561286061784
2694,19.98519897460937,19.83586495163081,0.1493340229785609
2695,19.91796493530273,19.749635647315245,0.16832928798748625
2696,19.847869873046875,19.665339841765217,0.182530031281658
2697,19.76490020751953,19.58303374527759,0.18186646224194192
2698,19.75703239440918,19.501519672189715,0.2555127222194642
2699,19.61898803710937,19.421051246069965,0.19793679103940676
2700,19.61803436279297,19.341818769248675,0.27621559354429337
2701,19.538164138793945,19.453805595560425,0.08435854323352032
2702,19.46902275085449,19.36849258680695,0.10053016404753734
2703,19.39105987548828,19.293147763107754,0.0979121123805271
2704,19.362211227416992,19.219798743563388,0.1424124838536045
2705,19.25015449523925,19.147908821423698,0.1022456738155526
2706,19.174814224243164,19.078350610755024,0.09646361348814025
2707,19.116878509521484,19.010033090012257,0.10684541950922721
2708,19.111156463623047,18.942607823078106,0.168548640544941
2709,18.97501945495605,18.875964928980693,0.09905452597535813
2710,18.98193359375,18.81024103937534,0.17169255437465836
2711,18.893957138061523,18.86591818495731,0.02803895310421467
2712,18.8291072845459,18.79731876618962,0.03178851835627938
2713,18.73016357421875,18.732610048090237,0.0024464738714868872
2714,18.696069717407227,18.668700295023655,0.027369422383571873
2715,18.621206283569336,18.605417489936826,0.015788793632509623
2716,18.61500740051269,18.54258775338735,0.07241964712533999
2717,18.484115600585938,18.480016550341816,0.004099050244121827
2718,18.47386360168457,18.417565217447418,0.05629838423715228
2719,18.39900016784668,18.355226305146743,0.04377386269993622
2720,18.339157104492188,18.292858949081392,0.046298155410795516
2721,18.25094223022461,18.267155774992716,0.016213544768106658
2722,18.20993423461914,18.20431384825838,0.005620386360760676
2723,18.131017684936523,18.141558268666813,0.010540583730289654
2724,18.07212829589844,18.078276479428723,0.006148183530282125
2725,17.99297332763672,18.014560584163064,0.0215872565263453
2726,17.92287826538086,17.950727019751866,0.02784875437100709
2727,17.876863479614258,17.88600103222393,0.009137552609672639
2728,17.79794692993164,17.82095132756467,0.02300439763303075
2729,17.732858657836914,17.755181386149843,0.02232272831292903
2730,17.718076705932617,17.6888823568504,0.02919434908221774
2731,17.651081085205078,17.616063271731264,0.035017813473814385
2732,17.58098602294922,17.546968626703574,0.034017396245644704
2733,17.529964447021484,17.478977278059915,0.050987168961569296
2734,17.4560546875,17.413781206528256,0.04227348097174399
2735,17.399072647094727,17.352467539566874,0.04660510752785285
2736,17.323970794677734,17.292703719164138,0.031267075513596865
2737,17.239809036254883,17.235931742604294,0.0038772936505893085
2738,17.182111740112305,17.180586356289496,0.00152538382280909
2739,17.116785049438477,17.12568625033839,0.00890120089991342
2740,17.104148864746094,17.071484455740915,0.03266440900517864
2741,16.965866088867188,17.032995386159655,0.06712929729246753
2742,16.954898834228516,16.976445287895103,0.021546453666587695
2743,16.89887046813965,16.921064685490705,0.022194217351056977
2744,16.80898666381836,16.86448516993977,0.05549850612140972
2745,16.731977462768555,16.813327577722248,0.08135011495369326
2746,16.679048538208008,16.761306641058127,0.08225810285011903
2747,16.59989356994629,16.707941567204898,0.10804799725860903
2748,16.531944274902344,16.66363363139567,0.13168935649332525
2749,16.453027725219727,16.62442923499441,0.17140150977468238
2750,16.447067260742188,16.59426225224081,0.14719499149862258
2751,16.305923461914062,16.609173430275348,0.3032499683612855
2752,16.330957412719727,16.708088145712452,0.37713073299272537
2753,16.234159469604492,16.973513040511534,0.739353570907042
2754,21.1789608001709,17.901636129465714,3.277324670705184
2755,21.1031436920166,19.898858070519054,1.2042856214975473
2756,21.03710174560547,20.391600580353497,0.6455011652519715
2757,21.037817001342773,20.35244198179953,0.685375019543244
2758,20.90001106262207,20.268998811957317,0.6310122506647531
2759,20.888805389404297,20.181135345637813,0.707670043766484
2760,20.823955535888672,20.100213173748216,0.723742362140456
2761,20.74885368347168,20.581278502334044,0.1675751811376358
2762,20.70307731628418,20.47587843924248,0.22719887704170105
2763,20.615100860595703,20.396022908528266,0.21907795206743685
2764,20.56479454040528,20.32134278852027,0.24345175188501145
2765,20.5080509185791,20.250325819063164,0.2577250995159375
2766,20.44105529785156,20.181296526970982,0.25975877088057686
2767,20.427942276000977,20.113223148541692,0.3147191274592842
2768,20.307064056396484,20.045488724974803,0.26157533142168177
2769,20.294904708862305,19.976792631268836,0.3181120775934687
2770,20.187854766845703,19.90655583364287,0.2812989332028337
2771,20.155906677246094,20.055186017032156,0.10072066021393766
2772,20.086050033569336,19.962845705322252,0.12320432824708405
2773,20.020008087158203,19.874593168935917,0.14541491822228636
2774,19.94609832763672,19.786390409137766,0.1597079184989525
2775,19.882917404174805,19.700138756149954,0.18277864802485055
2776,19.79398727416992,19.61642198438085,0.17756528978906871
2777,19.72794532775879,19.533834836408914,0.1941104913498748
2778,19.68002319335937,19.452521224138764,0.22750196922060795
2779,19.65212821960449,19.372309807749843,0.2798184118546452
2780,19.5310115814209,19.29394147958874,0.2370701018321597
2781,19.513845443725582,19.408206177388365,0.10563926633721721
2782,19.47212219238281,19.328741071205968,0.14338112117684076
2783,19.389867782592773,19.254364351354525,0.1355034312382486
2784,19.33002471923828,19.18162280935576,0.1484019098825229
2785,19.236087799072266,19.111386350346038,0.12470144872622768
2786,19.18983459472656,19.042617115530902,0.14721747919565686
2787,19.114971160888672,18.974930606162843,0.14004055472582877
2788,19.04296875,18.907918281740876,0.1350504682591236
2789,18.986940383911133,18.84186390267928,0.1450764812318539
2790,18.93901824951172,18.77648743334248,0.16253081616923737
2791,18.85914802551269,18.843888658523156,0.015259366989536005
2792,18.78499984741211,18.77709694258556,0.007902904826551094
2793,18.78905296325684,18.71283147315239,0.07622149010444801
2794,18.65696907043457,18.649139958256455,0.007829112178114883
2795,18.687963485717773,18.58594434685301,0.10201913886476177
2796,18.54491233825684,18.52308616653886,0.021826171717979292
2797,18.53489875793457,18.460426415344955,0.07447234258961544
2798,18.44191551208496,18.398003695523357,0.0439118165616037
2799,18.38898658752441,18.33567121693136,0.053315370593050915
2800,18.33200454711914,18.273275078485085,0.05872946863405559
2801,18.254995346069336,18.260459130800655,0.00546378473131881
2802,18.24617385864257,18.197908075421765,0.04826578322080621
2803,18.121957778930664,18.135321296028906,0.013363517098241573
2804,18.124818801879883,18.072127547014816,0.052691254865067094
2805,18.045902252197266,18.008513236623003,0.037389015574262885
2806,17.964839935302734,17.944579949727313,0.020259985575421524
2807,17.726898193359375,17.879928627081654,0.15303043372227876
2808,17.6389217376709,17.814797993139564,0.17587625546866548
2809,17.585039138793945,17.74897539689846,0.1639362581045134
2810,17.518043518066406,17.682794036744554,0.16475051867814727
2811,17.52614974975586,17.520257392050098,0.005892357705761242
2812,17.38715171813965,17.45541348141444,0.06826176327479061
2813,17.382144927978516,17.389596049071088,0.007451121092572066
2814,17.30799674987793,17.32962516483383,0.021628414955898734
2815,17.248153686523438,17.27512267900977,0.026968992486331445
2816,17.18902587890625,17.222642578715863,0.03361669980961324
2817,17.13395118713379,17.17323034161211,0.0392791544783222
2818,17.0440673828125,17.124594128290482,0.08052674547798233
2819,17.00115203857422,17.075425525575838,0.07427348700161929
2820,16.93105697631836,17.026305937562825,0.09524896124446514
2821,16.860008239746094,16.955923873567258,0.09591563382116419
2822,16.768217086791992,16.919229978014982,0.15101289122299022
2823,16.749858856201172,16.88121573306489,0.13135687686371966
2824,16.628026962280273,16.829832241484155,0.20180527920388158
2825,16.63994789123535,16.773563321685003,0.13361543044965174
2826,16.560077667236328,16.715459525102006,0.15538185786567738
2827,16.498088836669922,16.66561123492727,0.16752239825734705
2828,16.42894744873047,16.627169698601563,0.19822224987109394
2829,16.37721061706543,16.60019734849527,0.2229867314298417
2830,16.270875930786133,16.59353765580107,0.32266172501493884
2831,16.206979751586914,16.850913684756108,0.643933933169194
2832,21.18492126464844,17.369154463523273,3.815766801125168
2833,21.162033081054688,18.662270988357932,2.4997620926967556
2834,21.06595039367676,20.339665990832145,0.726284402844616
2835,21.00396156311035,20.457529502095895,0.5464320610144568
2836,20.969867706298828,20.37378631825959,0.5960813880392379
2837,20.872116088867188,20.279517248411594,0.5925988404555937
2838,20.746946334838867,20.193780969350428,0.5531653654884394
2839,20.756959915161133,20.1172062914452,0.6397536237159329
2840,20.726919174194336,20.04815397344828,0.6787652007460565
2841,20.66206932067871,20.49555712238771,0.16651219829100228
2842,20.56217193603516,20.398934331012697,0.16323760502246287
2843,20.49589157104492,20.32382179805836,0.172069772986557
2844,20.48182487487793,20.25085880103461,0.23096607384331946
2845,20.393848419189453,20.17892926079412,0.2149191583953325
2846,20.32399177551269,20.10723742915843,0.21675434635426072
2847,20.266056060791016,20.03474544733308,0.2313106134579357
2848,20.179033279418945,19.960880376629575,0.21815290278937027
2849,20.10798454284668,19.88504760691967,0.22293693592700947
2850,20.03312110900879,19.807290142466627,0.22583096654216206
2851,19.964933395385746,19.901967583507485,0.06296581187826078
2852,19.95396614074707,19.808376762000535,0.14558937874653566
2853,19.82712745666504,19.720878323994384,0.10624913267065494
2854,19.85001564025879,19.636430141133587,0.21358549912520175
2855,19.76323127746582,19.553221970966206,0.21000930649961447
2856,19.687891006469727,19.471385535211994,0.216505471257733
2857,19.61803436279297,19.390745430655443,0.227288932137526
2858,19.54483985900879,19.311995481984923,0.2328443770238664
2859,19.46687698364257,19.23605232337877,0.23082466026379933
2860,19.395112991333008,19.16348483013053,0.23162816120247953
2861,19.315004348754883,19.2837454058008,0.03125894295408216
2862,19.305944442749023,19.207758565698896,0.0981858770501276
2863,19.175052642822266,19.13694510460573,0.03810753821653634
2864,19.198894500732425,19.067631374866778,0.13126312586564737
2865,19.12379264831543,18.999630968238534,0.12416168007689521
2866,19.04296875,18.932729032712814,0.11023971728718607
2867,18.963098526000977,18.86643762227891,0.09666090372206781
2868,18.896818161010746,18.800778577684696,0.0960395833260499
2869,18.81909370422364,18.73575596232513,0.08333774189851084
2870,18.815994262695312,18.671355723625993,0.14463853906931945
2871,18.687009811401367,18.708137066823838,0.021127255422470625
2872,18.715858459472656,18.641999726781933,0.07385873269072363
2873,18.63694190979004,18.57900508412058,0.0579368256694579
2874,18.55087280273437,18.51630537620963,0.03456742652474176
2875,18.48292350769043,18.453816287603786,0.029107220086643792
2876,18.40686798095703,18.391479237692465,0.015388743264566074
2877,18.32795143127441,18.329283221447668,0.0013317901732570192
2878,18.241167068481445,18.267074337785516,0.025907269304070724
2879,18.19300651550293,18.204639935703426,0.011633420200496403
2880,18.168926239013672,18.141681017056044,0.02724522195762802
2881,18.030881881713867,18.089330606784415,0.05844872507054788
2882,18.03112030029297,18.024787641337525,0.006332658955443549
2883,17.95506477355957,17.96068792455685,0.005623150997280391
2884,17.87400245666504,17.895883208751684,0.02188075208664486
2885,17.807960510253906,17.830453407356117,0.022492897102210918
2886,17.776012420654297,17.764213805207874,0.011798615446423355
2887,17.70496368408203,17.697467294539138,0.007496389542893667
2888,17.65894889831543,17.630388601332925,0.02856029698250495
2889,17.558813095092773,17.562708271711358,0.003895176618584628
2890,17.50493049621582,17.49465470233247,0.01027579388335198
2891,17.433881759643555,17.4305278962521,0.00335386339145316
2892,17.421960830688477,17.36751996290309,0.054440867785388036
2893,17.29893684387207,17.30795194734469,0.009015103472620467
2894,17.297983169555664,17.250435269005493,0.04754790055017111
2895,17.163991928100586,17.194672114897003,0.03068018679641682
2896,17.16303825378418,17.139167240330266,0.023871013453913292
2897,17.096996307373047,17.08399793446347,0.012998372909578393
2898,17.009973526000977,17.029437037336947,0.019463511335970907
2899,16.94488525390625,16.975796160551226,0.03091090664497642
2900,16.891002655029297,16.92318772470003,0.032185069670731536
2901,16.787052154541016,16.866751528475277,0.07969937393426108
2902,16.72983169555664,16.819658601022525,0.08982690546588401
2903,16.66402816772461,16.765980391795665,0.10195222407105575
2904,16.60299301147461,16.71481044008516,0.11181742861055
2905,16.555070877075195,16.665623128822915,0.11055225174771977
2906,16.527891159057617,16.623082092586117,0.0951909335284995
2907,16.402006149291992,16.593323142409133,0.191316993117141
2908,16.37101173400879,16.57872924779724,0.20771751378845238
2909,16.330957412719727,16.602684273188117,0.2717268604683909
2910,16.25514030456543,16.754895111745327,0.4997548071798974
2911,21.24190330505371,17.639656358682032,3.602246946371679
2912,21.100997924804688,19.9001481984169,1.200849726387787
2913,21.08001708984375,20.629274307680134,0.45074278216361563
2914,20.99394798278809,20.594955551132443,0.39899243165564613
2915,20.92790603637696,20.493658501095524,0.4342475352814361
2916,20.83683013916016,20.39101037223645,0.4458197669237087
2917,20.82085609436035,20.29793627912113,0.52291981523922
2918,20.71499824523925,20.216408322767165,0.49858992247208533
2919,20.65706253051757,20.144911872705507,0.5121506578120645
2920,20.57814598083496,20.08196920763794,0.49617677319702125
2921,20.54595947265625,20.417351330024758,0.12860814263149223
2922,20.44105529785156,20.332393868329746,0.10866142952181335
2923,20.44105529785156,20.258533876869933,0.18252142098162594
2924,20.325899124145508,20.18614246406969,0.13975666007581822
2925,20.307064056396484,20.1135614261716,0.19350263022488434
2926,20.234107971191406,20.040483638240403,0.19362433295100345
2927,20.179033279418945,19.96566231525776,0.21337096416118584
2928,20.10202407836914,19.889148926893085,0.21287515147605518
2929,20.03693580627441,19.810882183605827,0.22605362266858364
2930,19.97590065002441,19.730966717816045,0.24493393220836523
2931,19.884109497070312,19.824623569490996,0.05948592757931692
2932,19.819974899291992,19.730615234152538,0.08935966513945459
2933,19.8209285736084,19.645470179057156,0.17545839455124224
2934,19.67906951904297,19.56212859408879,0.11694092495417863
2935,19.694805145263672,19.47996810258701,0.21483704267666326
2936,19.562959671020508,19.399278898674766,0.1636807723457423
2937,19.323110580444336,19.320360996346153,0.0027495840981828223
2938,19.243955612182617,19.24441986943748,0.0004642572548618773
2939,19.18792724609375,19.17162482607182,0.01630242002192972
2940,19.1650390625,19.101099188787884,0.06393987371211551
2941,19.04892921447754,19.0873063332333,0.03837711875576133
2942,19.028902053833008,19.01830294528395,0.010599108549058656
2943,18.95618438720703,18.95036823020746,0.005816156999571831
2944,18.88608932495117,18.8832297712338,0.002859553717367902
2945,18.841028213500977,18.81690771602962,0.02412049747135825
2946,18.783092498779297,18.751713083617005,0.03137941516229148
2947,18.692970275878903,18.687267978265254,0.00570229761364871
2948,18.63884925842285,18.623380235254672,0.015469023168179774
2949,18.568038940429688,18.559901202053197,0.008137738376490233
2950,18.512964248657227,18.496764679184707,0.016199569472519215
2951,18.429994583129883,18.446268870093263,0.01627428696338029
2952,18.36991310119629,18.38365212316262,0.013739021966330256
2953,18.294095993041992,18.321359601287668,0.02726360824567564
2954,18.227100372314453,18.259021366219486,0.031920993905032446
2955,18.157958984375,18.196289320457026,0.038330336082026406
2956,18.14103126525879,18.133013118386998,0.008018146871791032
2957,17.998933792114258,18.06921578591414,0.07028199379988109
2958,18.00394058227539,18.00503056853131,0.0010899862559199391
2959,17.945051193237305,17.94029222151039,0.004758971726914751
2960,17.86184310913086,17.87490576299433,0.013062653863471496
2961,17.808914184570312,17.792736806086396,0.016177378483916982
2962,17.777204513549805,17.725934423737044,0.05127008981276049
2963,17.715930938720703,17.658639693365785,0.05729124535491792
2964,17.6389217376709,17.590640556548465,0.048281181122433736
2965,17.549991607666016,17.52211233184653,0.027879275819486793
2966,17.498016357421875,17.454954825709024,0.04306153171285132
2967,17.414093017578125,17.391150974873426,0.022942042704698906
2968,17.401933670043945,17.330608845028905,0.07132482501504
2969,17.26388931274414,17.271691649895615,0.007802337151474603
2970,17.269134521484375,17.215885152907617,0.05324936857675766
2971,17.18616485595703,17.18692660688248,0.0007617509254487231
2972,17.117023468017578,17.13318346799042,0.016159999972842343
2973,17.054080963134766,17.0760011731943,0.02192021005953393
2974,16.99995994567871,17.01922775751541,0.019267811836698456
2975,16.91603660583496,16.96560618185572,0.04956957602075818
2976,16.859054565429688,16.911885391635906,0.05283082620621826
2977,16.78776741027832,16.8577644416672,0.0699970313888798
2978,16.726016998291016,16.80524612006451,0.07922912177349417
2979,16.674041748046875,16.751697389224773,0.07765564117789836
2980,16.65496826171875,16.698643207412545,0.0436749456937946
2981,16.517162322998047,16.65164585439527,0.13448353139722258
2982,16.516923904418945,16.62795469571421,0.1110307912952635
2983,16.459941864013672,16.613979579965132,0.15403771595146054
2984,16.376018524169922,16.6276114658217,0.25159294165177926
2985,16.368865966796875,16.702043718737514,0.3331777519406387
2986,16.24608039855957,16.968674637624304,0.7225942390647333
2987,16.185998916625977,17.988228430397157,1.8022295137711808
2988,21.091222763061523,19.82374452171598,1.2674782413455432
2989,21.107196807861328,20.23732803445455,0.8698687734067789
2990,21.02088928222656,20.192480005732705,0.8284092764938542
2991,20.963191986083984,20.80336233768776,0.15982964839622582
2992,20.874977111816406,20.64888899235484,0.22608811946156493
2993,20.80297470092773,20.525281533707584,0.27769316722014636
2994,20.728111267089844,20.422926307901434,0.30518495918840927
2995,20.661115646362305,20.33695232023547,0.3241633261268362
2996,20.61295509338379,20.262342971022917,0.3506121223608716
2997,20.535945892333984,20.194733158234612,0.34121273409937203
2998,20.47204971313477,20.131778980214676,0.3402707329200929
2999,20.478010177612305,20.07103630489837,0.4069738727139338
3000,20.334959030151367,20.01300222093505,0.3219568092163172
3001,20.331144332885746,20.225367092791657,0.1057772400940884
3002,20.267963409423828,20.149355533703783,0.11860787572004483
3003,20.2028751373291,20.076162277632648,0.12671285969645396
3004,20.11895179748535,20.00173747427425,0.11721432321110115
3005,20.04790306091309,19.925091009724838,0.12281205118825156
3006,19.97590065002441,19.84589104006318,0.13000960996123112
3007,19.90318298339844,19.76495769383746,0.13822528956098168
3008,19.84095573425293,19.682505315131493,0.15845041912143643
3009,19.78015899658203,19.600607589836727,0.17955140674530412
3010,19.70696449279785,19.519938702899253,0.1870257898985983
3011,19.701004028320312,19.57455106969519,0.12645295862512285
3012,19.565105438232425,19.4877163195315,0.0773891187009248
3013,19.5620059967041,19.407058268313904,0.15494772839019788
3014,19.49095726013184,19.328366223021476,0.1625910371103636
3015,19.42992210388184,19.252676687983694,0.17724541589814535
3016,19.34385299682617,19.17991652209139,0.16393647473477913
3017,19.28496360778809,19.109234782717976,0.175728825070113
3018,19.22392845153809,19.039896672609302,0.1840317789287873
3019,19.21296119689941,18.971796882112812,0.24116431478659806
3020,19.075870513916016,18.90481181629866,0.17105869761735448
3021,19.07205581665039,18.999895258218658,0.07216055843173308
3022,18.98813247680664,18.932628463687706,0.05550401311893438
3023,18.948793411254883,18.866571206388016,0.08222220486686638
3024,18.848180770874023,18.801391134473988,0.046789636400035306
3025,18.804073333740234,18.73699021854236,0.06708311519787458
3026,18.723011016845703,18.673178833495285,0.049832183350417836
3027,18.6920166015625,18.609767692851165,0.08224890871133539
3028,18.616199493408203,18.54667993072212,0.06951956268608228
3029,18.59307289123535,18.48371288528483,0.10936000595052064
3030,18.497943878173828,18.421001833729633,0.07694204444419483
3031,18.51511001586914,18.43039166223548,0.08471835363366154
3032,18.375873565673828,18.368042252831174,0.00783131284265437
3033,18.37420463562012,18.305943419449022,0.06826121617109848
3034,18.315792083740234,18.24382528494084,0.07196679879939438
3035,18.19896697998047,18.18155545035438,0.01741152962608794
3036,18.15986633300781,18.118734856443552,0.04113147656425653
3037,18.06187629699707,18.055409724325955,0.0064665726711155
3038,18.04494857788086,17.991641343542142,0.053307234338717535
3039,18.004894256591797,17.92753519305279,0.07735906353900646
3040,17.943143844604492,17.862770264656547,0.08037357994794547
3041,17.833948135375977,17.852600941552055,0.01865280617607823
3042,17.845869064331055,17.78689228967778,0.05897677465327433
3043,17.679929733276367,17.721432351436306,0.04150261815993872
3044,17.71402359008789,17.655652759458462,0.05837083062942838
3045,17.626047134399414,17.589214304919665,0.03683282947974931
3046,17.579078674316406,17.52292678857259,0.05615188574381591
3047,17.467021942138672,17.456907202330285,0.01011473980838673
3048,17.438173294067383,17.39275516933958,0.04541812472780293
3049,17.33112335205078,17.33068274802463,0.00044060402615286876
3050,17.367839813232422,17.271698337566477,0.09614147566594511
3051,17.229080200195312,17.24710599407331,0.018025793877995966
3052,17.244815826416016,17.18642469295162,0.05839113346439717
3053,17.14611053466797,17.128072902295344,0.018037632372625012
3054,17.105817794799805,17.07492276510436,0.030895029695443554
3055,17.008066177368164,17.018569910803194,0.010503733435029972
3056,16.94798469543457,16.961402091851596,0.013417396417025884
3057,16.91603660583496,16.90654211192566,0.009494493909301127
3058,16.836166381835938,16.851339410031585,0.015173028195647476
3059,16.762971878051758,16.797854296719095,0.03488241866733688
3060,16.671180725097656,16.744715841788604,0.07353511669094814
3061,16.620874404907227,16.682241186700253,0.06136678179302635
3062,16.622066497802734,16.64643230703433,0.024365809231596813
3063,16.523122787475586,16.61658599386584,0.09346320639025407
3064,16.484975814819336,16.59583715640167,0.11086134158233563
3065,16.407012939453125,16.59337744798961,0.18636450853648512
3066,16.30997657775879,16.654899109980192,0.34492253222140334
3067,16.26300811767578,16.88272105158717,0.6197129339113872
3068,16.21103286743164,17.844492436921655,1.6334595694900145
3069,21.13199234008789,19.810351233331858,1.321641106756033
3070,21.136045455932617,20.213696683867965,0.9223487720646517
3071,21.003007888793945,20.91272793563803,0.09027995315591397
3072,20.99490165710449,20.764178004299083,0.23072365280540552
3073,20.914077758789062,20.62423603655361,0.289841722235451
3074,20.82681655883789,20.50787124079534,0.31894531804255166
3075,20.759105682373047,20.408625189361373,0.3504804930116734
3076,20.673036575317383,20.32541464888027,0.34762192643711387
3077,20.60985565185547,20.251926458058733,0.3579291937967355
3078,20.52903175354004,20.185817392473382,0.34321436106665715
3079,20.47991752624512,20.124120496575415,0.3557970296697057
3080,20.481109619140625,20.064606659616402,0.4165029595242231
3081,20.394086837768555,20.302630516141562,0.09145632162699258
3082,20.334959030151367,20.21815558259732,0.11680344755404803
3083,20.28799057006836,20.144692449378,0.14329812069036052
3084,20.22290229797364,20.07122220521751,0.1516800927561306
3085,20.13492584228516,19.996333158985635,0.13859268329952457
3086,20.06983757019043,19.91922041986527,0.15061715032516076
3087,20.068883895874023,19.839972366696657,0.2289115291773669
3088,19.95205879211425,19.759195122560413,0.19286366955383727
3089,19.926071166992188,19.676923564929893,0.24914760206229403
3090,19.82998847961425,19.595505997472173,0.23448248214207723
3091,19.759178161621094,19.685672054265524,0.07350610735556984
3092,19.704818725585938,19.59640434637322,0.1084143792127179
3093,19.625186920166016,19.51311761723673,0.11206930292928519
3094,19.5620059967041,19.431906267072918,0.13009972963118344
3095,19.5608139038086,19.352516333697167,0.20829757011143357
3096,19.41490173339844,19.275913212027262,0.13898852137117856
3097,19.444942474365234,19.20236136135145,0.2425811130137845
3098,19.305944442749023,19.131025754006714,0.17491868874230931
3099,19.2868709564209,19.06113400633558,0.22573695008532013
3100,19.23799514770508,18.992471604946104,0.2455235427589777
3101,19.154071807861328,19.106590867068007,0.04748094079332077
3102,19.104957580566406,19.033662408901364,0.07129517166504229
3103,19.0122127532959,18.966157567149367,0.04605518614653192
3104,18.94617080688477,18.89966738897897,0.04650341790580015
3105,18.880844116210938,18.834221334003587,0.04662278220735061
3106,18.813133239746094,18.76937801594636,0.04375522379973518
3107,18.811941146850582,18.70508393344039,0.10685721341019061
3108,18.66698265075684,18.641417814762917,0.02556483599392223
3109,18.66388320922852,18.578114015468827,0.08576919375969183
3110,18.589019775390625,18.515015925544276,0.07400384984634911
3111,18.538951873779297,18.512909901801322,0.026041971977974754
3112,18.444061279296875,18.44968195254637,0.005620673249495667
3113,18.414974212646484,18.38735692351179,0.027617289134695966
3114,18.375158309936523,18.325222704731914,0.0499356052046096
3115,18.30983161926269,18.263083237400224,0.04674838186246788
3116,18.224000930786133,18.20076464207432,0.023236288711814268
3117,18.157958984375,18.137904599370813,0.02005438500418677
3118,18.10884475708008,18.0744685704326,0.03437618664748143
3119,18.10002326965332,18.010608255337957,0.0894150143153638
3120,17.956018447875977,17.946541215025036,0.009477232850940709
3121,17.96889305114746,17.915541744230268,0.05335130691719314
3122,17.827987670898438,17.851821108337163,0.023833437438725014
3123,17.81606674194336,17.786608021339134,0.029458720604225164
3124,17.760038375854492,17.72095778076732,0.03908059508717088
3125,17.688989639282227,17.65478827218203,0.03420136710019506
3126,17.599105834960938,17.58787685540142,0.011228979559518848
3127,17.546892166137695,17.52041933526982,0.02647283086787411
3128,17.474889755249023,17.45388318994401,0.0210065653050151
3129,17.398834228515625,17.38962923346321,0.009204995052414233
3130,17.327070236206055,17.328553190452567,0.0014829542465122358
3131,17.324209213256836,17.282790643903923,0.04141856935291344
3132,17.24386215209961,17.22530334052408,0.018558811575530854
3133,17.180919647216797,17.170410599476327,0.010509047740470123
3134,17.138004302978516,17.11438290142553,0.023621401552986754
3135,17.08388328552246,17.058675534343593,0.02520775117886842
3136,17.040014266967773,17.003476430247133,0.03653783672064037
3137,16.91293716430664,16.951040857989597,0.038103693682955964
3138,16.869068145751953,16.897710830917845,0.028642685165891635
3139,16.782045364379883,16.84570737531743,0.06366201093754853
3140,16.70694351196289,16.79298876220514,0.0860452502422504
3141,16.64590835571289,16.73123002651522,0.08532167080232966
3142,16.58010482788086,16.69311893731873,0.11301410943787005
3143,16.53885841369629,16.657859504839223,0.119001091142934
3144,16.48402214050293,16.627457776372978,0.14343563587004837
3145,16.464948654174805,16.60617680347798,0.14122814930317418
3146,16.33286476135254,16.608440961007886,0.2755761996553474
3147,16.350984573364258,16.682815903124038,0.3318313297597797
3148,16.276836395263672,16.942850408227628,0.6660140129639558
3149,21.17705345153809,17.977476518041158,3.1995769334969317
3150,21.16918563842773,19.863253588084717,1.3059320503430136
3151,21.04711532592773,21.021314038989658,0.02580128693807282
3152,21.029949188232425,20.82857062413268,0.20137856409974475
3153,20.956993103027344,20.6797504770293,0.27724262599804206
3154,20.91193199157715,20.55709520726623,0.35483678431091903
3155,20.81584930419922,20.453600537791772,0.36224876640744696
3156,20.75481414794922,20.366457646844083,0.388356501105136
3157,20.67899703979492,20.290741361122855,0.38825567867206345
3158,20.62702178955078,20.221723243366796,0.4052985461839853
3159,20.53999900817871,20.157117972530614,0.38288103564809717
3160,20.49088478088379,20.095569390548462,0.3953153903353268
3161,20.416975021362305,20.338410401791407,0.07856461957089778
3162,20.35784721374512,20.253383523765933,0.10446368997918754
3163,20.29609680175781,20.17702759195572,0.11906920980208824
3164,20.2939510345459,20.100078743098493,0.1938722914474056
3165,20.142078399658203,20.021704319844957,0.12037407981324577
3166,20.13707160949707,19.9417560082793,0.19531560121777147
3167,20.063161849975582,19.860430205824287,0.20273164415129585
3168,19.998788833618164,19.77788640073186,0.22090243288630518
3169,19.94013786315918,19.6947334250126,0.2454044381465792
3170,19.88697052001953,19.61296098772891,0.27400953229062
3171,19.80781555175781,19.718118940204477,0.08969661155333242
3172,19.775867462158203,19.625230070175803,0.1506373919824
3173,19.704818725585938,19.54118382479919,0.16363490078674658
3174,19.61302757263184,19.4592705231571,0.15375704947473778
3175,19.55509185791016,19.379136311272305,0.17595554663785506
3176,19.485950469970703,19.30201984737323,0.1839306225974724
3177,19.4091796875,19.227963797106895,0.18121589039310493
3178,19.40488815307617,19.15621778687182,0.24867036620434746
3179,19.270896911621094,19.085901075811762,0.18499583580933177
3180,19.2720890045166,19.01688397390444,0.25520503061216004
3181,19.199132919311523,19.13509185789053,0.06404106142099408
3182,19.10996437072754,19.06081435259921,0.049150018128329975
3183,19.062042236328125,18.992733693920627,0.06930854240749795
3184,18.97716522216797,18.92575049049583,0.05141473167213917
3185,18.91207695007324,18.859843748117555,0.052233201955683484
3186,18.84317398071289,18.79464403646125,0.0485299442516407
3187,18.780946731567383,18.730003549535468,0.05094318203191506
3188,18.70298385620117,18.66590027728421,0.03708357891695968
3189,18.64004135131836,18.60234945743855,0.03769189387980987
3190,18.654823303222656,18.53914521132083,0.11567809190182743
3191,18.51201057434082,18.538307136111598,0.02629656177077777
3192,18.48983764648437,18.47263505479191,0.017202591692463187
3193,18.43404769897461,18.410096358906003,0.02395134006860644
3194,18.353939056396484,18.347834143185082,0.006104913211402163
3195,18.27692985534668,18.285617640657392,0.00868778531071257
3196,18.2180404663086,18.22326450647438,0.005224040165778376
3197,18.136978149414062,18.160587655160043,0.02360950574598064
3198,18.080949783325195,18.09723424858589,0.01628446526069638
3199,17.991065979003906,18.033598266754325,0.04253228775041862
3200,17.946958541870117,17.969716618836173,0.02275807696605625
3201,17.89712905883789,17.88807319434227,0.00905586449562179
3202,17.89093017578125,17.822748533291133,0.06818164249011716
3203,17.767906188964844,17.75641428790209,0.01149190106275455
3204,17.750978469848633,17.68958058354997,0.06139788629866416
3205,17.663955688476562,17.622070831862402,0.041884856614160526
3206,17.61603355407715,17.55372495200902,0.062308602068128494
3207,17.555952072143555,17.485058656532715,0.07089341561083984
3208,17.48800277709961,17.419145395791702,0.06885738130790742
3209,17.41313934326172,17.357919938362443,0.055219404899276014
3210,17.33994483947754,17.297910197910937,0.04203464156660175
3211,17.24386215209961,17.28171206650586,0.03784991440625163
3212,17.264127731323242,17.223631846079,0.040495885244240526
3213,17.126798629760742,17.16836611923611,0.04156748947536926
3214,17.13109016418457,17.112316411129314,0.018773753055256748
3215,17.007112503051758,17.055427950580793,0.04831544752903483
3216,16.994953155517578,16.998689835645564,0.003736680127985892
3217,16.923189163208008,16.944587932840705,0.021398769632696713
3218,16.844987869262695,16.890578514598076,0.045590645335380486
3219,16.79205894470215,16.837246455828847,0.04518751112669861
3220,16.715049743652344,16.785245116579972,0.07019537292762834
3221,16.644954681396484,16.716524642504282,0.07156996110779801
3222,16.640186309814453,16.6793538059693,0.03916749615484605
3223,16.503095626831055,16.643497562355947,0.140401935524892
3224,16.499996185302734,16.615241602714548,0.11524541741181338
3225,16.41702651977539,16.59821644345527,0.18118992367988085
3226,16.377925872802734,16.613844302774794,0.23591842997205958
3227,16.283035278320312,16.733746199186328,0.4507109208660154
3228,16.217947006225586,17.18781412006365,0.9698671138380632
3229,21.19588851928711,18.934760560881614,2.2611279584054955
3230,21.11196517944336,20.103637938461816,1.0083272409815436
3231,21.03400230407715,20.98458433476935,0.04941796930779674
3232,20.953893661499023,20.81133505720345,0.14255860429557288
3233,20.91693878173828,20.66291109110807,0.2540276906302097
3234,20.849943161010746,20.54179381633503,0.30814934467571575
3235,20.7819938659668,20.43950563654562,0.34248822942118196
3236,20.760059356689453,20.353601065210114,0.4064582914793391
3237,20.68710327148437,20.27799889316384,0.4091043783205315
3238,20.60508728027344,20.209181236225504,0.39590604404793694
3239,20.50495147705078,20.145023616066737,0.35992786098404395
3240,20.50614356994629,20.083712065456893,0.4224315044893956
3241,20.435810089111328,20.33263462448076,0.10317546463056715
3242,20.3399658203125,20.246375521935533,0.09359029837696653
3243,20.25294303894043,20.17058237032643,0.08236066861400104
3244,20.1718807220459,20.094822741725693,0.07705798032020539
3245,20.164012908935547,20.017536631087296,0.1464762778482509
3246,20.11585235595703,19.938253023212837,0.17759933274419382
3247,20.02096176147461,19.85734507320558,0.16361668826903042
3248,19.962072372436523,19.775234019675736,0.18683835276078753
3249,19.8969841003418,19.692182290214078,0.20480181012772292
3250,19.837141036987305,19.61040172614048,0.22673931084682408
3251,19.762039184570312,19.68444253867574,0.07759664589457316
3252,19.697904586791992,19.594057397171127,0.10384718962086481
3253,19.68002319335937,19.511026323300484,0.16899687005888708
3254,19.531965255737305,19.429889807327072,0.10207544841023264
3255,19.513845443725582,19.350533058343444,0.1633123853821381
3256,19.42300796508789,19.274089086309232,0.14891887877865884
3257,19.395112991333008,19.200836911011265,0.19427608032174248
3258,19.312143325805664,19.129763392641053,0.18237993316461143
3259,19.262075424194336,19.05995155840401,0.20212386579032682
3260,19.18482780456543,18.991486062361673,0.19334174220375644
3261,19.118070602416992,19.082260273933116,0.03581032848387622
3262,19.05179023742676,19.01173074256235,0.04005949486441196
3263,18.992900848388672,18.944572305230167,0.048328543158504544
3264,18.91493797302246,18.878346078423647,0.03659189459881418
3265,18.926143646240234,18.81304444327725,0.11309920296298515
3266,18.76711845397949,18.748284424816575,0.01883402916291388
3267,18.70107650756836,18.6841604969743,0.016916010594059117
3268,18.632888793945312,18.620511817033503,0.012376976911809834
3269,18.64409446716309,18.557249836845813,0.08684463031727674
3270,18.503189086914062,18.49429701329086,0.008892073623201213
3271,18.512964248657227,18.464667245211785,0.04829700344544108
3272,18.463134765625,18.403635391621265,0.059499374003735284
3273,18.39900016784668,18.341445301160775,0.057554866685904926
3274,18.373966217041016,18.27914279010656,0.09482342693445389
3275,18.249988555908203,18.216387210514995,0.03360134539320825
3276,18.227100372314453,18.153391552004905,0.07370882030954817
3277,18.174171447753903,18.089783506013646,0.08438794174025688
3278,18.080949783325195,18.02584886465297,0.055100918672224
3279,18.03302764892578,17.961693445499805,0.07133420342597674
3280,17.96102523803711,17.8969779550755,0.06404728296161011
3281,17.899036407470703,17.895958720174576,0.0030776872961268964
3282,17.86184310913086,17.831488895836856,0.030354213294003785
3283,17.799854278564453,17.766454428908673,0.03339984965577969
3284,17.748117446899414,17.70104240486603,0.04707504203338431
3285,17.650127410888672,17.63471391595317,0.015413494935501149
3286,17.640113830566406,17.567868783302742,0.07224504726366376
3287,17.524003982543945,17.501279644534407,0.02272433800953877
3288,17.48204231262207,17.435200885103086,0.04684142751898435
3289,17.42696762084961,17.371853573621365,0.05511404722824409
3290,17.346858978271484,17.311425388143675,0.03543359012780911
3291,17.297029495239258,17.284389674472322,0.012639820766935372
3292,17.204999923706055,17.22680442634328,0.021804502637223777
3293,17.138957977294922,17.17030850667811,0.031350529383189496
3294,17.08388328552246,17.114932898863344,0.031049613340883297
3295,16.98899269104004,17.058512913891377,0.06952022285133808
3296,16.942977905273438,17.001867071883225,0.058889166609787935
3297,16.87002182006836,16.94556162385652,0.0755398037881605
3298,16.89600944519043,16.891685620414876,0.0043238247755539305
3299,16.726016998291016,16.83792563536457,0.11190863707355447
3300,16.71004295349121,16.784918521210557,0.07487556771934578
3301,16.644001007080078,16.714477834277375,0.07047682719729664
3302,16.543149948120117,16.677312711891545,0.13416276377142822
3303,16.5250301361084,16.645057313439793,0.12002717733139434
3304,16.451120376586914,16.628995051803486,0.17787467521657163
3305,16.3729190826416,16.621412418203363,0.24849333556176134
3306,16.297101974487305,16.646057077906562,0.3489551034192573
3307,16.243934631347656,16.772740695842003,0.5288060644943471
3308,21.20900154113769,17.20963438165768,3.9993671594800126
3309,21.08407020568848,18.844424518732694,2.239645686955786
3310,21.08407020568848,20.0724422395524,1.0116279661360785
3311,21.00992202758789,20.910120929158893,0.09980109842899765
3312,20.93100547790528,20.736500528187207,0.1945049497180733
3313,20.853042602539062,20.60844432929798,0.2445982732410812
3314,20.77794075012207,20.50256681729934,0.27537393282273115
3315,20.7061767578125,20.412783396864143,0.29339336094835744
3316,20.646095275878903,20.33475131463547,0.3113439612434341
3317,20.573139190673828,20.26286850343695,0.3102706872368799
3318,20.56407928466797,20.19592271710735,0.368156567560618
3319,20.43485641479492,20.131479643453076,0.30337677134184204
3320,20.41006088256836,20.068740825365694,0.34132005720266534
3321,20.363807678222656,20.263521016943287,0.10028666127936958
3322,20.29109001159668,20.17907452716372,0.11201548443295906
3323,20.216941833496094,20.101446414116708,0.11549541937938557
3324,20.151138305664062,20.02254747429788,0.1285908313661821
3325,20.09296417236328,19.942154220984776,0.1508099513785055
3326,20.006179809570312,19.860417338406933,0.14576247116337981
3327,20.006179809570312,19.77747328891155,0.2287065206587613
3328,19.85311508178711,19.694288483265154,0.15882659852195502
3329,19.85692977905273,19.61265216971242,0.24427760934031184
3330,19.787073135375977,19.531514299274022,0.2555588361019545
3331,19.762039184570312,19.62591983146922,0.13611935310109402
3332,19.64402198791504,19.53552385424473,0.10849813367030947
3333,19.60611343383789,19.453759543750948,0.15235389008694256
3334,19.53291893005371,19.374066210218643,0.15885271983506755
3335,19.501209259033203,19.297475955966092,0.20373330306711068
3336,19.40703392028809,19.223762585340864,0.18327133494722503
3337,19.332170486450195,19.152063642764006,0.18010684368618968
3338,19.26708221435547,19.081829892684254,0.1852523216712143
3339,19.25492286682129,19.013045758754288,0.24187710806700125
3340,19.119977951049805,18.94530811833306,0.17466983271674508
3341,19.12784576416016,19.043975305294225,0.0838704588659347
3342,19.03390884399414,18.976022982172935,0.05788586182120525
3343,18.965959548950195,18.9093204916162,0.05663905733399588
3344,18.9199447631836,18.843515164803648,0.07642959837995278
3345,18.83506774902344,18.778459703668204,0.05660804535523667
3346,18.77284049987793,18.714054216417253,0.058786283460676714
3347,18.73302459716797,18.650174938812825,0.08284965835514413
3348,18.64409446716309,18.586762613011842,0.057331854151247086
3349,18.632173538208008,18.523559721359106,0.10861381684890148
3350,18.49007606506348,18.460751148325016,0.029324916738463713
3351,18.51201057434082,18.455933485682863,0.056077088657957574
3352,18.429994583129883,18.39528291398551,0.034711669144371626
3353,18.34702491760254,18.333243338446437,0.013781579156102453
3354,18.299102783203125,18.27104292019044,0.028059863012686037
3355,18.22519302368164,18.208666590794564,0.016526432887076226
3356,18.136978149414062,18.145860895998567,0.008882746584504275
3357,18.07379722595215,18.08244112064017,0.008643894688020737
3358,17.986059188842773,18.018551515240233,0.03249232639745969
3359,17.993927001953125,17.954359694840605,0.03956730711252021
3360,17.848968505859375,17.88958816342756,0.040619657568186085
3361,17.84491539001465,17.82089562519218,0.02401976482246937
3362,17.76409149169922,17.75635977068646,0.0077317210127603175
3363,17.715930938720703,17.68973465394197,0.02619628477873448
3364,17.629146575927734,17.622426548228987,0.006720027698747799
3365,17.59505271911621,17.554292388183512,0.04076033093269871
3366,17.5018310546875,17.48589757828256,0.01593347640493903
3367,17.441987991333008,17.420243782240163,0.021744209092844358
3368,17.355918884277344,17.358677084288843,0.002758200011498957
3369,17.348051071166992,17.298857730821737,0.04919334034525491
3370,17.19808578491211,17.243087381118016,0.045001596205906935
3371,17.204999923706055,17.192284193129126,0.012715730576928763
3372,17.14801788330078,17.138658130804174,0.009359752496607143
3373,17.06385612487793,17.087362510139315,0.02350638526138482
3374,16.98589324951172,17.0352825695943,0.049389320082582344
3375,16.924142837524414,16.97771958548344,0.05357674795902767
3376,16.84403419494629,16.92420247293569,0.08016827798940085
3377,16.844987869262695,16.87157198470146,0.02658411543876582
3378,16.70694351196289,16.819485695101832,0.11254218313894171
3379,16.700029373168945,16.767325883449757,0.06729651028081207
3380,16.618013381958008,16.715243149320713,0.09722976736270539
3381,16.565799713134766,16.65983537296256,0.09403565982779583
3382,16.474008560180664,16.63805739607227,0.1640488358916059
3383,16.421079635620117,16.62655714181227,0.20547750619215321
3384,16.34502410888672,16.636505856432393,0.29148174754567435
3385,16.27492904663086,16.690693767763776,0.4157647211329163
3386,16.21699333190918,16.910046451457106,0.6930531195479261
3387,21.19898796081543,17.70571293874923,3.4932750220662
3388,21.11601829528809,19.681356051592047,1.4346622436960423
3389,21.064043045043945,20.23278854505861,0.8312544999853344
3390,20.98894119262696,20.196273862154612,0.7926673304723479
3391,20.899057388305664,20.756629909556068,0.14242747874959605
3392,20.83706855773925,20.61748267414032,0.21958588359893128
3393,20.763158798217773,20.51097093391263,0.2521878643051423
3394,20.76411247253418,20.420528227646173,0.34358424488800665
3395,20.62702178955078,20.341722407295038,0.2852993822557437
3396,20.651817321777344,20.269848738735163,0.3819685830421804
3397,20.60198783874512,20.202473587005443,0.3995142517396779
3398,20.53093910217285,20.13837454745726,0.39256455471559093
3399,20.463943481445312,20.07575627675351,0.38818720469180334
3400,20.37906646728516,20.01407190965665,0.36499455762850985
3401,20.313024520874023,20.243552816907595,0.06947170396642832
3402,20.24197578430176,20.157557835034368,0.08441794926739377
3403,20.17402648925781,20.075935404747725,0.09809108451008441
3404,20.10107040405273,19.992770238843605,0.10830016520912622
3405,20.028114318847656,19.908296998380592,0.11981732046706384
3406,20.03002166748047,19.823128578764226,0.20689308871624235
3407,19.88697052001953,19.737652356980107,0.1493181630394247
3408,19.90795135498047,19.65378794852768,0.2541634064527898
3409,19.764184951782227,19.57163253626959,0.1925524155126368
3410,19.773006439208984,19.490404932525962,0.2826015066830223
3411,19.691944122314453,19.591417206299866,0.10052691601458719
3412,19.611835479736328,19.499381987827746,0.11245349190858178
3413,19.54817771911621,19.418334189310826,0.1298435298053846
3414,19.47188377380371,19.340798179882768,0.1310855939209432
3415,19.40608024597168,19.266105192457417,0.13997505351426298
3416,19.333839416503903,19.193395819002035,0.14044359750186786
3417,19.25206184387207,19.12222376330419,0.12983808056787893
3418,19.259929656982425,19.052998751021732,0.20693090596069297
3419,19.114017486572266,18.984768593270474,0.12924889330179212
3420,19.119977951049805,18.917506877983215,0.20247107306659018
3421,19.0420150756836,18.997667671243335,0.0443474044402663
3422,18.99385452270508,18.9268867173098,0.06696780539528291
3423,18.932104110717773,18.860799661780447,0.07130444893732601
3424,18.85914802551269,18.79549853455842,0.06364949095427264
3425,18.769025802612305,18.730946087856637,0.03807971475566774
3426,18.70894432067871,18.66709999464433,0.041844326034379264
3427,18.650054931640625,18.603805168680765,0.04624976295986016
3428,18.646955490112305,18.540735691829013,0.10621979828329131
3429,18.50605010986328,18.477987731102985,0.02806237876029627
3430,18.449068069458008,18.415365566312403,0.03370250314560508
3431,18.384933471679688,18.398749667113634,0.013816195433946632
3432,18.3560848236084,18.337242565621636,0.01884225798676198
3433,18.234968185424805,18.275012857060347,0.04004467163554182
3434,18.22495460510254,18.212580486675733,0.01237411842680558
3435,18.167972564697266,18.149775977036597,0.01819658766066823
3436,18.09310913085937,18.086318107350507,0.006791023508863958
3437,18.02992820739746,18.022481495393095,0.007446712004366418
3438,17.94600486755371,17.95836247748639,0.012357609932678315
3439,17.88806915283203,17.89365291284639,0.0055837600143604504
3440,17.902851104736328,17.828292358473163,0.07455874626316472
3441,17.770767211914062,17.780043606791196,0.009276394877133498
3442,17.806053161621094,17.711611464449106,0.09444169717198747
3443,17.67587661743164,17.644872403337786,0.031004214093854898
3444,17.6389217376709,17.577387709252434,0.061534028418464004
3445,17.477035522460938,17.509671909579083,0.03263638711814565
3446,17.457962036132812,17.442803581715793,0.01515845441701913
3447,17.401933670043945,17.37857019617195,0.023363473871995666
3448,17.32802391052246,17.31810510152343,0.00991880899903208
3449,17.254114151000977,17.258695304406046,0.0045811534050699265
3450,17.23504066467285,17.202713488856602,0.03232717581624911
3451,17.174959182739258,17.161853936244142,0.013105246495115352
3452,17.119884490966797,17.105590815248206,0.014293675718590748
3453,17.023086547851562,17.048287380490024,0.02520083263846118
3454,16.952037811279297,16.993158793226826,0.04112098194752889
3455,16.869068145751953,16.941432875967166,0.07236473021521306
3456,16.869068145751953,16.888614117100076,0.019545971348122748
3457,16.72196388244629,16.836233400674416,0.11426951822812725
3458,16.676902770996094,16.783496967882172,0.10659419688607841
3459,16.610145568847656,16.728796433881143,0.11865086503348721
3460,16.59393310546875,16.6800377684595,0.08610466299074915
3461,16.47186279296875,16.633352323331962,0.16148953036321245
3462,16.474008560180664,16.6302279112287,0.15621935104803697
3463,16.396045684814453,16.640379880250578,0.24433419543612445
3464,16.314029693603516,16.6832292265795,0.3691995329759834
3465,16.314983367919922,16.83642556539411,0.5214421974741867
3466,21.20304107666016,17.287735795562753,3.9153052810974067
3467,21.19898796081543,18.877596043438416,2.3213919173770137
3468,21.097898483276367,20.116844987910554,0.9810534953658134
3469,21.007061004638672,20.25324299802378,0.7538180066148925
3470,20.949125289916992,20.17742749774243,0.7716977921745638
