SN,Actual IP Delay (ms),Predicted IP Delay (ms),Absolute Difference (ms)
1,21.104097366333008,19.130219895487244,1.973877470845764
2,21.10505104064941,19.992973001080827,1.1120780395685834
3,20.967960357666016,20.336083258371218,0.6318770992947975
4,20.954132080078125,20.564145312164328,0.38998676791379694
5,20.95198631286621,20.82543133656145,0.1265549763047602
6,20.813941955566406,20.770985408944398,0.04295654662200832
7,20.863056182861328,20.73509834599463,0.12795783686669893
8,20.71094512939453,20.734463909320766,0.023518779926234856
9,20.69997787475586,20.64446305121237,0.05551482354348991
10,20.581960678100582,20.63964260605644,0.05768192795585847
11,20.56288719177246,20.57530409138053,0.012416899608069798
12,20.447969436645508,20.524795156688924,0.07682572004341637
13,20.43485641479492,20.443617090677435,0.008760675882516722
14,20.41912078857422,20.393389345827018,0.025731442747201072
15,20.28799057006836,20.360896334750578,0.07290576468221843
16,20.29609680175781,20.272458610634203,0.02363819112360588
17,20.156145095825195,20.233718425970437,0.07757333014524193
18,20.16806602478028,20.148892265297036,0.019173759483244623
19,20.023107528686523,20.10963896782414,0.08653143913761596
20,20.014047622680664,20.020538654534903,0.006491031854238827
21,19.87481117248535,19.96956620905621,0.09475503657085937
22,19.891977310180664,19.877222996001365,0.0147543141792994
23,19.765853881835938,19.837648625980364,0.07179474414442666
24,19.750118255615234,19.756063689328585,0.005945433713350212
25,19.639015197753903,19.701398909546697,0.062383711792794116
26,19.634008407592773,19.622346692358406,0.011661715234367875
27,19.49787139892578,19.57661295773505,0.07874155880926992
28,19.509077072143555,19.489193080516998,0.019883991626556963
29,19.34409141540528,19.446126795173768,0.10203537976848764
30,19.412994384765625,19.347430166362756,0.0655642184028693
31,19.28281784057617,19.326408293181885,0.04359045260571648
32,19.26589012145996,19.25329424238953,0.012595879070431693
33,19.082069396972656,19.200905793240963,0.118836396268307
34,19.102096557617188,19.089045860255283,0.013050697361904895
35,19.09089088439941,19.04376759284787,0.04712329155153938
36,18.964052200317383,19.016566916434385,0.052514716117002536
37,18.945932388305664,18.932887467371984,0.01304492093368026
38,18.810033798217773,18.879057878393724,0.06902408017595008
39,18.79191398620605,18.786867660764983,0.005046325441067978
40,18.652915954589844,18.73675822344012,0.08384226885027601
41,18.657922744750977,18.641972781097138,0.015949963653838495
42,18.533945083618164,18.59699765577716,0.06305257215899474
43,18.538951873779297,18.508857543793056,0.030094329986241064
44,18.421173095703125,18.466169976591118,0.04499688088799303
45,18.414974212646484,18.385602551688862,0.029371660957622225
46,18.4018611907959,18.337516910378326,0.06434428041757201
47,18.254995346069336,18.305721511524098,0.05072616545476194
48,18.24593544006348,18.214228403394372,0.03170703666910768
49,18.15104484558105,18.16378331454871,0.012738468967658179
50,18.129825592041016,18.094725737228146,0.035099854812870035
51,18.04494857788086,18.050063808459527,0.005115230578667251
52,18.049001693725582,17.981588217026,0.06741347669958131
53,17.889022827148438,17.94878050122861,0.059757674080174183
54,17.90785789489746,17.851397823278603,0.05646007161885791
55,17.745018005371094,17.812577202903412,0.06755919753231865
56,17.735958099365234,17.716770562174133,0.019187537191101
57,17.602920532226562,17.66155999257535,0.05863946034878609
58,17.60411262512207,17.5709089457996,0.033203679322468815
59,17.49706268310547,17.523522257306468,0.02645957420099876
60,17.488956451416016,17.445117380020747,0.04383907139526855
61,17.336130142211914,17.397734713313184,0.06160457110127027
62,17.319917678833008,17.29901864587191,0.020899032961096964
63,17.174959182739258,17.23976350058365,0.06480431784439133
64,17.18902587890625,17.143342196959566,0.045683681946684374
65,17.189979553222656,17.097077754215206,0.09290179900744988
66,17.05789566040039,17.07074008595555,0.012844425555158523
67,17.035961151123047,16.98686323425136,0.04909791687168763
68,16.89910888671875,16.929738378507864,0.030629491789113672
69,16.888141632080078,16.845717747969502,0.04242388411057618
70,16.74199104309082,16.79929704209826,0.05730599900743982
71,16.735076904296875,16.717812231149765,0.017264673147110443
72,16.620874404907227,16.67281398056275,0.051939575655524095
73,16.604185104370117,16.59039699512732,0.013788109242796054
74,16.47806167602539,16.54138060371224,0.06331892768685066
75,16.47496223449707,16.429497545459526,0.045464689037544304
76,16.451120376586914,16.388734654015025,0.062385722571889346
77,16.33310317993164,16.348592416250085,0.015489236318444455
78,16.34502410888672,16.37410243455406,0.029078325667342142
79,21.23403549194336,16.789608141721146,4.444427350222213
80,21.088838577270508,20.621683992885664,0.4671545843848435
81,21.08287811279297,20.872908850378735,0.20996926241423353
82,20.9341049194336,20.847800843057485,0.08630407637611626
83,20.93696594238281,20.765821436270926,0.17114450611188303
84,20.80702781677246,20.796685289042216,0.01034252773024491
85,20.81012725830078,20.73771619325271,0.07241106504807249
86,20.78700065612793,20.740821346862504,0.04617930926542613
87,20.67708969116211,20.71268325926212,0.03559356810001191
88,20.615816116333008,20.616450979559886,0.0006348632268782239
89,20.53308486938477,20.5884670604064,0.05538219102163211
90,20.548105239868164,20.517996328180743,0.030108911687420914
91,20.41292190551757,20.48908639289948,0.0761644873819094
92,20.408153533935547,20.404140584105335,0.004012949830212165
93,20.27606964111328,20.35617341789475,0.08010377678147051
94,20.28107643127441,20.271565774237388,0.009510657037022696
95,20.124197006225582,20.228749174748373,0.10455216852279037
96,20.082950592041016,20.13439439861031,0.0514438065692957
97,20.069122314453125,20.062532128577004,0.006590185876120813
98,19.97709274291992,20.022677909310005,0.045585166390086584
99,19.97900009155273,19.952326490056294,0.02667360149643727
100,19.852876663208008,19.91223632603578,0.05935966282777372
101,19.824981689453125,19.83037489162598,0.005393202172854217
102,19.694089889526367,19.776392139647214,0.08230225012084702
103,19.69599723815918,19.68700627958242,0.008990958576760022
104,19.565105438232425,19.645528264391032,0.08042282615860685
105,19.572019577026367,19.55685928760431,0.01516028942205594
106,19.437074661254883,19.514047380198463,0.07697271894357982
107,19.437074661254883,19.426591642059066,0.010483019195817178
108,19.29497718811035,19.379755603040394,0.08477841493004235
109,19.29903030395508,19.288622277144896,0.010408026810186044
110,19.14691925048828,19.24172959797943,0.0948103474911477
111,19.1500186920166,19.14581101755175,0.004207674464851152
112,19.002914428710938,19.095255832326075,0.0923414036151371
113,19.00196075439453,19.000752585270675,0.0012081691238563508
114,18.8899040222168,18.94823376323984,0.05832974102304078
115,18.877029418945312,18.86854258486892,0.00848683407639328
116,18.876075744628903,18.81657139597337,0.059504348655533335
117,18.73612403869629,18.78779535263675,0.051671313940460095
118,18.73111724853516,18.69948263902188,0.031634609513279344
119,18.60690116882324,18.652593814067586,0.045692645244347574
120,18.589019775390625,18.57028395056659,0.018735824824034353
121,18.477916717529297,18.522932452697205,0.04501573516790813
122,18.47386360168457,18.441673280676696,0.032190321007874445
123,18.350839614868164,18.399826266659147,0.04898665179098316
124,18.33581924438477,18.314799184281583,0.021020060103186466
125,18.204927444458008,18.264384258827704,0.059456814369696076
126,18.204927444458008,18.176281180785736,0.028646263672271743
127,18.22090148925781,18.128477399613985,0.0924240896438242
128,18.082141876220703,18.11049482330418,0.028352947083476465
129,18.108129501342773,18.027339882110027,0.08078961923274619
130,17.943143844604492,17.99445910387476,0.05131525927026814
131,17.950057983398438,17.901504746987484,0.048553236410953104
132,17.831087112426758,17.85994663123347,0.028859518806712003
133,17.795801162719727,17.781308490384617,0.014492672335109091
134,17.668962478637695,17.725303450561114,0.05634097192341869
135,17.683029174804688,17.63247879625851,0.050550378546176944
136,17.53687858581543,17.59393768998052,0.05705910416509141
137,17.533063888549805,17.502076839832625,0.030987048717179277
138,17.518997192382812,17.449104310117036,0.06989288226577628
139,17.393112182617188,17.41488377456335,0.021771591946162516
140,17.405986785888672,17.331269176793285,0.07471760909538716
141,17.249107360839844,17.292676373813265,0.043569012973421195
142,17.268896102905273,17.199567094394297,0.06932900851097656
143,17.122983932495117,17.162170605047322,0.03918667255220498
144,17.132997512817383,17.071798066922383,0.06119944589499937
145,16.97707176208496,17.030342255338837,0.05327049325387634
146,17.001867294311523,16.930926899931364,0.07094039438015898
147,16.859054565429688,16.895302426064518,0.03624786063483043
148,16.862869262695312,16.811825825811866,0.0510434368834467
149,16.707897186279297,16.772433609162363,0.06453642288306582
150,16.709089279174805,16.685584993069824,0.023504286104980565
151,16.59989356994629,16.64370111268454,0.04380754273825005
152,16.58010482788086,16.563249272223857,0.016855555657002697
153,16.457080841064453,16.51160611021396,0.05452526914950795
154,16.458988189697266,16.406934825681674,0.052053364015591796
155,16.339778900146484,16.36782805107373,0.028049150927245137
156,16.327857971191406,16.31630992051214,0.011548050679266453
157,16.31784439086914,16.49746991097345,0.17962552010430954
158,16.19696617126465,17.283290699310783,1.0863245280461342
159,21.093130111694336,20.524344381556148,0.5687857301381882
160,21.10791206359864,21.105206514675956,0.0027055489226839313
161,21.012067794799805,20.939034378443466,0.07303341635633842
162,20.99609375,20.930375809257384,0.06571794074261561
163,20.86496353149414,20.852178891800577,0.012784639693563804
164,20.838022232055664,20.831345707392757,0.006676524662907468
165,20.73907852172852,20.775263248197007,0.03618472646848758
166,20.74909210205078,20.732928927827743,0.016163174223038368
167,20.59316635131836,20.680052502029866,0.08688615071150707
168,20.573139190673828,20.56280136548594,0.010337825187889393
169,20.55811882019043,20.54072913597338,0.01738968421705067
170,20.423173904418945,20.508565241016186,0.0853913365972403
171,20.43914794921875,20.41857008043735,0.020577868781401776
172,20.298004150390625,20.379218249217956,0.08121409882733133
173,20.29705047607422,20.294388066758984,0.0026624093152349815
174,20.158052444458008,20.24707946793569,0.08902702347768354
175,20.16687393188477,20.158630348760198,0.008243583124571074
176,20.023107528686523,20.116722337661486,0.09361480897496222
177,20.01786231994629,20.024655287215865,0.006792967269575456
178,20.01595497131348,19.97346097323316,0.04249399808032095
179,19.880056381225582,19.94688467902961,0.066828297804026
180,19.87600326538086,19.860112644437322,0.015890620943537215
181,19.7451114654541,19.81266294797024,0.06755148251613718
182,19.72508430480957,19.730084295133565,0.004999990323995007
183,19.60110664367676,19.679735226418416,0.07862858274165418
184,19.61994171142578,19.59159243324393,0.028349278181849513
185,19.501924514770508,19.55836142451517,0.056436909744661534
186,19.45710182189941,19.478212265312322,0.021110443412911906
187,19.3328857421875,19.415657747686055,0.08277200549855479
188,19.31095123291016,19.32556874544389,0.014617512533728672
189,19.331932067871094,19.269068355697527,0.06286371217356646
190,19.178152084350582,19.24955900904024,0.07140692468965781
191,19.199132919311523,19.15759116263871,0.04154175667281379
192,19.0420150756836,19.117879381610692,0.07586430592709092
193,19.05202865600586,19.024221379822848,0.02780727618301171
194,18.95904541015625,18.984528702276293,0.02548329212004319
195,18.934965133666992,18.916876906587277,0.01808822707971558
196,18.80097389221192,18.86969633460467,0.0687224423927475
197,18.805980682373047,18.777048974015997,0.0289317083570495
198,18.64504814147949,18.734349173882947,0.08930103240345844
199,18.691062927246094,18.637657572753596,0.05340535449249728
200,18.54181289672852,18.60566896061755,0.06385606388903042
201,18.568992614746094,18.51936043681235,0.04963217793374497
202,18.41402053833008,18.48142594985802,0.06740541152793966
203,18.39303970336914,18.38902743725157,0.004012266117570107
204,18.28289031982422,18.33053291215947,0.04764259233525081
205,18.24808120727539,18.249670388740924,0.0015891814655333292
206,18.21017265319824,18.18997066857264,0.02020198462559719
207,18.16391944885254,18.140109241358005,0.023810207494534552
208,18.01609992980957,18.08609548811546,0.06999555830589088
209,18.007993698120117,17.987478792292677,0.02051490582744009
210,17.9898738861084,17.93243345105111,0.057440435057287687
211,17.868995666503906,17.899597247605925,0.030601581102018827
212,17.856836318969727,17.817346705442105,0.03948961352762126
213,17.737150192260742,17.76719403392235,0.030043841661608894
214,17.714977264404297,17.685745000108,0.029232264296297217
215,17.5931453704834,17.63386178777182,0.040716417288422235
216,17.580032348632812,17.548855484619708,0.031176864013104932
217,17.43912696838379,17.498735741469318,0.05960877308552881
218,17.467021942138672,17.402929268314438,0.06409267382423423
219,17.470121383666992,17.367795536074482,0.1023258475925104
220,17.319202423095703,17.34700298845837,0.02780056536266784
221,17.335891723632812,17.25657355882504,0.07931816480777343
222,17.203092575073242,17.216550675925646,0.013458100852403732
223,17.177820205688477,17.136885555373738,0.040934650314738974
224,17.063140869140625,17.084990110106446,0.021849240965821082
225,17.0438289642334,17.00146105906697,0.04236790516642941
226,16.946077346801758,16.95126029369476,0.005182946893000917
227,16.941070556640625,16.876884240105028,0.06418631653559714
228,16.85500144958496,16.837855240964927,0.017146208620033576
229,16.84713363647461,16.781458328409826,0.06567530806478317
230,16.715049743652344,16.749028828030532,0.03397908437818842
231,16.72196388244629,16.675662326406382,0.046301556039907155
232,16.572952270507812,16.64085645347768,0.067904182969869
233,16.4339542388916,16.550370593165553,0.11641635427395158
234,16.265153884887695,16.422994066829233,0.1578401819415376
235,16.33000373840332,16.32159448391235,0.008409254490970852
236,21.164894104003903,16.354076581706067,4.810817522297835
237,21.18086814880371,18.51144941701932,2.66941873178439
238,21.125078201293945,19.650789765364607,1.4742884359293384
239,21.01588249206543,20.355280916646734,0.6606015754186956
240,21.041154861450195,20.711329258119804,0.32982560333039146
241,20.886898040771484,20.83428462719894,0.05261341357254423
242,20.67089080810547,20.79794343762842,0.12705262952295016
243,20.509004592895508,20.718809108984715,0.20980451608920703
244,20.517826080322266,20.587293704465992,0.06946762414372643
245,20.38192749023437,20.498214505551005,0.1162870153166331
246,20.44391632080078,20.44162362562929,0.0022926951714907773
247,20.264863967895508,20.402579796154896,0.13771582825938822
248,20.26009559631348,20.29188986762165,0.031794271308168476
249,20.092010498046875,20.225454326919134,0.13344382887225947
250,20.086050033569336,20.1216285809096,0.03557854734026478
251,19.955873489379883,20.06213296635906,0.10625947697917582
252,19.98615264892578,19.96764781733873,0.01850483158705174
253,19.8209285736084,19.929598374346824,0.10866980073842569
254,19.819021224975582,19.830487501621974,0.011466276646391549
255,19.809961318969727,19.77321693993872,0.03674437903100625
256,19.68693733215332,19.74446754093151,0.05753020877818926
257,19.721031188964844,19.662472047002666,0.05855914196217782
258,19.568920135498047,19.633851345133735,0.06493120963568799
259,19.57392692565918,19.547370554846566,0.02655637081261375
260,19.4089412689209,19.507137282289477,0.09819601336857886
261,19.40608024597168,19.406920418532536,0.0008401725608564448
262,19.302845001220703,19.359983499725786,0.05713849850508268
263,19.301176071166992,19.281619007870177,0.019557063296815613
264,19.29593086242676,19.241203079218394,0.05472778320836724
265,19.14381980895996,19.212060215522797,0.06824040656283614
266,19.171953201293945,19.118112310025026,0.05384089126891922
267,18.99409294128418,19.085206730778737,0.09111378949455684
268,19.044160842895508,18.984592715696635,0.05956812719887239
269,18.88012886047364,18.960175114898448,0.08004625442480773
270,18.896818161010746,18.865526413264888,0.031291747745857634
271,18.77403259277344,18.825713082151196,0.05168048937775538
272,18.76306533813477,18.743207324178,0.01985801395676745
273,18.594980239868164,18.69639943765833,0.10141919779016462
274,18.59903335571289,18.591549812072117,0.00748354364077386
275,18.48292350769043,18.53844850143105,0.05552499374061881
276,18.49508285522461,18.459414717426625,0.035668137797983945
277,18.37611198425293,18.41750570088152,0.04139371662859048
278,18.321990966796875,18.33871188341618,0.01672091661930608
279,18.18990707397461,18.267104326469052,0.07719725249444309
280,18.208026885986328,18.17140426305741,0.036622622928916826
281,18.091917037963867,18.130905217503823,0.038988179539956036
282,18.07093620300293,18.053997952620193,0.01693825038273644
283,17.939090728759766,17.997360319441214,0.05826959068144788
284,17.95196533203125,17.90603914264466,0.04592618938659143
285,17.908096313476562,17.864210561810978,0.043885751665584394
286,17.79794692993164,17.820900120568695,0.022953190637053922
287,17.837047576904297,17.740278401561227,0.09676917534306995
288,17.66800880432129,17.71542561004935,0.04741680572806217
289,17.70496368408203,17.622481475200402,0.08248220888162905
290,17.540931701660156,17.592540454643313,0.05160875298315659
291,17.54617691040039,17.49876498320191,0.04741192719848186
292,17.407894134521484,17.45467062892203,0.04677649440054665
293,17.412900924682617,17.3639192888686,0.048981635814016045
294,17.261981964111328,17.32183054878078,0.059848584669452976
295,17.28200912475586,17.225079207378258,0.05692991737760167
296,17.2579288482666,17.183524862048216,0.0744039862183854
297,17.129182815551758,17.148762558463204,0.019579742911446374
298,17.104148864746094,17.06225604550582,0.04189281924027455
299,16.963958740234375,17.004991348926524,0.04103260869214864
300,16.962051391601562,16.91361830785354,0.04843308374802291
301,16.83187484741211,16.86758193386595,0.03570708645384002
302,16.88098907470703,16.787868887035984,0.09312018767104746
303,16.74509048461914,16.770984760910324,0.025894276291182905
304,16.683101654052734,16.70365160794063,0.020549953887893935
305,16.565799713134766,16.639589423448342,0.0737897103135765
306,16.58487319946289,16.543556222131883,0.041316977331007365
307,16.460180282592773,16.504055794314354,0.04387551172158055
308,16.459941864013672,16.40759950953452,0.052342354479151254
309,16.327857971191406,16.365179830955867,0.037321859764460896
310,16.284942626953125,16.320624961281283,0.035682334328157594
311,16.171932220458984,16.521506447588763,0.3495742271297786
312,21.22712135314941,17.344881077633545,3.8822402755158656
313,21.0878849029541,21.091481836265302,0.0035969333112007007
314,21.05903625488281,20.972220812382147,0.08681544250066153
315,21.082162857055664,20.91866336422754,0.16349949282812304
316,20.92599868774414,20.90395100231035,0.02204768543379032
317,20.90907096862793,20.873417606253497,0.03565336237443262
318,20.797014236450195,20.818155926463078,0.021141690012882464
319,20.789146423339844,20.799446915134467,0.010300491794623667
320,20.663976669311523,20.737147445743176,0.07317077643165248
321,20.66183090209961,20.626088518383767,0.03574238371584215
322,20.539045333862305,20.618752781501826,0.07970744763952098
323,20.574092864990234,20.536473081392614,0.03761978359761997
324,20.396947860717773,20.50669209438638,0.1097442336686072
325,20.416975021362305,20.40984783297972,0.007127188382582972
326,20.255088806152344,20.3624313162436,0.10734251009125728
327,20.28489112854004,20.269931588700274,0.014959539839765057
328,20.158052444458008,20.229537109571538,0.07148466511353035
329,20.14899253845215,20.151796664777066,0.0028041263249178883
330,20.04599571228028,20.09961265639504,0.053616944114757814
331,19.97900009155273,20.026773762765515,0.04777367121278431
332,19.89603042602539,19.953270269070345,0.057239843044953886
333,19.85502243041992,19.880794341588626,0.025771911168707362
334,19.730091094970703,19.820623402210913,0.09053230724020978
335,19.73891258239746,19.73195476057299,0.006957821824471466
336,19.73915100097656,19.6851210675959,0.05402993338065798
337,19.600868225097656,19.662546114886936,0.061677889789280016
338,19.570112228393555,19.57513930847199,0.005027080078434665
339,19.474029541015625,19.51484603978315,0.040816498767526355
340,19.45805549621582,19.444335759999376,0.01371973621644429
341,19.318819046020508,19.40105766061606,0.08223861459555337
342,19.31905746459961,19.309199743020145,0.009857721579464851
343,19.18482780456543,19.263318207777047,0.07849040321161738
344,19.212007522583008,19.17316217577536,0.03884534680764773
345,19.086122512817383,19.14021872471494,0.05409621189755853
346,19.052982330322266,19.061115229760617,0.00813289943835116
347,19.03820037841797,18.999811822595802,0.03838855582216638
348,18.918991088867188,18.961830749958608,0.04283966109142057
349,18.934011459350582,18.88278808451105,0.051223374839533875
350,18.776893615722656,18.848002152935805,0.07110853721314925
351,18.778085708618164,18.7541289856199,0.023956722998264013
352,18.63908767700196,18.709124032056934,0.07003635505497385
353,18.63694190979004,18.618338590613348,0.018603319176691002
354,18.509864807128903,18.573417089100985,0.06355228197208262
355,18.51892471313477,18.485203579530207,0.03372113360456197
356,18.39900016784668,18.4437843829528,0.04478421510611952
357,18.416166305541992,18.363403803505207,0.05276250203678501
358,18.26691627502441,18.326020803897336,0.0591045288729255
359,18.26715469360352,18.23606887751339,0.031085816090129725
360,18.14794540405273,18.186892662015453,0.03894725796272169
361,18.09906959533692,18.10763667435822,0.008567079021297275
362,17.998933792114258,18.041380438262422,0.04244664614816429
363,17.956972122192383,17.96071179842329,0.0037396762309072074
364,17.83609390258789,17.898063271559295,0.06196936897140404
365,17.83895492553711,17.808100787988224,0.030854137548885774
366,17.828941345214844,17.760391518777396,0.06854982643744734
367,17.69113540649414,17.729148947864815,0.03801354137067392
368,17.71402359008789,17.63902911193327,0.0749944781546219
369,17.5631046295166,17.602661445607737,0.03955681609113526
370,17.565011978149414,17.513942615437372,0.051069362712041766
371,17.43912696838379,17.46980150790023,0.030674539516439836
372,17.43912696838379,17.386665251251543,0.05246171713224612
373,17.284870147705078,17.344488283242754,0.0596181355376757
374,17.30203628540039,17.245955709768168,0.05608057563222246
375,17.156124114990234,17.20527484599188,0.04915073100164591
376,17.176151275634766,17.113225307070934,0.0629259685638317
377,17.174959182739258,17.071834514354123,0.10312466838513501
378,17.0440673828125,17.04773103176649,0.0036636489539887407
379,17.026901245117188,16.966602316415447,0.060298928701740806
380,16.908884048461914,16.913721030960005,0.004836982498090947
381,16.883134841918945,16.84115796479091,0.041976877128035994
382,16.772031784057617,16.794438222405006,0.022406438347388757
383,16.763925552368164,16.726106326018453,0.037819226349711244
384,16.640901565551758,16.69081976592679,0.04991820037503203
385,16.618013381958008,16.60998422198645,0.00802915997155651
386,16.505956649780273,16.557436577159024,0.05147992737875029
387,16.48402214050293,16.459676668290513,0.024345472212417008
388,16.489028930664062,16.404234385191785,0.0847945454722776
389,16.35599136352539,16.37182051112518,0.015829147599788485
390,16.348838806152344,16.338781039934247,0.010057766218096731
391,16.21389389038086,16.54443066723843,0.33053677685757066
392,21.132946014404297,18.442329166873606,2.6906168475306913
393,21.129131317138672,20.94788867452735,0.1812426426113234
394,20.99204063415528,20.874822214864253,0.11721841929102794
395,20.98608016967773,20.84835920095429,0.13772096872343909
396,20.87092399597168,20.798964971163514,0.07195902480816585
397,20.84207534790039,20.78692374516322,0.055151602737169014
398,20.83301544189453,20.745504716160212,0.08751072573431884
399,20.71404457092285,20.76877979470737,0.054735223784518894
400,20.699024200439453,20.685464819962363,0.013559380477090599
401,20.581960678100582,20.61006270832877,0.028102030228186692
402,20.5690860748291,20.57318997276525,0.004103897936147405
403,20.450115203857425,20.525908185845765,0.07579298198833939
404,20.43604850769043,20.444522997877357,0.008474490186927142
405,20.32303810119629,20.394353233768925,0.07131513257263578
406,20.30181884765625,20.314874707310082,0.013055859653832158
407,20.18594741821289,20.26112488374565,0.07517746553276083
408,20.17998695373535,20.180634207918047,0.0006472541826951783
409,20.04003524780273,20.131574791776075,0.09153954397334374
410,20.051002502441406,20.042350473431725,0.008652029009681428
411,19.910097122192383,19.99713957093263,0.0870424487402488
412,19.91605758666992,19.909974741949554,0.006082844720364022
413,19.775867462158203,19.862836398715444,0.08696893655724125
414,19.762039184570312,19.773962646013388,0.011923461443075212
415,19.63186264038086,19.71866443500403,0.08680179462317028
416,19.627094268798828,19.629803417956282,0.002709149157453794
417,19.637107849121094,19.580013042286737,0.05709480683435686
418,19.52981948852539,19.557422002435487,0.027602513910096604
419,19.511938095092773,19.48635671624288,0.025581378849892644
420,19.381046295166016,19.43859365565004,0.05754736048402265
421,19.389867782592773,19.354353670223645,0.03551411236912827
422,19.2720890045166,19.31977368758453,0.047684683067927836
423,19.292116165161133,19.243012547576654,0.04910361758447834
424,19.13094520568848,19.213338808185654,0.08239360249717365
425,19.109010696411133,19.116501249754947,0.007490553343814099
426,19.03009414672852,19.058531232531095,0.02843708580257598
427,19.02294158935547,18.99364240352952,0.02929918582594837
428,19.03581619262696,18.953474652562363,0.08234154006459704
429,18.928050994873047,18.934059482717203,0.006008487844155752
430,18.891096115112305,18.864851423586515,0.026244691525789676
431,18.76997947692871,18.812104030075716,0.04212455314700492
432,18.76306533813477,18.73002508409627,0.033040254038500194
433,18.618106842041016,18.690946063998126,0.07283922195711057
434,18.60785484313965,18.59877897163642,0.009075871503227972
435,18.463134765625,18.54785126852221,0.08471650289720856
436,18.46098899841309,18.4511120762636,0.009876922149491207
437,18.31316947937012,18.400755466700502,0.0875859873303817
438,18.329858779907227,18.303805968571396,0.026052811335830484
439,18.32103729248047,18.258466536508422,0.06257075597204675
440,18.179893493652344,18.227945876105878,0.04805238245353394
441,18.197059631347656,18.137504297328633,0.059555334019023576
442,18.08905601501465,18.097923894629275,0.008867879614626872
443,18.01896095275879,18.02753259266865,0.008571639909860096
444,17.951011657714844,17.959118668613883,0.008107010899038869
445,17.930030822753906,17.8900636049093,0.03996721784460533
446,17.795085906982422,17.84798332732862,0.05289742034619849
447,17.817020416259766,17.756124069137513,0.06089634712225234
448,17.702102661132812,17.72012003925738,0.018017378124568495
449,17.645835876464844,17.645873688252323,3.7811787478858605e-05
450,17.54617691040039,17.576812591869384,0.030635681468993425
451,17.506122589111328,17.495848518365165,0.010274070746163488
452,17.38595962524414,17.435929946032047,0.04997032078790653
453,17.36903190612793,17.346550956517603,0.022480949610326206
454,17.25006103515625,17.29160599234092,0.04154495718466933
455,17.225980758666992,17.20564124741486,0.02033951125213207
456,17.11893081665039,17.145963311918422,0.027032495268031198
457,17.09294319152832,17.06376630977502,0.02917688175330113
458,17.09604263305664,17.006156074785395,0.08988655827124603
459,16.964197158813477,16.975432062849904,0.011234904036427906
460,16.97993278503418,16.894209003112337,0.0857237819218426
461,16.860008239746094,16.85637497701009,0.003633262736002507
462,16.854047775268555,16.79276918139294,0.061278593875613296
463,16.721010208129883,16.756954343009056,0.03594413487917336
464,16.703128814697266,16.68258306528969,0.020545749407574476
465,16.57700538635254,16.63853931847825,0.061533932125712454
466,16.582012176513672,16.549872520158715,0.03213965635495697
467,16.457080841064453,16.50566597481884,0.048585133754386334
468,16.459941864013672,16.405636752494956,0.05430511151871542
469,16.48402214050293,16.366171850449973,0.11785029005295655
470,16.335010528564453,16.37341315915819,0.03840263059373683
471,16.314983367919922,16.466360834016314,0.1513774660963918
472,21.23689651489257,17.23042483070003,4.00647168419254
473,21.094799041748047,20.87623788338533,0.21856115836271783
474,21.097898483276367,20.857412240275153,0.24048624300121446
475,20.93982696533203,20.85479472816587,0.08503223716616048
476,20.94388008117676,20.771732120465458,0.17214796071130323
477,20.832061767578125,20.805604268844036,0.026457498734089313
478,20.80607414245605,20.751531026689918,0.054543115766133354
479,20.81608772277832,20.741292566071934,0.07479515670638648
480,20.68710327148437,20.72854115976952,0.041437888285148716
481,20.67804336547852,20.630355632874853,0.04768773260366643
482,20.548105239868164,20.623450227049034,0.0753449871808698
483,20.55907249450684,20.541875344861182,0.017197149645657106
484,20.425796508789062,20.504480447470996,0.0786839386819338
485,20.40982246398925,20.421233172783104,0.01141070879385353
486,20.280838012695312,20.368212968151056,0.08737495545574347
487,20.295143127441406,20.28167855405627,0.013464573385135736
488,20.158052444458008,20.241543815245677,0.08349137078766944
489,20.164012908935547,20.157459338861372,0.006553570074174786
490,20.145893096923828,20.11001802111423,0.035875075809599366
491,20.02120018005371,20.079804692159087,0.05860451210537576
492,19.996166229248047,19.996229977095936,6.37478478893172e-05
493,19.870996475219727,19.942755980991933,0.07175950577220647
494,19.875049591064453,19.859993331465375,0.015056259599077748
495,19.7439193725586,19.82029797272844,0.07637860016983922
496,19.726037979125977,19.73374579574738,0.0077078166214050725
497,19.598960876464844,19.681814824707544,0.08285394824270043
498,19.59013938903809,19.591478817801544,0.0013394287634547197
499,19.448041915893555,19.543467747098475,0.09542583120492054
500,19.43802833557129,19.44963513278708,0.01160679721579072
501,19.31285858154297,19.394401940644457,0.08154335910148802
502,19.30093765258789,19.306915703964478,0.005978051376587246
503,19.18911933898925,19.25358213520667,0.0644627962174198
504,19.18196678161621,19.1724432816045,0.009523500011709984
505,19.04582977294922,19.123231707908417,0.07740193495919812
506,19.03510093688965,19.03300596495683,0.0020949719328200445
507,18.91112327575684,18.978864687596797,0.06774141183995752
508,18.887996673583984,18.894137563393087,0.0061408898091031006
509,18.78499984741211,18.836237592267935,0.05123774485582544
510,18.751144409179688,18.758204394998756,0.00705998581906897
511,18.75615119934082,18.69850249636329,0.057648702977530775
512,18.620967864990234,18.66901895391493,0.04805108892469434
513,18.630027770996094,18.58346803396671,0.04655973702938354
514,18.496990203857425,18.543067522159618,0.04607731830219208
515,18.494844436645508,18.45879016764229,0.03605426900321618
516,18.342018127441406,18.416965608594182,0.07494748115277616
517,18.33796501159668,18.320027673098593,0.01793733849808632
518,18.198013305664062,18.271219786129222,0.07320648046515998
519,18.192052841186523,18.177161113953844,0.014891727232679841
520,18.18704605102539,18.126351383216388,0.06069466780900257
521,18.06306838989257,18.095030555059566,0.031962165166994794
522,18.085956573486328,18.012395597224895,0.0735609762614331
523,17.969846725463867,17.978529816673472,0.008683091209604754
524,17.969131469726562,17.90559691380622,0.06353455592034152
525,17.82703399658203,17.86830205833212,0.041268061750088236
526,17.815828323364258,17.779061652845485,0.036766670518773026
527,17.696142196655273,17.731660552954054,0.03551835629878042
528,17.688989639282227,17.648753789444527,0.04023584983769979
529,17.59791374206543,17.60409739063107,0.0061836485656385776
530,17.56596565246582,17.534828501993616,0.031137150472204667
531,17.419815063476562,17.480442482224134,0.06062741874757194
532,17.42100715637207,17.38289155957773,0.0381155967943414
533,17.293930053710938,17.333675796521675,0.03974574281073728
534,17.256975173950195,17.249333590712013,0.007641583238182648
535,17.117023468017578,17.184593819138172,0.06757035112059384
536,17.116785049438477,17.084163633171556,0.03262141626692028
537,16.98613166809082,17.031705975796285,0.04557430770546489
538,16.98780059814453,16.941281824756516,0.04651877338801569
539,16.842126846313477,16.89395429002616,0.051827443712682
540,16.84284210205078,16.80342071290397,0.039421389146809815
541,16.839981079101562,16.76017026329646,0.07981081580510363
542,16.716957092285156,16.739494598823512,0.022537506538355956
543,16.698837280273438,16.676819762778905,0.022017517494532513
544,16.577959060668945,16.623117362769335,0.04515830210038985
545,16.571044921875,16.546056515949203,0.024988405925796542
546,16.41392707824707,16.491925984297495,0.07799890605042492
547,16.458988189697266,16.38671303646788,0.07227515322938416
548,16.291141510009766,16.3622383765869,0.0710968665771361
549,16.31784439086914,16.344201443331485,0.026357052462344654
550,16.145944595336914,16.666804176111327,0.5208595807744132
551,21.224021911621094,17.896218612577286,3.327803299043808
552,21.075963973999023,21.162479422400793,0.08651544840176939
553,21.10505104064941,21.02408810515044,0.08096293549897027
554,20.954132080078125,20.965459520539298,0.011327440461172955
555,20.977020263671875,20.83751345071505,0.13950681295682443
556,20.865917205810547,20.878528960565745,0.01261175475519849
557,20.85089683532715,20.812077667869744,0.038819167457404546
558,20.698070526123047,20.821554670419573,0.12348414429652621
559,20.69091796875,20.702488367987826,0.011570399237825768
560,20.57194709777832,20.621718848360615,0.04977175058229477
561,20.591020584106445,20.57857380304995,0.012446781056496548
562,20.54905891418457,20.537825071642146,0.0112338425424241
563,20.43390274047852,20.4986488583927,0.06474611791417928
564,20.41101455688477,20.41270933341366,0.0016947765288897187
565,20.277023315429688,20.362977608783694,0.08595429335400695
566,20.29204368591309,20.276303772789106,0.015739913123983484
567,20.142078399658203,20.23840146011935,0.09632306046114536
568,20.119190216064453,20.146062268850073,0.026872052785620326
569,20.01309394836425,20.08623686788269,0.07314291951843899
570,19.993066787719727,20.006043804187357,0.012977016467630165
571,20.00594139099121,19.954680910359457,0.051260480631754035
572,19.87600326538086,19.93000189349914,0.05399862811827916
573,19.845008850097656,19.848530907438544,0.003522057340887841
574,19.71101760864257,19.7902103245724,0.07919271592982824
575,19.691944122314453,19.70216204335884,0.010217921044386458
576,19.55604553222656,19.65199596588718,0.09595043366062228
577,19.572019577026367,19.557732350222068,0.01428722680429928
578,19.44184303283692,19.51824578918604,0.0764027563491183
579,19.42682266235352,19.430725032179907,0.0039023698263882522
580,19.325971603393555,19.377719574094954,0.051747970701399026
581,19.30713653564453,19.30205034886967,0.005086186774860835
582,19.17099952697754,19.25158665926574,0.08058713228820125
583,19.15717124938965,19.160443278906314,0.003272029516665498
584,19.037961959838867,19.105182604562287,0.06722064472342026
585,19.03510093688965,19.022247018256166,0.012853918633481953
586,18.924951553344727,18.97437134766733,0.049419794322602684
587,18.9058780670166,18.897392360941012,0.008485706075589405
588,18.77117156982422,18.843954225758353,0.0727826559341338
589,18.78905296325684,18.75313057735184,0.03592238590499974
590,18.630027770996094,18.713661276478888,0.08363350548279413
591,18.62311363220215,18.61836071043399,0.004752921768158558
592,18.620014190673828,18.562675905286596,0.057338285387231736
593,18.49007606506348,18.533311340661385,0.04323527559790463
594,18.435955047607425,18.449828456368778,0.013873408761352124
595,18.33391189575196,18.37967343431046,0.04576153855850151
596,18.33486557006836,18.298057663969303,0.03680790609905671
597,18.197059631347656,18.259364064988404,0.06230443364074745
598,18.173933029174805,18.16830430425398,0.005628724920825334
599,18.080949783325195,18.111323311131855,0.030373527806659695
600,18.05591583251953,18.034158484397267,0.021757348122264375
601,17.924785614013672,17.98354464813201,0.058759034118338604
602,17.926931381225586,17.892624812020586,0.034306569205000415
603,17.925024032592773,17.84499480550039,0.08002922709238192
604,17.789125442504883,17.81796706586647,0.028841623361586244
605,17.755985260009766,17.73329574393756,0.02268951607220515
606,17.64202117919922,17.672677380915047,0.0306562017158285
607,17.663955688476562,17.5907524358081,0.07320325266846339
608,17.503976821899414,17.561108357085686,0.05713153518627223
609,17.544984817504883,17.465973186972406,0.07901163053247728
610,17.38905906677246,17.43542630117645,0.04636723440398782
611,17.40097999572754,17.342932019801083,0.058047975926456274
612,17.406940460205078,17.30171324220464,0.10522721800043655
613,17.238855361938477,17.28055278499596,0.04169742305748514
614,17.245054244995117,17.18445422966397,0.060600015331147006
615,17.13395118713379,17.136445505002484,0.0024943178686953615
616,17.141103744506836,17.06379412712522,0.07730961738161568
617,16.993045806884766,17.029304550874258,0.03625874398949236
618,16.97707176208496,16.935110646159046,0.04196111592591478
619,16.844987869262695,16.884898653302116,0.03991078403942083
620,16.846179962158203,16.798935248971247,0.04724471318695578
621,16.71123504638672,16.7629753749452,0.05174032855848054
622,16.695022583007812,16.68361406677832,0.011408516229494126
623,17.699003219604492,16.63488845883876,1.064114760765733
624,16.536951065063477,17.056227891657727,0.5192768265942505
625,16.563892364501953,16.68042688550031,0.11653452099835704
626,16.407012939453125,16.545216046552014,0.13820310709888872
627,16.418933868408203,16.495933756459635,0.07699988805143221
628,16.282081604003906,16.52161729805357,0.23953569404966402
629,16.2808895111084,16.417529256216312,0.13663974510791377
630,21.224021911621094,16.668399819536717,4.555622092084377
631,21.20089530944824,19.51400883808674,1.6868864713615004
632,21.03114128112793,20.3253320200929,0.7058092610350286
633,21.07095718383789,20.596992910668632,0.4739642731692584
634,20.93386650085449,20.886540357423655,0.04732614343083341
635,20.92790603637696,20.842319484472682,0.085586551904278
636,20.772933959960938,20.82642170125837,0.05348774129743106
637,20.78104019165039,20.769934382315114,0.011105809335276717
638,20.648956298828125,20.72625879645784,0.07730249762971653
639,20.65610885620117,20.614427351119957,0.041681505081211156
640,20.5080509185791,20.612504602468107,0.10445368388900533
641,20.5228328704834,20.521048863429314,0.0017840070540842135
642,20.39504051208496,20.473315966228256,0.07827545414329506
643,20.39790153503418,20.394875060446793,0.003026474587386474
644,20.38502693176269,20.3465318572853,0.03849507447739242
645,20.282983779907227,20.31869406300757,0.035710283100343077
646,20.24698257446289,20.24562090036852,0.0013616740943689365
647,20.148038864135746,20.19295494801554,0.0449160838797944
648,20.123958587646484,20.12184240584247,0.00211618180401274
649,21.765947341918945,20.0752862160698,1.6906611258491466
650,19.967079162597656,20.73597777643954,0.7688986138418841
651,19.83904838562012,20.244911390363995,0.4058630047438747
652,19.83785629272461,19.923690371342673,0.08583407861806336
653,19.71101760864257,19.905972730157373,0.194955121514802
654,19.689083099365234,19.858914152337093,0.1698310529718583
655,19.70195770263672,19.747884718071873,0.04592701543515432
656,19.546985626220703,19.682616165482614,0.1356305392619106
657,19.55103874206543,19.574094314521062,0.0230555724556325
658,19.43492889404297,19.50197800169917,0.06704910765620298
659,19.444942474365234,19.46271297401836,0.017770499653124716
660,19.27995681762696,19.375044416392484,0.09508759876552375
661,19.297122955322266,19.274499777111487,0.02262317821077886
662,19.16217803955078,19.234251422858506,0.07207338330772473
663,19.16098594665528,19.14692404670859,0.014061899946689493
664,19.156932830810547,19.101567019333743,0.05536581147680408
665,19.021987915039062,19.07400672826043,0.052018813221366145
666,19.02914047241211,18.987908677900123,0.041231794511986664
667,18.92280578613281,18.947025384250082,0.024219598117273478
668,18.91517639160156,18.87639713208955,0.038779259512008224
669,18.776893615722656,18.838334115571342,0.06144049984868616
670,18.771886825561523,18.748414866195162,0.02347195936636126
671,18.65696907043457,18.703746904748186,0.04677783431361604
672,18.67318153381348,18.6234077161771,0.04977381763638178
673,18.521785736083984,18.590294344676295,0.06850860859231034
674,18.51201057434082,18.498937809681593,0.013072764659227687
675,18.37420463562012,18.444020327706312,0.0698156920861912
676,18.36800575256348,18.353668401232426,0.014337351331054293
677,18.229961395263672,18.302760304322874,0.07279890905920183
678,18.225908279418945,18.210910933021296,0.01499734639764938
679,18.11814308166504,18.158307653493466,0.04016457182842714
680,18.100976943969727,18.079778268429436,0.021198675540290424
681,17.94910430908203,18.027205822590986,0.07810151350895467
682,17.979860305786133,17.927709528748892,0.052150777037240914
683,17.838001251220703,17.889279691871707,0.05127844065100362
684,17.839908599853516,17.802530447397658,0.03737815245585807
685,17.83895492553711,17.7544758073509,0.08447911818620923
686,17.726898193359375,17.727609441863024,0.000711248503648676
687,17.721891403198242,17.6547149135331,0.06717648966514389
688,17.600059509277344,17.61222608956814,0.012166580290795537
689,17.59505271911621,17.534744714794215,0.06030800432199612
690,17.468929290771484,17.494351743835068,0.025422453063583816
691,17.442941665649414,17.411956249816285,0.030985415833129082
692,17.326831817626953,17.359715433713063,0.03288361608611012
693,17.30513572692871,17.274905360181947,0.030230366746764048
694,17.19379425048828,17.222867560462873,0.02907330997459212
695,17.208099365234375,17.14081584532323,0.06728351991114323
696,17.17400550842285,17.101968413044233,0.07203709537861869
697,17.045974731445312,17.062634428498313,0.016659697053000855
698,17.05002784729004,16.975651836673933,0.07437601061610621
699,16.907930374145508,16.932608006300143,0.02467763215463492
700,16.907930374145508,16.850779667834104,0.057150706311404065
701,16.790151596069336,16.80841585437065,0.01826425830131484
702,16.777992248535156,16.74168043928148,0.036311809253675165
703,16.65496826171875,16.705033342645947,0.050065080927197414
704,16.644954681396484,16.622517530208825,0.022437151187659765
705,16.505002975463867,16.577982957983295,0.07297998251942772
706,16.498088836669922,16.474080148697112,0.02400868797280964
707,16.367197036743164,16.416394798483225,0.04919776174006074
708,16.34979248046875,16.331980682309677,0.017811798159073078
709,16.231060028076172,16.338790696408978,0.10773066833280609
710,16.24011993408203,16.596829212744524,0.3567092786624926
711,21.129131317138672,18.00636945426959,3.1227618628690834
712,21.11291885375977,21.143294164630788,0.030375310871018968
713,21.00992202758789,20.990952948977792,0.018969078610098222
714,20.99204063415528,20.94290735794857,0.049133276206710264
715,20.8730697631836,20.871798167263478,0.0012715959201230476
716,20.87187767028809,20.832756683830667,0.0391209864574229
717,20.879030227661133,20.79651436315544,0.08251586450569448
718,20.7209587097168,20.811626222439372,0.09066751272257179
719,20.74503898620605,20.71199385818545,0.03304512802059989
720,20.581960678100582,20.63658705446869,0.054626376368108964
721,20.60103416442871,20.58928381802616,0.011750346402550349
722,20.47204971313477,20.547893611819745,0.0758438986849761
723,20.47896385192871,20.46951470856584,0.009449143362871837
724,20.36404609680176,20.427007116268214,0.06296101946645294
725,20.329952239990234,20.349958753740793,0.020006513750558952
726,20.21002769470215,20.29143373010811,0.08140603540596203
727,20.186901092529297,20.208465299219824,0.0215642066905275
728,20.07699012756348,20.150479194853688,0.07348906729020754
729,20.0650691986084,20.07247130131873,0.0074021027103299275
730,19.9429988861084,20.01992499708649,0.07692611097809277
731,19.9270248413086,19.937017898428167,0.009993057119565663
732,19.80805397033692,19.88199752577202,0.07394355543510045
733,19.79303359985352,19.80014178889178,0.007108189038259383
734,19.69599723815918,19.747386686958635,0.05138944879945484
735,19.70505714416504,19.67435072583612,0.030706418328918517
736,19.64092254638672,19.63713814939183,0.003784396994888084
737,19.53411102294922,19.58545116667665,0.05134014372742968
738,19.506216049194336,19.503587051076465,0.002628998117870651
739,19.395112991333008,19.451505598226504,0.05639260689349612
740,19.36888694763184,19.373599589926016,0.004712642294176561
741,19.24920082092285,19.32175910906153,0.07255828813867993
742,19.238948822021484,19.23488552438357,0.00406329763791291
743,19.102096557617188,19.18663984952218,0.08454329190499266
744,19.12808418273925,19.093394080755388,0.034690101983862576
745,18.987178802490234,19.058362317537103,0.0711835150468687
746,18.9669132232666,18.97024600111763,0.003332777851028368
747,18.954992294311523,18.91225738313551,0.04273491117601225
748,18.86606216430664,18.876866843129392,0.010804678822751157
749,18.83816719055176,18.81163783809825,0.026529352453511734
750,18.704891204833984,18.762061790084772,0.05717058525078755
751,18.707990646362305,18.67312569970636,0.03486494665594364
752,18.58305931091309,18.632928790793812,0.04986947988072288
753,18.57304573059082,18.55082973588651,0.022215994704311015
754,18.45788955688477,18.505223525380643,0.04733396849587379
755,18.4628963470459,18.42207411414165,0.04082223290424736
756,18.33796501159668,18.38241863811163,0.044453626514950884
757,18.3258056640625,18.300606470575076,0.025199193487424054
758,18.18704605102539,18.250385261126212,0.06333921010082122
759,18.193960189819336,18.15922026366934,0.03473992614999588
760,18.0509090423584,18.114242792307778,0.06333374994937913
761,18.001079559326172,18.024013530293814,0.02293397096764238
762,17.9140567779541,17.951338859575117,0.037282081621015095
763,17.90785789489746,17.87414437217194,0.033713522725520306
764,17.776966094970703,17.82940971611424,0.05244362114353862
765,17.78388023376465,17.740577689437487,0.04330254432716174
766,17.659902572631836,17.694293975637265,0.03439140300542931
767,17.673015594482422,17.61180799144313,0.061207603039292735
768,17.68803596496582,17.572510621903348,0.11552534306247253
769,17.500877380371094,17.557332570731887,0.056455190360793495
770,17.38905906677246,17.454059233728003,0.06500016695554223
771,17.35091209411621,17.34933143472972,0.0015806593864908791
772,17.258167266845703,17.288135777903335,0.029968511057631986
773,17.260074615478516,17.215424659752898,0.044649955725617474
774,17.11893081665039,17.169076848745135,0.05014603209474444
775,17.115116119384766,17.074830912179095,0.040285207205670304
776,17.114877700805664,17.020642043689804,0.0942356571158598
777,16.972064971923828,16.993231899277816,0.021166927353988285
778,16.975879669189453,16.908091117670665,0.06778855151878815
779,16.83497428894043,16.859853821529214,0.02487953258878406
780,16.817092895507812,16.785133402549945,0.03195949295786704
781,16.705036163330078,16.739024636422073,0.03398847309199482
782,16.685009002685547,16.666866346213283,0.018142656472264207
783,16.53909683227539,16.62255724534134,0.08346041306594998
784,16.54195785522461,16.520497565920778,0.021460289303831814
785,16.422033309936523,16.463524721103795,0.04149141116727151
786,16.416072845458984,16.381690999310194,0.03438184614878992
787,16.299009323120117,16.341998845433636,0.042989522313519046
788,16.28589630126953,16.379403399298553,0.09350709802902202
789,21.21901512145996,16.822246439801347,4.396768681658614
790,21.179914474487305,20.249092706762895,0.9308217677244102
791,21.090030670166016,20.99066807249983,0.09936259766618605
792,21.043062210083008,20.93316324180705,0.10989896827595658
793,20.91693878173828,20.866221961568954,0.05071682016932755
794,20.886898040771484,20.827697277582047,0.059200763189437566
795,20.759105682373047,20.800288808914047,0.04118312654100009
796,20.74885368347168,20.75694367977121,0.008089996299531776
797,20.74813842773437,20.704686944100104,0.04345148363426787
798,20.633935928344727,20.649500672789145,0.015564744444418466
799,20.630836486816406,20.61500581794462,0.015830668871785747
800,20.50399780273437,20.570760143982625,0.06676234124825342
801,20.50113677978516,20.492251538144046,0.008885241641113595
802,20.3249454498291,20.448368830329855,0.12342338050075341
803,20.38788795471192,20.344384894087852,0.04350306062406872
804,20.2021598815918,20.319700514846772,0.117540633254972
805,20.22099494934082,20.21962240269204,0.001372546648781281
806,20.11299133300781,20.171753435079154,0.05876210207134491
807,20.10107040405273,20.10032417729235,0.0007462267603806083
808,19.932985305786133,20.050791531048162,0.11780622526202933
809,19.926071166992188,19.94657533668942,0.02050416969723301
810,19.79899406433105,19.888491033725586,0.08949696939453489
811,19.80805397033692,19.803738605787657,0.004315364549263734
812,19.694089889526367,19.757821544772014,0.06373165524564683
813,19.654035568237305,19.68046316960681,0.026427601369505282
814,19.55294609069824,19.614495161476952,0.061549070778713855
815,19.540786743164062,19.5358290357035,0.004957707460562233
816,19.44112777709961,19.488598191401252,0.04747041430164245
817,19.37389373779297,19.416002950947586,0.042109213154617464
818,19.37103271484375,19.34190322754148,0.029129487302270718
819,19.26898956298828,19.30446945289077,0.03547988990248996
820,19.268035888671875,19.23265510913552,0.03538077953635366
821,19.13905143737793,19.193661887129565,0.054610449751635315
822,19.14691925048828,19.10965449496871,0.037264755519572645
823,19.0119743347168,19.07156516926989,0.059590834553088
824,18.992900848388672,18.986574450536864,0.006326397851807997
825,18.89204978942871,18.935329026362524,0.04327923693381308
826,18.88704299926757,18.859206009665286,0.0278369896022852
827,18.86296272277832,18.8169308430588,0.046031879719521385
828,18.70393753051757,18.780991496896604,0.07705396637903306
829,18.769025802612305,18.681338856140428,0.08768694647187658
830,18.623828887939453,18.662700561208112,0.038871673268658924
831,18.6309814453125,18.583510933012803,0.047470512299696566
832,18.484115600585938,18.54569776992321,0.0615821693372709
833,18.44501495361328,18.453144753721062,0.008129800107781193
834,18.351078033447266,18.391570211178987,0.04049217773172131
835,18.35012435913086,18.314017282136774,0.03610707699408522
836,18.20206642150879,18.27519733205918,0.07313091055038967
837,18.2180404663086,18.180225211835932,0.03781525447266887
838,18.06497573852539,18.13472909771008,0.06975335918468772
839,18.06902885437012,18.04189975132431,0.027129103045812286
840,17.892837524414062,17.992064800864682,0.09922727645061968
841,17.92001724243164,17.884341106764623,0.03567613566701766
842,17.837047576904297,17.84036656817989,0.003318991275591543
843,17.776012420654297,17.776897261910563,0.0008848412562656449
844,17.661094665527344,17.710396869915712,0.04930220438836841
845,17.697811126708984,17.619361575043513,0.07844955166547152
846,17.6699161529541,17.59070333650925,0.07921281644485134
847,17.52185821533203,17.560541788043338,0.038683572711306624
848,17.54593849182129,17.465935063796678,0.08000342802461091
849,17.446041107177734,17.43018214415315,0.015858963024584227
850,17.395973205566406,17.366435921189805,0.029537284376601747
851,17.273902893066406,17.30984504126809,0.035942148201684176
852,17.25482940673828,17.22104024543114,0.0337891613071406
853,17.12203025817871,17.169712039503793,0.04768178132508183
854,17.130136489868164,17.078038956469754,0.05209753339840972
855,17.01807975769043,17.034227719136652,0.016147961446222325
856,17.000198364257812,16.95528350364839,0.04491486060942407
857,16.849994659423828,16.90343078985279,0.053436130428963224
858,16.863107681274414,16.8105344137075,0.05257326756691327
859,16.906023025512695,16.77235417889733,0.1336688466153646
860,16.701936721801758,16.77447986014613,0.07254313834437198
861,16.726970672607422,16.686419681150255,0.040550991457166674
862,16.559123992919922,16.639049331161004,0.0799253382410825
863,16.59393310546875,16.54730033692431,0.046632768544441205
864,16.442060470581055,16.509315410075942,0.06725493949488737
865,16.436100006103516,16.40299343392826,0.03310657217525659
866,16.309022903442383,16.358864601215828,0.04984169777344505
867,16.314983367919922,16.323574145019393,0.00859077709947087
868,16.314029693603516,16.570782369853987,0.25675267625047127
869,21.22712135314941,17.43213547513278,3.794985878016629
870,21.0878849029541,21.10413906575559,0.016254162801487837
871,21.05498313903809,21.005486006288265,0.049497132749824146
872,20.90096473693848,20.90949134708353,0.00852661014505074
873,20.956993103027344,20.788996640476398,0.16799646255094558
874,20.81894874572754,20.84134520691805,0.02239646119051031
875,20.797014236450195,20.77605587510334,0.02095836134685669
876,20.68495750427246,20.766877154983376,0.08191965071091545
877,20.663976669311523,20.667104028234462,0.0031273589229385834
878,20.65706253051757,20.58985424127968,0.06720828923788957
879,20.545005798339844,20.598896890987817,0.05389109264797298
880,20.53403854370117,20.522002026609698,0.012036517091470245
881,20.4010009765625,20.476448602039454,0.07544762547695427
882,20.383119583129883,20.392312847889116,0.009193264759232989
883,20.26581764221192,20.342204416010645,0.07638677379872405
884,20.28894424438477,20.261058524283726,0.027885720101043177
885,20.10703086853028,20.22817070792371,0.12113983939342887
886,20.143985748291016,20.12247483162355,0.021510916667466518
887,19.989967346191406,20.0838020118681,0.0938346656766953
888,19.989967346191406,19.99567027860394,0.005702932412532391
889,19.861936569213867,19.943873031934345,0.08193646272047772
890,19.84691619873047,19.858624248627166,0.011708049896697048
891,19.728899002075195,19.80405967833576,0.0751606762605661
892,19.70410346984864,19.720621033684438,0.016517563835797944
893,19.58799362182617,19.663161448079336,0.07516782625316765
894,19.572019577026367,19.58027412320007,0.008254546173702693
895,19.58799362182617,19.52544445020976,0.06254917161640705
896,19.446134567260746,19.50554432005447,0.05940975279372296
897,19.42992210388184,19.419239147737244,0.010682956144595579
898,19.30403709411621,19.36588982698595,0.06185273286973825
899,19.32692527770996,19.282420348645246,0.044504929064714815
900,19.182920455932617,19.253185319030308,0.07026486309769098
901,19.169092178344727,19.165303941917955,0.0037882364267716184
902,19.037961959838867,19.113576406198263,0.07561444635939552
903,19.047021865844727,19.02280604645057,0.024215819394157734
904,18.89514923095703,18.982219862209604,0.08707063125257264
905,18.9058780670166,18.888365630800763,0.017512436215838534
906,18.787860870361328,18.841017316844955,0.053156446483626496
907,18.79286766052246,18.761362502118573,0.031505158403888345
908,18.665075302124023,18.71839156660826,0.05331626448423776
909,18.66602897644043,18.635561217024588,0.03046775941584201
910,18.659114837646484,18.589625555250677,0.0694892823958071
911,18.515825271606445,18.562893249281842,0.04706797767539683
912,18.497943878173828,18.474804415063772,0.023139463110055658
913,18.383026123046875,18.422151533513897,0.03912541046702245
914,18.40806007385254,18.34217581381381,0.06588426003872883
915,18.260955810546875,18.315705091481504,0.054749280934629496
916,18.24307441711425,18.226322750479085,0.016751666635165918
917,18.110036849975582,18.172884280147628,0.0628474301720452
918,18.12911033630371,18.080169554650638,0.04894078165307292
919,18.131017684936523,18.044541896870214,0.08647578806630918
920,17.993927001953125,18.022799788923294,0.028872786970168818
921,17.98415184020996,17.937804210532704,0.04634762967725692
922,17.884016036987305,17.88800947792879,0.00399344094148546
923,17.901897430419922,17.81848453560997,0.08341289480995329
924,17.69089698791504,17.792946532381393,0.10204954446635384
925,17.708778381347656,17.67512832407192,0.03365005727573589
926,17.578840255737305,17.626817127620598,0.047976871883292915
927,17.578125,17.541259504696427,0.03686549530357297
928,17.444133758544922,17.496865024668296,0.052731266123373643
929,17.454147338867188,17.40529374308153,0.0488535957856584
930,17.31085777282715,17.360515433892942,0.049657661065793945
931,17.359018325805664,17.268436234303408,0.09058209150225593
932,17.18592643737793,17.241742638020696,0.05581620064276649
933,17.18306541442871,17.14435669236991,0.03870872205880005
934,17.04096794128418,17.088777207732164,0.047809266447984555
935,17.02594757080078,16.99548435055931,0.0304632202414723
936,16.88694953918457,16.940263977858194,0.053314438673623954
937,16.89910888671875,16.847943806283183,0.05116508043556678
938,16.746044158935547,16.80720236436173,0.06115820542618167
939,16.741037368774414,16.724380644859593,0.01665672391482076
940,16.726970672607422,16.677999821695266,0.048970850912155584
941,16.644954681396484,16.6418046732133,0.0031500081831836724
942,16.633033752441406,16.58785744700708,0.045176305434324604
943,16.492843627929688,16.54448667898123,0.05164305105154199
944,16.48998260498047,16.439590865701348,0.050391739279120884
945,16.360998153686523,16.39633440436228,0.035336250675754854
946,16.36195182800293,16.314653238111987,0.04729858989094282
947,16.23702049255371,16.372724051336718,0.13570355878300688
948,16.235828399658203,17.20683672317591,0.971008323517708
949,21.136045455932617,19.511405737375753,1.624639718556864
950,21.140098571777344,21.12796479377721,0.012133778000134043
951,20.98989486694336,20.98530803777976,0.004586829163599759
952,20.99490165710449,20.935127884058602,0.05977377304588671
953,20.882129669189453,20.87115736276246,0.010972306426992873
954,20.91383934020996,20.84341039380888,0.07042894640107988
955,20.752906799316406,20.818084874917986,0.06517807560157962
956,20.756006240844727,20.76039671783292,0.004390476988191949
957,20.602941513061523,20.699044378943654,0.09610286588213057
958,20.62201499938965,20.57417296418862,0.04784203520102892
959,20.493030548095703,20.57367660881937,0.08064606072366587
960,20.524024963378903,20.495741777722287,0.028283185656615473
961,20.47109603881836,20.459398242110183,0.011697796708176611
962,20.352840423583984,20.41838809464025,0.06554767105626524
963,20.310163497924805,20.331340567736333,0.02117706981152878
964,20.19190788269043,20.273160412216384,0.08125252952595474
965,20.185232162475582,20.18896265553849,0.003730493062906959
966,20.068883895874023,20.14380437140062,0.07492047552659642
967,20.039081573486328,20.061049765445205,0.02196819195887656
968,19.94800567626953,20.003711503704835,0.055705827435303945
969,19.9429988861084,19.928605328459525,0.014393557648872957
970,19.819974899291992,19.88788206836034,0.0679071690683486
971,19.804000854492188,19.805119083684986,0.001118229192798026
972,19.807100296020508,19.752114966195222,0.05498532982528559
973,19.667863845825195,19.727738923847937,0.059875078022741945
974,19.701004028320312,19.643245901079354,0.057758127240958856
975,19.52695846557617,19.613803749507497,0.08684528393132851
976,19.52815055847168,19.518799790148478,0.009350768323201919
977,19.376039505004883,19.47207233934023,0.0960328343353467
978,19.392967224121094,19.375897370082384,0.01706985403870931
979,19.257068634033203,19.338095602051908,0.08102696801870479
980,19.268035888671875,19.247461983013636,0.0205739056582388
981,19.140005111694336,19.20614718528668,0.0661420735923457
982,19.118070602416992,19.121939709293656,0.0038691068766638637
983,18.99099349975586,19.064345729020715,0.07335222926485585
984,19.00005340576172,18.977361880388344,0.022691525373375043
985,18.865108489990234,18.933333717995993,0.06822522800575825
986,18.845081329345703,18.847550539931035,0.0024692105853318935
987,18.710851669311523,18.78908048070116,0.07822881138963567
988,18.71204376220703,18.697833539363273,0.014210222843757947
989,18.59116554260254,18.64892259413864,0.057757051536100334
990,18.59712600708008,18.567077079296723,0.030048927783358437
991,18.58210563659668,18.522716784445947,0.05938885215073242
992,18.442869186401367,18.49065008264006,0.04778089623869164
993,18.4478759765625,18.401362253598563,0.04651372296393674
994,18.33891868591309,18.358961238618576,0.020042552705486827
995,18.28312873840332,18.286566919869074,0.003438181465753587
996,18.16701889038086,18.224179976641608,0.05716108626074856
997,18.20993423461914,18.134777526711332,0.0751567079078086
998,18.08786392211914,18.11293755531551,0.025073633196370793
999,18.066883087158203,18.036846042605248,0.030037044552955194
1000,17.93503761291504,17.984995339702436,0.049957726787397405
1001,17.951011657714844,17.895463522336286,0.05554813537855807
1002,17.95792579650879,17.857321410701843,0.10060438580694608
1003,17.814159393310547,17.839752072859483,0.02559267954893585
1004,17.832040786743164,17.755033494950112,0.07700729179305199
1005,17.65894889831543,17.717395447107265,0.058446548791835085
1006,17.695903778076172,17.61991557600595,0.07598820207022072
1007,17.534971237182617,17.59087979235119,0.05590855516857118
1008,17.537832260131836,17.497465108590404,0.04036715154143167
1009,17.42100715637207,17.451133636086524,0.030126479714454035
1010,17.40097999572754,17.36827563672705,0.03270435900049051
1011,17.271041870117188,17.31762702877404,0.04658515865685331
1012,17.261981964111328,17.226992488076576,0.03498947603475244
1013,17.156124114990234,17.174666209029965,0.018542094039730728
1014,17.12489128112793,17.096974360811146,0.027916920316783944
1015,16.96610450744629,17.037659391462512,0.07155488401622279
1016,17.004966735839844,16.932722040678527,0.07224469516131649
1017,16.869068145751953,16.89704176453688,0.027973618784926657
1018,16.87002182006836,16.820110117578224,0.04991170249013521
1019,16.724109649658203,16.77773951735162,0.0536298676934166
1020,16.726016998291016,16.69592517134788,0.030091826943134947
1021,16.748905181884766,16.657304969953657,0.09160021193110879
1022,16.62588119506836,16.6390500852458,0.013168890177439607
1023,16.58010482788086,16.577711361776437,0.0023934661044222594
1024,16.467809677124023,16.510566185388598,0.04275650826457422
1025,16.463041305541992,16.41238225045072,0.05065905509127333
1026,16.348838806152344,16.372767578786807,0.023928772634462803
1027,16.319990158081055,16.313439769049864,0.006550389031190207
1028,16.195058822631836,16.464772438183672,0.2697136155518365
1029,21.22783660888672,18.06432573039274,3.1635108784939803
1030,21.088123321533203,20.839936241372925,0.24818708016027813
1031,21.09694480895996,21.012216464441735,0.08472834451822564
1032,20.971059799194336,20.927306181420136,0.04375361777420039
1033,20.97320556640625,20.830228991599142,0.14297657480710768
1034,20.834922790527344,20.85961215698262,0.024689366455277195
1035,20.8280086517334,20.786976698673243,0.0410319530601555
1036,20.685911178588867,20.791889980046108,0.10597880145724048
1037,20.67708969116211,20.689226530066662,0.01213683890455286
1038,20.573854446411133,20.609039834198484,0.03518538778735092
1039,20.55597305297852,20.571985447986663,0.016012395008143443
1040,20.465850830078125,20.51717052154345,0.05131969146532356
1041,20.429134368896484,20.44852199333036,0.019387624433875317
1042,20.44892311096192,20.389765046729735,0.059158064232185836
1043,20.29705047607422,20.37025134313808,0.07320086706386064
1044,20.209074020385746,20.281611859445547,0.07253783905980171
1045,20.13993263244629,20.195378744119807,0.05544611167351832
1046,20.07293701171875,20.12642925228647,0.05349224056772073
1047,20.05195617675781,20.061020272351016,0.009064095593206645
1048,19.955873489379883,20.01030689689287,0.0544334075129882
1049,19.96111869812012,19.935805330078438,0.02531336804168305
1050,19.824981689453125,19.8950193971541,0.07003770770097617
1051,19.79804039001465,19.81030081924473,0.012260429230082082
1052,19.728899002075195,19.7543832532574,0.025484251182206208
1053,19.689083099365234,19.692183658207796,0.0031005588425614405
1054,19.58298683166504,19.64063006471406,0.05764323304902064
1055,19.511938095092773,19.559970138743665,0.048032043650891865
1056,19.46496963500977,19.485834554416215,0.020864919406445637
1057,19.450902938842773,19.428121931468922,0.022781007373851025
1058,19.321918487548828,19.38857169216135,0.06665320461252122
1059,19.31405067443848,19.303582314023515,0.010468360414964906
1060,19.23203468322754,19.251857459494204,0.019822776266664732
1061,19.1500186920166,19.189266410648997,0.039247718632395845
1062,19.08111572265625,19.11599584536816,0.0348801227119111
1063,19.02318000793457,19.045762398491206,0.0225823905566358
1064,18.960952758789062,18.982313703872933,0.02136094508387032
1065,18.92399787902832,18.91839110885485,0.005606770173471887
1066,18.82004737854004,18.865406932718543,0.04535955417850346
1067,18.76711845397949,18.78721068555933,0.020092231579841524
1068,18.690109252929688,18.718921269282873,0.028812016353185754
1069,18.71204376220703,18.65028882821207,0.0617549339949619
1070,18.55301856994629,18.622878181076885,0.06985961113059602
1071,18.540143966674805,18.528603170352653,0.011540796322151436
1072,18.491029739379883,18.472387992233053,0.018641747146830312
1073,18.46599578857422,18.422062551508134,0.043933237066084985
1074,18.36109161376953,18.381730410055752,0.020638796286220895
1075,18.3100700378418,18.306439065099767,0.0036309727420338334
1076,18.235206604003903,18.243236034550137,0.00802943054623384
1077,18.167972564697266,18.17766383715025,0.009691272452982957
1078,18.09000968933105,18.111809612037177,0.021799922706126296
1079,18.02301406860352,18.04160029587365,0.018586227270130706
1080,17.952919006347656,17.97033425555128,0.017415249203622807
1081,17.96698570251465,17.90107759984494,0.06590810266970948
1082,17.788171768188477,17.869432850375233,0.08126108218675654
1083,17.819881439208984,17.76460165797289,0.055279781236095005
1084,17.71688461303711,17.72334467341352,0.006460060376412002
1085,17.668962478637695,17.655083074487266,0.013879404150429764
1086,17.59195327758789,17.594352269043156,0.0023989914552657865
1087,17.535924911499023,17.523968424143277,0.011956487355746503
1088,17.442941665649414,17.46249618577167,0.01955452012225578
1089,17.412900924682617,17.385002578066633,0.027898346615984337
1090,17.40884780883789,17.330768296915267,0.07807951192262408
1091,17.27604866027832,17.299546253866538,0.02349759358821757
1092,17.251014709472656,17.213187373954497,0.03782733551815909
1093,17.188072204589844,17.15745958597381,0.030612618616032705
1094,17.108917236328125,17.10014411435168,0.008773121976446419
1095,17.061948776245117,17.031841878633713,0.030106897611403838
1096,17.00115203857422,16.971147436834144,0.030004601740074577
1097,16.927003860473633,16.912948094045532,0.014055766428100469
1098,16.88098907470703,16.84727434655997,0.03371472814706067
1099,16.80612564086914,16.79599565886747,0.010129982001672033
1100,16.728878021240234,16.74220360655454,0.0133255853143055
1101,16.67189598083496,16.679614903750917,0.007718922915955773
1102,16.64590835571289,16.6197523850542,0.02615597065869224
1103,16.53885841369629,16.573718817937788,0.034860404241499054
1104,16.51597023010254,16.491017395907193,0.02495283419534644
1105,16.453981399536133,16.42209944995443,0.03188194958170243
1106,16.360998153686523,16.37337553870566,0.012377385019135545
1107,16.29495620727539,16.317612748622423,0.022656541347032544
1108,16.225099563598633,16.436433659293925,0.2113340956952925
1109,21.171092987060547,17.619770624150988,3.551322362909559
1110,21.090984344482425,20.92382096907386,0.16716337540856685
1111,21.02804183959961,20.934475684498466,0.09356615510114352
1112,21.00396156311035,20.886311115646095,0.11765044746425701
1113,20.87092399597168,20.83690247445702,0.03402152151465998
1114,20.8730697631836,20.802498109787848,0.07057165339575278
1115,20.80392837524414,20.77387841336531,0.0300499618788308
1116,20.73907852172852,20.773423281298165,0.03434475956964533
1117,20.679950714111328,20.699711325050885,0.0197606109395565
1118,20.42388916015625,20.60846706490338,0.18457790474712965
1119,20.426034927368164,20.499253131674777,0.07321820430661319
1120,20.249128341674805,20.424902046670468,0.17577370499566314
1121,20.282983779907227,20.315876802214916,0.032893022307689535
1122,20.139217376708984,20.26712840415712,0.12791102744813543
1123,20.111799240112305,20.16464023699882,0.05284099688651622
1124,20.05290985107422,20.09457805115744,0.04166820008322247
1125,19.9880599975586,20.029748543493042,0.04168854593444138
1126,19.91891860961914,19.962330346515955,0.043411736896814546
1127,19.83904838562012,19.892037578301824,0.052989192681703656
1128,19.76299285888672,19.814499228232307,0.05150636934558861
1129,19.70696449279785,19.743714126434497,0.03674963363664574
1130,19.72794532775879,19.676828145748004,0.051117182010784745
1131,19.636154174804688,19.654127847388736,0.017973672584048472
1132,19.567012786865234,19.58934291451442,0.02233012764918385
1133,19.49000358581543,19.52009849173919,0.030094905923760962
1134,19.41800117492676,19.451796172234026,0.03379499730726465
1135,19.351959228515625,19.385879777019,0.03392054850337445
1136,19.30999755859375,19.32001398927241,0.010016430678660981
1137,19.22297477722168,19.26458909201756,0.04161431479587918
1138,19.160032272338867,19.191718024103466,0.031685751764598535
1139,19.070863723754883,19.122387132938456,0.051523409183573676
1140,19.075870513916016,19.046288246954646,0.029582266961369896
1141,18.955230712890625,19.00735769777384,0.05212698488321621
1142,18.899917602539062,18.92714067093948,0.027223068400417105
1143,18.815994262695312,18.85678321900741,0.04078895631209889
1144,18.8291072845459,18.781883830570223,0.04722345397567551
1145,18.66912841796875,18.749735520032118,0.08060710206336807
1146,18.646955490112305,18.653709859563605,0.00675436945130059
1147,18.61286163330078,18.5914960206901,0.02136561261067982
1148,18.55111122131348,18.544942847256607,0.006168374056873205
1149,18.51201057434082,18.487999558374213,0.024011015966607374
1150,18.46504211425781,18.436619571957635,0.028422542300173603
1151,18.38397979736328,18.38499995415077,0.001020156787490123
1152,18.29814910888672,18.319598179914465,0.02144907102774596
1153,18.213987350463867,18.24489267505669,0.03090532459282258
1154,18.24283599853516,18.171517208202204,0.07131879033295618
1155,18.08404922485352,18.144912258776458,0.06086303392293857
1156,18.04208755493164,18.05361688843732,0.011529333505677641
1157,17.95482635498047,17.983682561862224,0.028856206881755497
1158,17.97795295715332,17.908482712527984,0.06947024462533591
1159,17.82512664794922,17.88102615000753,0.055899502058309736
1160,17.805814743041992,17.78815457487326,0.017660168168731616
1161,17.739057540893555,17.729117779026637,0.009939761866917252
1162,17.675161361694336,17.667777337919688,0.007384023774648085
1163,17.60387420654297,17.604961069082492,0.0010868625395232812
1164,17.537832260131836,17.537014007302787,0.0008182528290490154
1165,17.479896545410156,17.46904180936326,0.010854736046894686
1166,17.43292808532715,17.406793617738003,0.02613446758914506
1167,17.329931259155273,17.350458037412864,0.020526778257590195
1168,17.329931259155273,17.271795263127387,0.058135996027885994
1169,17.200946807861328,17.228142467388352,0.027195659527023963
1170,17.195940017700195,17.14499464810615,0.0509453695940465
1171,17.122983932495117,17.096869878173493,0.02611405432162428
1172,17.06218719482422,17.03621950844081,0.025967686383410182
1173,16.978979110717773,16.973717860537363,0.0052612501804105705
1174,16.92509651184082,16.900759570148693,0.024336941692126857
1175,16.827821731567383,16.842391563727688,0.01456983216030494
1176,16.77989959716797,16.77281291381405,0.007086683353918488
1177,16.694068908691406,16.719830245847334,0.025761337155927322
1178,16.674041748046875,16.65302260619228,0.021019141854594636
1179,16.596078872680664,16.606326910732605,0.010248038051940966
1180,16.532182693481445,16.54174876466641,0.00956607118496322
1181,16.470909118652344,16.46278862961026,0.008120489042084955
1182,16.464948654174805,16.395014399876118,0.06993425429868694
1183,16.314029693603516,16.35995358344644,0.04592388984292484
1184,16.332149505615234,16.334312689537,0.0021631839217661764
1185,16.24894142150879,16.624353978045292,0.37541255653650296
1186,21.16703987121582,18.980977800765686,2.1860620704501343
1187,21.16084098815918,20.994697901642212,0.16614308651696774
1188,21.0871696472168,20.951680212874635,0.13548943434216554
1189,21.0111141204834,20.928103165260836,0.08301095522256219
1190,20.973920822143555,20.849082116910722,0.12483870523283258
1191,20.880937576293945,20.863297788309865,0.017639787984080613
1192,20.80297470092773,20.81154846791833,0.00857376699059742
1193,20.73907852172852,20.78976982875247,0.05069130702394986
1194,20.671844482421875,20.707165704607178,0.03532122218530276
1195,20.65396308898925,20.617716836568434,0.036246252420816916
1196,20.51711082458496,20.612612185232138,0.09550136064717663
1197,20.55501937866211,20.521985939467413,0.03303343919469626
1198,20.426034927368164,20.490109267029766,0.0640743396616017
1199,20.402908325195312,20.414393456121616,0.0114851309263031
1200,20.328998565673828,20.358136384402314,0.02913781872848631
1201,20.2639102935791,20.297458700042625,0.03354840646352386
1202,20.19810676574707,20.232231035606674,0.03412426985960337
1203,20.13278007507324,20.168015520539484,0.03523544546624535
1204,20.05791664123535,20.103394475427194,0.0454778341918427
1205,19.962072372436523,20.034841464621422,0.07276909218489891
1206,19.91105079650879,19.951440691784228,0.0403898952754389
1207,19.92678642272949,19.888231293407443,0.03855512932204519
1208,19.767045974731445,19.859037151945813,0.09199117721436778
1209,19.73199844360352,19.764154851600324,0.03215640799680486
1210,19.700050354003903,19.69466945683962,0.005380897164283027
1211,19.64807510375977,19.649861068046448,0.001785964286678876
1212,19.57106590270996,19.599603159804246,0.02853725709428545
1213,19.51813697814941,19.529872436123696,0.011735457974285879
1214,19.415855407714844,19.46998034054559,0.05412493283074582
1215,19.395828247070312,19.391763649309723,0.004064597760589095
1216,19.32692527770996,19.342696859894204,0.015771582184243016
1217,19.26898956298828,19.28541222196145,0.016422658973169746
1218,19.18506622314453,19.22165988253255,0.03659365938801784
1219,19.118070602416992,19.148937285535794,0.03086668311880203
1220,19.071102142333984,19.080864878105785,0.00976273577180109
1221,19.064903259277344,19.02344618065399,0.04145707862335257
1222,18.91303062438965,18.988266616815963,0.07523599242631462
1223,18.91016960144043,18.894084777457465,0.016084823982964735
1224,18.85604858398437,18.842480241346493,0.013568342637878317
1225,18.76187324523925,18.793508466615094,0.031635221375843514
1226,18.70393753051757,18.720317666748088,0.016380136230516484
1227,18.62502098083496,18.653260592600418,0.028239611765457084
1228,18.557071685791016,18.582777627443647,0.025705941652631736
1229,18.49198341369629,18.513960686959763,0.021977273263473762
1230,18.4481143951416,18.446644877940344,0.001469517201257986
1231,18.46504211425781,18.39079099022456,0.07425112403324974
1232,18.27096939086914,18.36316970207008,0.09220031120094063
1233,18.26691627502441,18.254623385246305,0.012292889778105831
1234,18.21303367614746,18.19679647655903,0.016237199588431395
1235,18.156051635742188,18.145086368576813,0.010965267165374826
1236,18.05901527404785,18.089284764073454,0.030269490025602863
1237,17.99607276916504,18.008678629485075,0.0126058603200363
1238,17.917871475219727,17.93931204497312,0.02144056975339481
1239,17.83895492553711,17.86712870239171,0.028173776854600874
1240,17.776966094970703,17.79244615522657,0.015480060255868011
1241,17.76409149169922,17.724447480532035,0.039644011167183635
1242,17.66800880432129,17.678116175602554,0.010107371281264932
1243,17.63606071472168,17.606393997766645,0.029666716955034644
1244,17.561912536621094,17.550387114624755,0.011525421996338991
1245,17.482995986938477,17.48610373192605,0.003107744987573824
1246,17.45295524597168,17.41484472972843,0.03811051624325046
1247,17.37213134765625,17.363649242724932,0.008482104931317735
1248,17.307043075561523,17.29831701186413,0.008726063697395148
1249,17.281055450439453,17.23128750370506,0.049767946734391444
1250,17.140865325927734,17.183899725978335,0.04303440005060111
1251,17.126083374023438,17.092420191374913,0.033663182648524526
1252,17.059803009033203,17.035810710694932,0.023992298338271212
1253,16.987085342407227,16.97667454322982,0.01041079917740717
1254,16.924142837524414,16.909370213056718,0.014772624467696005
1255,16.85190200805664,16.843578912130397,0.008323095926243695
1256,16.782045364379883,16.784782753120453,0.002737388740570168
1257,16.725778579711914,16.724645915132896,0.001132664579017728
1258,16.62921905517578,16.669935806476133,0.04071675130035146
1259,16.46590232849121,16.595808517081423,0.12990618859021197
1260,16.47806167602539,16.471269150997614,0.006792525027776719
1261,16.419172286987305,16.41654672562254,0.0026255613647663267
1262,16.342878341674805,16.355609133370308,0.012730791695503285
1263,16.259193420410156,16.341811601989775,0.08261818157961898
1264,16.206979751586914,16.602846725618292,0.39586697403137805
1265,21.192073822021484,17.449115705176155,3.7429581168453296
1266,21.11506462097168,21.068063649181568,0.04700097179011209
1267,21.07095718383789,21.0726320624417,0.0016748786038078833
1268,21.005868911743164,20.954089932729403,0.05177897901376127
1269,20.91503143310547,20.86638450873579,0.048646924369677436
1270,20.83301544189453,20.850861421877198,0.017845979982666904
1271,20.81012725830078,20.786837611922238,0.023289646378543694
1272,20.72405815124512,20.7848991112769,0.06084096003177919
1273,20.721912384033203,20.70263315226839,0.01927923176481272
1274,20.627975463867188,20.63069312771404,0.002717663846851792
1275,20.633935928344727,20.60276015117779,0.031175777166936314
1276,20.49589157104492,20.566625413266593,0.07073384222167434
1277,20.29204368591309,20.48464634162883,0.1926026557157421
1278,20.19286155700684,20.34561421987746,0.15275266287062195
1279,20.12801170349121,20.236974396539154,0.1089626930479426
1280,20.07699012756348,20.15898795252724,0.08199782496376073
1281,19.992828369140625,20.089966738851217,0.09713836971059209
1282,19.942045211791992,19.999560015548923,0.05751480375693063
1283,19.86002922058105,19.926349441902858,0.06632022132180637
1284,19.852876663208008,19.84715143498761,0.0057252282203990035
1285,19.76895332336425,19.80338435350859,0.034431030144340014
1286,19.70791816711425,19.735887731712864,0.027969564598613772
1287,19.64879035949707,19.666815240270807,0.018024880773737095
1288,19.562959671020508,19.605177019457187,0.04221734843667946
1289,19.492149353027344,19.534726731308183,0.042577378280839184
1290,19.47498321533203,19.464313309526915,0.010669905805116287
1291,19.366979598999023,19.419188205120008,0.05220860612098477
1292,19.376039505004883,19.342944534855633,0.03309497014925
1293,19.22488212585449,19.303752904761495,0.07887077890700667
1294,19.23489570617676,19.212443960896053,0.02245174528070848
1295,19.147872924804688,19.168505953530257,0.020633028725569602
1296,19.10400390625,19.10486756469254,0.0008636584425403271
1297,18.94497871398925,19.0492033711962,0.10422465720694873
1298,18.964052200317383,18.94271168407613,0.02134051624125277
1299,18.88608932495117,18.90023157397991,0.014142249028740395
1300,18.83220672607422,18.84206951649503,0.009862790420811507
1301,18.72801780700684,18.779480143393812,0.051462336386972396
1302,18.674135208129883,18.69684418011275,0.022708971982865478
1303,18.58997344970703,18.6277425307253,0.03776908101826848
1304,18.59092712402344,18.555782397243092,0.035144726780348634
1305,18.47100257873535,18.516186242550248,0.045183663814896136
1306,18.48888397216797,18.43566087882209,0.053223093345877714
1307,18.346071243286133,18.39693678130061,0.05086553801447735
1308,18.34392547607422,18.311017365249427,0.03290811082479195
1309,18.27001571655273,18.26411496676883,0.005900749783901205
1310,18.21303367614746,18.204973436922955,0.008060239224505494
1311,18.14794540405273,18.145097428487134,0.0028479755655972383
1312,18.082141876220703,18.081277891724312,0.0008639844963909127
1313,18.002033233642578,18.017542644884088,0.015509411241509952
1314,17.94600486755371,17.94721870783178,0.0012138402780692559
1315,17.92001724243164,17.88275317176158,0.03726407067006221
1316,17.824888229370117,17.838064263514752,0.013176034144635196
1317,17.74287223815918,17.76429834831106,0.021426110151878675
1318,17.754793167114258,17.687173739432183,0.06761942768207518
1319,17.684221267700195,17.6533723074499,0.03084896025029593
1320,17.607927322387695,17.6002612774937,0.007666044893994695
1321,17.52495765686035,17.531260088958334,0.006302432097982091
1322,17.447948455810547,17.456858396485586,0.008909940675039252
1323,17.44699478149414,17.38532591286912,0.06166886862501997
1324,17.3490047454834,17.34823533058716,0.0007694148962400504
1325,17.342090606689453,17.279568285403002,0.06252232128645119
1326,17.20905303955078,17.235718589745375,0.02666555019459338
1327,17.23194122314453,17.148987694667994,0.08295352847653703
1328,17.123937606811523,17.11683226221794,0.0071053445935831405
1329,17.049074172973633,17.046413980779107,0.0026601921945257345
1330,16.99519157409668,16.972359670035075,0.02283190406160429
1331,16.926050186157227,16.909022161030407,0.017028025126819557
1332,16.85190200805664,16.849035637278575,0.002866370778065175
1333,16.77393913269043,16.784888995289293,0.010949862598863547
1334,16.726970672607422,16.72297025493208,0.00400041767534276
1335,16.65186882019043,16.669808449933043,0.01793962974261376
1336,16.588926315307617,16.60551115855924,0.01658484325162135
1337,16.499996185302734,16.538666820110848,0.03867063480811339
1338,16.445159912109375,16.4441284243253,0.0010314877840755798
1339,16.427993774414062,16.383539512503376,0.04445426191068691
1340,16.29185676574707,16.340537596676086,0.04868083092901543
1341,16.27802848815918,16.37246803954895,0.0944395513897689
1342,16.2351131439209,16.81816415987214,0.5830510159512414
1343,21.14391326904297,19.387737506804115,1.756175762238854
1344,21.085023880004883,21.175527435389085,0.09050355538420263
1345,21.029949188232425,20.97083597755045,0.05911321068197495
1346,20.98417282104492,20.939007566539658,0.04516525450526032
1347,20.86091041564941,20.854991125361266,0.005919290288144197
1348,20.834922790527344,20.818875155782735,0.01604763474460924
1349,20.80893516540528,20.767877574144222,0.041057591261058235
1350,20.67804336547852,20.777300617737637,0.09925725225911819
1351,20.66302299499512,20.670633480222023,0.007610485226901886
1352,20.60508728027344,20.58374783018735,0.02133945008609217
1353,20.532846450805664,20.572743219418044,0.039896768612379674
1354,20.444869995117188,20.5055425340106,0.06067253889341373
1355,20.370960235595703,20.42883836929832,0.05787813370261574
1356,20.31111717224121,20.357333367883257,0.04621619564204593
1357,20.22099494934082,20.291276545322035,0.0702815959812142
1358,20.173072814941406,20.21370132888478,0.040628513943374855
1359,20.10583877563477,20.14954748119635,0.04370870556158124
1360,20.05290985107422,20.082130289665656,0.029220438591437414
1361,20.02096176147461,20.02075851214613,0.00020324932847870514
1362,19.887924194335938,19.971111915310757,0.08318772097481997
1363,19.912004470825195,19.88058554388772,0.0314189269374765
1364,19.850969314575195,19.844565091716504,0.006404222858691355
1365,19.75393295288086,19.797815521087614,0.04388256820675451
1366,19.75393295288086,19.722436199572257,0.03149675330860191
1367,19.64306831359864,19.681904309436504,0.038835995837864346
1368,19.56486701965332,19.612173920904752,0.047306901251431555
1369,19.47498321533203,19.536620992312237,0.06163777698020567
1370,19.49000358581543,19.457608992979658,0.03239459283577162
1371,19.363880157470703,19.427373209055077,0.06349305158437346
1372,19.392013549804688,19.34414738389023,0.04786616591445636
1373,19.301891326904297,19.312674900902493,0.010783573998196516
1374,19.21701431274414,19.25110974252675,0.034095429782610154
1375,19.08707618713379,19.176020995018916,0.08894480788512737
1376,19.09708976745605,19.079775644513575,0.017314122942476473
1377,19.054174423217773,19.038433364585217,0.015741058632556815
1378,18.97621154785156,18.994796991137264,0.018585443285704883
1379,18.89491081237793,18.927365388208273,0.03245457583034295
1380,18.826961517333984,18.852557998116026,0.025596480782041908
1381,18.748044967651367,18.782017890089264,0.03397292243789707
1382,18.754959106445312,18.712800279217845,0.042158827227467555
1383,18.61500740051269,18.677584519309676,0.06257711879698391
1384,18.61000061035156,18.589237452943053,0.020763157408506316
1385,18.5391902923584,18.537322066322304,0.0018682260360947112
1386,18.46098899841309,18.47957173913528,0.01858274072219146
1387,18.36585998535156,18.410587224252595,0.044727238901035804
1388,18.321990966796875,18.32790534558626,0.0059143787893845
1389,18.27478408813477,18.26716079904145,0.007623289093320551
1390,18.21589469909668,18.21225689059247,0.003637808504208806
1391,18.129825592041016,18.15158624435753,0.021760652316515916
1392,18.064022064208984,18.078024937494774,0.014002873285789974
1393,18.007993698120117,18.006561662105014,0.0014320360151032219
1394,18.006086349487305,17.945905092119574,0.06018125736773072
1395,17.879962921142578,17.911003869357955,0.031040948215377284
1396,17.853975296020508,17.82855692999874,0.025418366021767724
1397,17.792940139770508,17.77164397208253,0.021296167687978595
1398,17.73381233215332,17.71535455850426,0.018457773649060982
1399,17.64202117919922,17.657211436926445,0.015190257727226708
1400,17.596006393432617,17.581134503188878,0.014871890243739472
1401,17.505884170532227,17.52100763587805,0.015123465345823206
1402,17.49897003173828,17.447265348664587,0.05170468307369447
1403,17.370939254760742,17.404657044153282,0.03371778939254
1404,17.321109771728516,17.31995279385501,0.0011569778735065483
1405,17.255067825317383,17.250080050871475,0.004987774445908144
1406,17.221927642822266,17.184821385171745,0.037106257650521
1407,17.107009887695312,17.133874746150468,0.026864858455155627
1408,17.112016677856445,17.048023700453996,0.06399297740244947
1409,17.026185989379883,17.004806681939044,0.021379307440838602
1410,16.9680118560791,16.941430463248253,0.026581392830848927
1411,16.9069766998291,16.879389561154312,0.027587138674789458
1412,16.846895217895508,16.82085624258889,0.02603897530661925
1413,16.788959503173828,16.771048941905065,0.01791056126876356
1414,16.69907569885254,16.719473396165085,0.02039769731254637
1415,16.605138778686523,16.655345857657267,0.05020707897074317
1416,16.617774963378906,16.575050866833863,0.04272409654504372
1417,16.556978225708008,16.536089525857278,0.02088869985072961
1418,16.48712158203125,16.471201848929695,0.01591973310155481
1419,16.41392707824707,16.399403320008332,0.014523758238738083
1420,16.349077224731445,16.337462250362478,0.011614974368967523
1421,16.26896858215332,16.32866059358662,0.05969201143329883
1422,16.206026077270508,16.608289961027367,0.4022638837568593
1423,21.171092987060547,19.190954555142525,1.9801384319180215
1424,21.14200592041016,20.970996178675705,0.17100974173445493
1425,21.02494239807129,20.924208736232686,0.10073366183860344
1426,20.971059799194336,20.929176311710762,0.041883487483573845
1427,20.888090133666992,20.852336746884248,0.0357533867827442
1428,20.895004272460938,20.82823921318777,0.06676505927316612
1429,20.780086517333984,20.804517381293408,0.024430863959423732
1430,20.707130432128903,20.77494820832726,0.06781777619835694
1431,20.708084106445312,20.684327324943297,0.023756781502015656
1432,20.596981048583984,20.615960656868992,0.018979608285008
1433,20.58076858520508,20.583606732543558,0.0028381473384762046
1434,20.51401138305664,20.533220462311874,0.01920907925523352
1435,20.44105529785156,20.477173193739873,0.03611789588831371
1436,20.394086837768555,20.410538239502785,0.016451401734229876
1437,20.14017105102539,20.35402008687015,0.21384903584475978
1438,20.039081573486328,20.2083007411602,0.16921916767387302
1439,20.01595497131348,20.088531966848677,0.07257699553519714
1440,19.961833953857425,20.027105224926345,0.06527127106891939
1441,19.926071166992188,19.966325990480982,0.0402548234887945
1442,19.851207733154297,19.89767813256549,0.046470399411191465
1443,19.786834716796875,19.823478199668898,0.036643482872023014
1444,19.668102264404297,19.75376657946981,0.08566431506551453
1445,19.61398124694824,19.663144355490658,0.049163108542419565
1446,19.53887939453125,19.594998215325177,0.056118820793926716
1447,19.47808265686035,19.520265730989195,0.042183074128843145
1448,19.43588256835937,19.452198015642352,0.016315447282980955
1449,19.336938858032227,19.39433692177772,0.057398063745495165
1450,19.318103790283203,19.315111767809867,0.0029920224733359646
1451,19.272804260253903,19.26423081795292,0.008573442300981782
1452,19.179105758666992,19.214436420497805,0.03533066183081246
1453,19.146203994750977,19.141396772738517,0.004807222012459533
1454,19.03295516967773,19.085520094904496,0.052564925226764814
1455,18.9809799194336,19.005573030426604,0.024593110993002654
1456,18.89610290527344,18.939744779345347,0.04364187407190556
1457,18.85008811950684,18.866251507688503,0.016163388181663407
1458,18.759965896606445,18.806084422521963,0.04611852591551724
1459,18.7070369720459,18.728412683231,0.021375711185100954
1460,18.69487762451172,18.662990800066837,0.03188682444488222
1461,18.577098846435547,18.621521498744187,0.044422652308639954
1462,18.557071685791016,18.539927513074872,0.017144172716143657
1463,18.497943878173828,18.487211958699845,0.010731919473982998
1464,18.42594146728516,18.43106012370299,0.005118656417831602
1465,18.37897300720215,18.367171378713465,0.011801628488683491
1466,18.316984176635746,18.309188960984102,0.007795215651643872
1467,18.254995346069336,18.251188612794067,0.0038067332752689254
1468,18.182992935180664,18.189237530577884,0.00624459539722011
1469,18.12386512756348,18.12274736062136,0.0011177669421194025
1470,18.043994903564453,18.06141110887438,0.017416205309928046
1471,17.98391342163086,17.989527892041224,0.005614470410364447
1472,17.980098724365234,17.92476206264837,0.05533666171686491
1473,17.84801483154297,17.887548480757687,0.039533649214718025
1474,17.856121063232422,17.802028394498848,0.0540926687335741
1475,17.7609920501709,17.7597895915369,0.001202458633997594
1476,17.67587661743164,17.693020410206373,0.017143792774731992
1477,17.637014389038086,17.61697514803018,0.02003924100790755
1478,17.544984817504883,17.559156785637242,0.014171968132359325
1479,17.477989196777344,17.48727574727127,0.00928655049392546
1480,17.40097999572754,17.415572086406428,0.01459209067888878
1481,17.370939254760742,17.3421465985939,0.02879265616684279
1482,17.344951629638672,17.290085254671794,0.05486637496687763
1483,17.19212532043457,17.245466895246864,0.0533415748122934
1484,17.184019088745117,17.14747081121004,0.03654827753507561
1485,17.12799072265625,17.091655381818782,0.03633534083746781
1486,17.042160034179688,17.038741586929973,0.003418447249714518
1487,16.99686050415039,16.96701572245729,0.02984478169310023
1488,16.921043395996094,16.90528793312751,0.01575546286858298
1489,16.861915588378906,16.84322047049136,0.018695117887546076
1490,16.839027404785156,16.785896620149288,0.05313078463586862
1491,16.736984252929688,16.75024458029384,0.013260327364150726
1492,16.656875610351562,16.690379966917135,0.03350435656557238
1493,16.622066497802734,16.616002824093812,0.006063673708922579
1494,16.53313636779785,16.560834650817924,0.027698283020072267
1495,16.460895538330078,16.480636999773424,0.019741461443345543
1496,16.453027725219727,16.401472654365534,0.05155507085419231
1497,16.337156295776367,16.35843628105249,0.021279985276123625
1498,16.31784439086914,16.334499409310865,0.01665501844172468
1499,16.251087188720703,16.565119444408083,0.3140322556873798
1500,16.177892684936523,17.72508325780109,1.5471905728645652
1501,21.15607261657715,20.665831133101165,0.49024148347598384
1502,21.045923233032227,21.075567630759906,0.02964439772767946
1503,21.02518081665039,20.935779413321143,0.08940140332924784
1504,20.941972732543945,20.900098802030698,0.041873930513247615
1505,20.882129669189453,20.842791709128505,0.03933796006094781
1506,20.826101303100582,20.840881360982166,0.014780057881583986
1507,20.75505256652832,20.78283392438607,0.027781357857747935
1508,20.685911178588867,20.751391604790115,0.06548042620124761
1509,20.61915397644043,20.66146615516118,0.042312178720749216
1510,20.55692672729492,20.563000108722918,0.0060733814279991805
1511,20.502805709838867,20.53635041693269,0.0335447070938244
1512,20.47204971313477,20.474618019306945,0.0025683061721757383
1513,20.42412757873535,20.4272749001575,0.0031473214221477974
1514,20.28203010559082,20.375892902848136,0.09386279725731583
1515,20.251035690307617,20.280176081996615,0.029140391688997624
1516,20.20406723022461,20.219634468048753,0.015567237824143376
1517,20.149946212768555,20.16996943802951,0.02002322526095668
1518,20.055055618286133,20.112440141474508,0.05738452318837517
1519,20.02692222595215,20.033298439557257,0.006376213605108205
1520,19.940853118896484,19.98085670174987,0.04000358285338734
1521,19.89006996154785,19.913636577712168,0.023566616164316656
1522,19.816875457763672,19.852747079312394,0.03587162154872203
1523,19.748926162719727,19.78639532580928,0.03746916308955406
1524,19.66094970703125,19.717781653071143,0.0568319460398925
1525,19.629955291748047,19.641694832444045,0.011739540695998585
1526,19.55795288085937,19.58802376884705,0.030070887987680095
1527,19.55509185791016,19.524377001289395,0.03071485662076512
1528,19.44899559020996,19.485484994220315,0.03648940401035361
1529,19.376039505004883,19.412961810758134,0.03692230575325084
1530,19.30403709411621,19.33943217545675,0.035395081340539036
1531,19.24681663513184,19.270787333880435,0.023970698748595254
1532,19.20604705810547,19.209449741538265,0.0034026834327960387
1533,19.116878509521484,19.15600657912364,0.039128069602156756
1534,19.047975540161133,19.08250442602366,0.034528885862528114
1535,18.965959548950195,19.01105405386261,0.04509450491241296
1536,18.89300346374512,18.93540644573477,0.042402981989649646
1537,18.90397071838379,18.863955068127325,0.04001565025646414
1538,18.76497268676757,18.828992513135745,0.06401982636817394
1539,18.743038177490234,18.741119514743332,0.0019186627469025552
1540,18.67890357971192,18.682298387147966,0.003394807436045255
1541,18.63408088684082,18.622783166392765,0.01129772044805577
1542,18.503189086914062,18.57001968573968,0.06683059882561793
1543,18.46909523010254,18.477135207376705,0.008039977274165722
1544,18.418073654174805,18.415278469547047,0.0027951846277574077
1545,18.381834030151367,18.35970878801163,0.022125242139736656
1546,18.31793785095215,18.309961981685774,0.007975869266374502
1547,18.2340145111084,18.250732642854928,0.016718131746529252
1548,18.141984939575195,18.17628218623213,0.03429724665693357
1549,18.15009117126465,18.09719595144088,0.05289521982376755
1550,18.017053604125977,18.06167118434132,0.04461758021534479
1551,18.007993698120117,17.97860271153695,0.029390986583166523
1552,17.924070358276367,17.926733072727075,0.0026627144507074263
1553,17.880916595458984,17.86088789663154,0.020028698827445623
1554,17.79007911682129,17.80488235408484,0.014803237263549818
1555,17.740964889526367,17.73076067843249,0.010204211093878257
1556,17.65894889831543,17.66986045527119,0.010911556955761625
1557,17.646074295043945,17.59843773288594,0.04763656215800438
1558,17.644882202148438,17.554373877146645,0.0905083250017924
1559,17.507076263427734,17.528286900187595,0.02121063675986079
1560,17.515897750854492,17.442542264234362,0.07335548662013025
1561,17.422914505004883,17.402919800360905,0.019994704643977457
1562,17.35687255859375,17.34064898619181,0.016223572401941055
1563,17.2879695892334,17.277002888931747,0.010966700301651144
1564,17.222881317138672,17.210480460903455,0.012400856235217361
1565,17.161130905151367,17.147552419942258,0.013578485209109203
1566,17.071962356567383,17.082896603142217,0.010934246574834106
1567,16.99686050415039,17.006410955445972,0.009550451295581297
1568,17.006874084472656,16.931338965378018,0.0755351190946385
1569,16.842126846313477,16.895662208298745,0.05353536198526854
1570,16.852140426635742,16.805274923626712,0.04686550300903036
1571,16.803979873657227,16.760620116770042,0.04335975688718463
1572,16.72506332397461,16.726572769357517,0.0015094453829078702
1573,16.688108444213867,16.672762870371116,0.015345573842751037
1574,16.58797264099121,16.617688706332956,0.02971606534174498
1575,16.54505729675293,16.547851531015567,0.002794234262637474
1576,16.44611358642578,16.47659060171236,0.030477015286578535
1577,16.402006149291992,16.3941917980992,0.007814351192791946
1578,16.295194625854492,16.336108940464555,0.04091431461006323
1579,16.2508487701416,16.348404816710627,0.09755604656902506
1580,16.249895095825195,16.701814489806566,0.4519193939813704
1581,21.15797996520996,18.46530395209811,2.69267601311185
1582,21.0878849029541,21.2120093874546,0.12412448450049851
1583,21.01588249206543,21.031766028954735,0.015883536889305105
1584,20.945072174072266,20.95059567136559,0.005523497293324908
1585,20.878076553344727,20.844938002028357,0.03313855131636956
1586,20.791053771972656,20.829550650432793,0.03849687846013694
1587,20.730018615722656,20.757749712629447,0.02773109690679121
1588,20.66493034362793,20.73237291597252,0.06744257234458928
1589,20.60198783874512,20.642874110762932,0.040886272017811365
1590,20.54095268249512,20.5456347089239,0.00468202642877813
1591,20.47109603881836,20.519606047855632,0.04851000903727254
1592,20.51711082458496,20.451019187021302,0.06609163756365888
1593,20.35307884216309,20.433867612155154,0.08078876999206486
1594,20.38407325744629,20.344488455066312,0.03958480237997719
1595,20.282983779907227,20.309242866915156,0.026259087007929338
1596,20.23506164550781,20.249401378805487,0.014339733297678237
1597,20.16210556030273,20.190257000194833,0.02815143989210256
1598,20.07603645324707,20.127604954268463,0.051568501021392876
1599,20.045042037963867,20.054521066867892,0.009479028904024744
1600,20.01309394836425,20.002588755232864,0.010505193131386648
1601,19.867897033691406,19.958532105192717,0.09063507150131045
1602,19.9129581451416,19.865662373376836,0.04729577176476596
1603,19.81496810913086,19.834622567486804,0.01965445835594437
1604,19.76609230041504,19.777303409227898,0.011211108812858583
1605,19.690990447998047,19.716703144240455,0.02571269624240813
1606,19.633054733276367,19.65069156676691,0.017636833490541903
1607,19.55389976501465,19.591739898714877,0.03784013370022876
1608,19.50001716613769,19.52212915830387,0.02211199216617743
1609,19.48785781860352,19.46147962644318,0.02637819216034032
1610,19.352197647094727,19.42349084538364,0.07129319828891312
1611,19.32811737060547,19.333858986101404,0.005741615495935548
1612,19.29187774658203,19.278349966498354,0.013527780083677499
1613,19.22297477722168,19.231969394695625,0.008994617473945254
1614,19.15502548217773,19.173165527263336,0.018140045085605294
1615,19.09089088439941,19.106378750620934,0.015487866221523205
1616,19.057035446166992,19.042904584694043,0.014130861472949618
1617,18.95904541015625,18.99391387405558,0.03486846389932907
1618,18.890857696533203,18.920874058721893,0.030016362188689527
1619,18.82195472717285,18.851071278049858,0.029116550877006375
1620,18.740177154541016,18.781153373765846,0.04097621922483086
1621,18.67389678955078,18.708091773760316,0.034194984209534596
1622,18.606185913085938,18.63764986433125,0.03146395124531409
1623,18.618106842041016,18.56763392902394,0.05047291301707446
1624,18.45693588256836,18.53441263961031,0.0774767570419499
1625,18.451929092407227,18.436340057860434,0.01558903454679239
1626,18.41902732849121,18.38273451585337,0.036292812637839234
1627,18.34392547607422,18.33978017020854,0.004145305865677074
1628,18.290042877197266,18.279026742220594,0.01101613497667131
1629,18.17607879638672,18.217605530253422,0.04152673386670358
1630,18.14913749694824,18.133903458647183,0.015234038301056074
1631,18.103837966918945,18.079673199281387,0.024164767637557816
1632,18.01896095275879,18.029870925829528,0.010909973070738488
1633,17.934083938598633,17.96182616817532,0.02774222957668826
1634,17.879009246826172,17.881126191923613,0.002116945097441203
1635,17.853975296020508,17.817609629673825,0.0363656663466827
1636,17.744064331054688,17.772208027508896,0.02814369645420811
1637,17.745018005371094,17.692480150344636,0.05253785502645769
1638,17.61603355407715,17.649503349730367,0.03346979565321817
1639,17.575979232788086,17.564784771820996,0.01119446096708998
1640,17.559051513671875,17.502587020089777,0.05646449358209793
1641,17.505884170532227,17.46224289706788,0.04364127346434543
1642,17.36617088317871,17.412939408814054,0.046768525635343394
1643,17.359018325805664,17.316177342650008,0.04284098315565643
1644,17.318010330200195,17.26614557605899,0.051864754141206504
1645,17.229080200195312,17.22331397866128,0.0057662215340315015
1646,17.132043838500977,17.153231516317646,0.021187677816669748
1647,17.061948776245117,17.069016415689475,0.007067639444358065
1648,17.021894454956055,16.994449662433908,0.0274447925221466
1649,16.993999481201172,16.938305703433798,0.05569377776737383
1650,16.862154006958008,16.89413149995289,0.031977492994883505
1651,16.857147216796875,16.80923981768956,0.04790739910731645
1652,16.798973083496094,16.765406544323014,0.033566539173079946
1653,16.71004295349121,16.726470046251052,0.01642709275984089
1654,16.651153564453125,16.663919969346352,0.012766404893227445
1655,16.592025756835938,16.597734868582847,0.005709111746909912
1656,16.51310920715332,16.537013070262674,0.02390386310935355
1657,16.434192657470703,16.450895434644508,0.01670277717380486
1658,16.38507843017578,16.380032012762058,0.005046417413723248
1659,16.318798065185547,16.323222699611506,0.004424634425959084
1660,16.249895095825195,16.387814063108408,0.13791896728321262
1661,16.25800132751465,16.838020888258143,0.5800195607434944
1662,21.157026290893555,19.298981726478814,1.8580445644147403
1663,21.10600471496582,21.192636446357938,0.08663173139211722
1664,21.017074584960938,20.999393336296635,0.017681248664302984
1665,20.95794677734375,20.958345317012572,0.0003985396688221954
1666,20.93720436096192,20.854350656009046,0.08285370495287481
1667,20.80702781677246,20.867361802629603,0.06033398585714167
1668,20.792007446289062,20.78085218954584,0.011155256743222708
1669,20.72715759277344,20.76368251664462,0.03652492387118045
1670,20.66493034362793,20.689323052920372,0.024392709292442305
1671,20.5841064453125,20.59782676087707,0.013720315564569319
1672,20.514965057373047,20.565061608976976,0.050096551603928674
1673,20.457983016967773,20.496716390425718,0.03873337345794425
1674,20.39194107055664,20.43413271485406,0.04219164429741795
1675,20.334959030151367,20.368877233067906,0.033918202916538576
1676,20.272016525268555,20.306708806856477,0.03469228158792248
1677,20.190954208374023,20.241801879819832,0.05084767144580837
1678,20.18904685974121,20.17031631703503,0.01873054270618013
1679,20.061016082763672,20.13125103803759,0.07023495527391788
1680,20.04003524780273,20.04864959508268,0.008614347279948475
1681,19.97900009155273,19.993140910628426,0.014140819075695532
1682,19.89293098449707,19.93868157705947,0.045750592562399106
1683,19.823789596557617,19.866717086642893,0.04292749008527608
1684,19.778966903686523,19.79506964698885,0.016102743302326417
1685,19.700050354003903,19.7397704305331,0.03972007652919629
1686,19.67310905456543,19.672122321480856,0.0009867330845736433
1687,19.53577995300293,19.620579452748643,0.08479949974571355
1688,19.49501037597656,19.530004149601154,0.03499377362459555
1689,19.443988800048828,19.461986371425155,0.01799757137632696
1690,19.43612098693848,19.405995072702353,0.03012591423612676
1691,19.279003143310547,19.370345965398883,0.0913428220883361
1692,19.2861557006836,19.270104970928514,0.01605072975508648
1693,19.21987533569336,19.22275447850552,0.002879142812162172
1694,19.142866134643555,19.16895739896063,0.026091264317074092
1695,19.07801628112793,19.101146072443953,0.02312979131602333
1696,19.010066986083984,19.03426981107259,0.024202824988606153
1697,18.93305778503418,18.967121408877574,0.03406362384339445
1698,18.88108253479004,18.89681640773233,0.015733872942291782
1699,18.82600784301757,18.834951458757132,0.00894361573956104
1700,18.813133239746094,18.77670025169209,0.036432988054002635
1701,18.67508888244629,18.734256840389207,0.05916795794291829
1702,18.66292953491211,18.64618040667665,0.016749128235460375
1703,18.60594749450684,18.59394059601982,0.012006898487019413
1704,18.543004989624023,18.541241799084673,0.0017631905393500347
1705,18.46194267272949,18.481939900539146,0.019997227809657403
1706,18.38994026184082,18.409845037240302,0.019904775399481878
1707,18.34392547607422,18.339937354994618,0.003988121079601115
1708,18.252849578857425,18.282634786601193,0.029785207743767472
1709,18.196821212768555,18.208580978580358,0.011759765811802936
1710,18.19896697998047,18.14326600788263,0.05570097209783853
1711,18.096923828125,18.10684907468385,0.009925246558850631
1712,18.00990104675293,18.037594597444695,0.027693550691765267
1713,17.943143844604492,17.95688557217545,0.013741727570959483
1714,17.941951751708984,17.886657822828056,0.055293928880928434
1715,17.81010627746582,17.85126108256918,0.04115480510336056
1716,17.80414581298828,17.766133623126734,0.038012189861547085
1717,17.683982849121094,17.717019577730753,0.033036728609658894
1718,17.65894889831543,17.634433384046133,0.024515514269296546
1719,17.601966857910156,17.580062362185345,0.021904495724811568
1720,17.520904541015625,17.52407558797131,0.003171046955685597
1721,17.460107803344727,17.453784830649965,0.00632297269476112
1722,17.400026321411133,17.386324069775583,0.013702251635550056
1723,17.33994483947754,17.324388655765688,0.01555618371185119
1724,17.277956008911133,17.263454498788633,0.014501510122499894
1725,17.194032669067383,17.199060014263523,0.0050273451961402316
1726,17.127037048339844,17.126227656035553,0.0008093923042906681
1727,17.091035842895508,17.05462060181162,0.03641524108388694
1728,16.9980525970459,17.001138981072472,0.0030863840265737963
1729,16.942977905273438,16.927188817817296,0.015789087456141715
1730,16.916990280151367,16.862709121710395,0.05428115844097192
1731,16.848087310791016,16.81971078778588,0.028376523005135823
1732,16.813039779663086,16.771027659956417,0.04201211970666918
1733,16.721010208129883,16.727640469639482,0.006630261509599222
1734,16.63804054260254,16.66873346016473,0.030692917562191724
1735,16.571998596191406,16.59728262717408,0.025284030982675176
1736,16.50381088256836,16.525191911341608,0.021381028773248545
1737,16.45493507385254,16.44117371063203,0.013761363220510248
1738,16.382932662963867,16.384494812257344,0.0015621492934769776
1739,16.30711555480957,16.323817588727252,0.016702033917681547
1740,16.285181045532227,16.388637167608522,0.10345612207629529
1741,16.143083572387695,16.865298900256676,0.7222153278689802
1742,21.153926849365234,19.22739863539391,1.9265282139713236
1743,21.094799041748047,21.190782403209596,0.09598336146154907
1744,21.040916442871094,20.98264695632679,0.05826948654430453
1745,20.92909812927246,20.954280967544037,0.025182838271575747
1746,20.88308334350586,20.836501636495086,0.04658170701077324
1747,20.880937576293945,20.829388103265956,0.051549473027989734
1748,20.743846893310547,20.805137406568974,0.06129051325842738
1749,20.75791358947754,20.761114606557385,0.0032010170798457693
1750,20.67899703979492,20.69137215266892,0.012375112874000394
1751,20.5988883972168,20.609056591638364,0.01016819442156347
1752,20.5380916595459,20.57455201747871,0.03646035793281044
1753,20.46799659729004,20.510882124654017,0.042885527363978326
1754,20.401954650878903,20.446924674160982,0.04497002328207955
1755,20.32017707824707,20.379366384986497,0.059189306739426684
1756,20.27297019958496,20.305615216329898,0.032645016744936584
1757,20.200014114379883,20.245715077180648,0.04570096280076541
1758,20.116090774536133,20.176841664124368,0.06075088958823471
1759,20.138978958129883,20.101235446873034,0.03774351125684916
1760,19.980907440185547,20.071576789177925,0.09066934899237822
1761,19.987106323242188,19.978396039277868,0.008710283964319387
1762,19.90199089050293,19.93029414325065,0.028303252747718943
1763,19.8519229888916,19.8690792153684,0.01715622647679993
1764,19.75703239440918,19.810355113349942,0.05332271894076257
1765,19.695043563842773,19.73247792784605,0.03743436400327482
1766,19.63186264038086,19.66602194306688,0.034159302686020965
1767,19.55294609069824,19.601587575834856,0.048641485136617035
1768,19.46592330932617,19.52909321516927,0.06316990584310034
1769,19.47498321533203,19.451276356448943,0.02370685888308799
1770,19.34099197387696,19.41144358670499,0.07045161282803036
1771,19.363880157470703,19.327444238115277,0.03643591935542645
1772,19.273042678833008,19.289802336061257,0.016759657228249125
1773,19.22297477722168,19.22693009737486,0.003955320153181674
1774,19.147872924804688,19.167401303093357,0.019528378288669046
1775,19.080162048339844,19.100827010788635,0.020664962448790902
1776,19.00506019592285,19.036362480164826,0.03130228424197412
1777,19.021034240722656,18.966864349749812,0.05416989097284386
1778,18.91207695007324,18.93748738461909,0.02541043454585079
1779,18.85700225830078,18.86844019691125,0.011437938610470155
1780,18.7678337097168,18.800685175392573,0.03285146567577257
1781,18.698930740356445,18.728064966353486,0.02913422599704063
1782,18.626928329467773,18.658625486978053,0.031697157510279794
1783,18.64194869995117,18.589028655242146,0.05292004470902256
1784,18.485069274902344,18.55800912585437,0.07293985095202515
1785,18.47696304321289,18.462786314330515,0.014176728882375755
1786,18.42498779296875,18.40733678363904,0.017651009329711087
1787,18.347978591918945,18.357496135649853,0.009517543730908073
1788,18.27597618103028,18.29088564727499,0.01490946624470979
1789,18.21494102478028,18.219962799321365,0.005021774541084767
1790,18.14508438110352,18.155933291836845,0.010848910733326278
1791,18.157958984375,18.089417315422907,0.06854166895209346
1792,17.995119094848633,18.05890386071951,0.06378476587087789
1793,17.979145050048828,17.9641083639126,0.015036686136227218
1794,17.973899841308594,17.90391329382146,0.06998654748713307
1795,17.89689064025879,17.874208385592283,0.022682254666506196
1796,17.852067947387695,17.817907912103692,0.03416003528400324
1797,17.785072326660156,17.761205260057977,0.023867066602178966
1798,17.699003219604492,17.70185593795759,0.0028527183530968614
1799,17.660140991210938,17.63153216847968,0.028608822731257533
1800,17.57216453552246,17.577559470964843,0.0053949354423821205
1801,17.508983612060547,17.509508261696283,0.000524649635735841
1802,17.447948455810547,17.440603679801825,0.007344776008721965
1803,17.373085021972656,17.37713981970046,0.004054797727803816
1804,17.391204833984375,17.30837398940821,0.08283084457616496
1805,17.261981964111328,17.27798579656792,0.016003832456590317
1806,17.248153686523438,17.197731652004222,0.05042203451921523
1807,17.19212532043457,17.146916977822002,0.04520834261256823
1808,17.117023468017578,17.094410221147882,0.022613246869696013
1809,17.058134078979492,17.030910164976376,0.02722391400311608
1810,16.962051391601562,16.966862727031184,0.004811335429621977
1811,16.908884048461914,16.892756216861926,0.016127831599987985
1812,16.824960708618164,16.830718414894363,0.005757706276199315
1813,16.766071319580078,16.767979565429414,0.001908245849335799
1814,16.76201820373535,16.71322597121616,0.04879223251919029
1815,16.642093658447266,16.678692155323915,0.03659849687664973
1816,16.629934310913086,16.607129424528466,0.02280488638461975
1817,16.543149948120117,16.557194432152755,0.014044484032638138
1818,16.494035720825195,16.47979167071867,0.014244050106526629
1819,16.388893127441406,16.41144230470104,0.022549177259634234
1820,16.344070434570312,16.336763067130278,0.0073073674400347954
1821,16.27802848815918,16.328182818028836,0.05015432986965607
1822,16.191959381103516,16.56960180821443,0.37764242711091356
1823,21.110057830810547,18.454937129490645,2.655120701319902
1824,21.118879318237305,21.055882666132675,0.0629966521046299
1825,21.04496955871582,20.94757095346722,0.09739860524859978
1826,20.99204063415528,20.939323947004596,0.052716687150685004
1827,20.86377143859864,20.864327030267305,0.0005555916686645901
1828,20.888805389404297,20.81733347131376,0.07147191809053766
1829,20.79010009765625,20.797984660930524,0.007884563274274115
1830,20.73812484741211,20.77566810794451,0.0375432605324022
1831,20.68185806274414,20.697111575827876,0.015253513083735015
1832,20.583152770996094,20.6083524440146,0.025199673018505564
1833,20.519018173217773,20.57160706499417,0.05258889177639503
1834,20.50995826721192,20.503075503711443,0.006882763500478006
1835,20.393848419189453,20.463513534195954,0.06966511500650086
1836,20.394086837768555,20.383998476518173,0.01008836125038215
1837,20.267963409423828,20.33748149915482,0.06951808973099105
1838,20.22695541381836,20.258894133348804,0.03193871953044436
1839,20.2028751373291,20.194116573748033,0.008758563581068302
1840,20.114898681640625,20.152895617684408,0.037996936043782625
1841,20.08199691772461,20.08566644462917,0.0036695269045594614
1842,20.010948181152344,20.03053312682823,0.019584945675887866
1843,20.00594139099121,19.97079017246506,0.03515121852615266
1844,19.887924194335938,19.93658790252084,0.04866370818490395
1845,19.85502243041992,19.85895906227597,0.0039366318560531965
1846,19.78302001953125,19.804934416697506,0.021914397166256094
1847,19.70791816711425,19.743861591905443,0.03594342479119206
1848,19.684791564941406,19.676766813518043,0.008024751423363341
1849,19.60587501525879,19.630029308245867,0.024154292987077497
1850,19.55509185791016,19.566618150292925,0.011526292382765035
1851,19.471168518066406,19.50768357482957,0.036515056763164466
1852,19.3939208984375,19.436611250512215,0.04269035207471461
1853,19.318103790283203,19.366453882412316,0.048350092129112454
1854,19.259929656982425,19.292326676804805,0.03239701982237975
1855,19.262075424194336,19.228176515753148,0.033898908441187814
1856,19.12379264831543,19.192697999187658,0.06890535087222815
1857,19.114971160888672,19.10379508854021,0.011176072348462185
1858,19.03104782104492,19.05253542054197,0.021487599497053367
1859,18.9821720123291,18.986716888775845,0.004544876446743729
1860,18.904924392700195,18.92909257753672,0.024168184836526052
1861,18.86200904846192,18.860178108752734,0.0018309397091869073
1862,18.79310607910156,18.80434935719677,0.011243278095211195
1863,18.73111724853516,18.741155710813473,0.010038462278313176
1864,18.64790916442871,18.677840572991045,0.029931408562333672
1865,18.557071685791016,18.606461252375084,0.049389566584068234
1866,18.49508285522461,18.524575854826253,0.029492999601643533
1867,18.49198341369629,18.456061050983408,0.035922362712881295
1868,18.37897300720215,18.41702610295215,0.038053095750001376
1869,18.36800575256348,18.338805389930712,0.029200362632767707
1870,18.278121948242188,18.28874186799112,0.010619919748933171
1871,18.2180404663086,18.220651865249238,0.0026113989406368887
1872,18.156051635742188,18.156006186700324,4.544904186332133e-05
1873,18.07403564453125,18.092913755253903,0.01887811072265322
1874,18.021821975708008,18.021827857410244,5.881702236365527e-06
1875,17.954111099243164,17.958635719196536,0.0045246199533721665
1876,17.88616180419922,17.893683211923417,0.00752140772419807
1877,17.834901809692383,17.826964805635725,0.007937004056657315
1878,17.750024795532227,17.765094326705366,0.015069531173139694
1879,17.750978469848633,17.693094310516244,0.05788415933238866
1880,17.660856246948242,17.6536799740461,0.007176272902142955
1881,17.47608184814453,17.5882210569398,0.11213920879526995
1882,17.414093017578125,17.465262839095885,0.05116982151776028
1883,17.33994483947754,17.377824277332365,0.03787943785482639
1884,17.266035079956055,17.304393846075072,0.03835876611901767
1885,17.19808578491211,17.226596425985008,0.02851064107289858
1886,17.127037048339844,17.146705498930714,0.019668450590870634
1887,17.05789566040039,17.06979186621993,0.011896205819539318
1888,16.999006271362305,16.9939476095351,0.005058661827206379
1889,16.991853713989258,16.92654801331628,0.06530570067297958
1890,16.846895217895508,16.88542961278472,0.0385343948892114
1891,16.834020614624023,16.79811271003473,0.03590790458929405
1892,16.785860061645508,16.750214081753256,0.03564597989225149
1893,16.721010208129883,16.712728694187717,0.008281513942165475
1894,16.62302017211914,16.662514103927606,0.03949393180846528
1895,16.56794548034668,16.583839641327813,0.01589416098113361
1896,16.49308204650879,16.51720146128355,0.024119414774759207
1897,16.40009880065918,16.42765405949831,0.027555258839129237
1898,16.35599136352539,16.359547592571744,0.00355622904635311
1899,16.289949417114258,16.315134543205545,0.025185126091287202
1900,16.24011993408203,16.470902749574634,0.23078281549260282
1901,16.167163848876953,17.107524928746898,0.9403610798699447
1902,21.110057830810547,20.080915040125547,1.0291427906850004
1903,21.05379104614257,21.302964079040976,0.24917303289840476
1904,20.97916603088379,20.97084603201438,0.008319998869410483
1905,20.901918411254883,20.924102158915048,0.022183747660164954
1906,20.834922790527344,20.83062078054354,0.004302009983803146
1907,20.77507972717285,20.820674904825864,0.0455951776530128
1908,20.78390121459961,20.744792524965305,0.03910868963430403
1909,20.637989044189453,20.748761021877726,0.11077197768827318
1910,20.62511444091797,20.636056178773288,0.010941737855318934
1911,20.541906356811523,20.546246355479525,0.004339998668001499
1912,20.50209045410156,20.520638641301048,0.018548187199488808
1913,20.40600776672364,20.464432177050185,0.05842441032654477
1914,20.37596702575684,20.389629311466706,0.013662285709866495
1915,20.27297019958496,20.335707891717902,0.06273769213294145
1916,20.22600173950196,20.25985668069552,0.03385494119356025
1917,20.14303207397461,20.19587342374507,0.05284134977046051
1918,20.133018493652344,20.126535159306513,0.006483334345830372
1919,20.0040340423584,20.080797402897588,0.07676336053918931
1920,19.963979721069336,19.99581707377729,0.03183735270795296
1921,19.89006996154785,19.930243870931008,0.04017390938315657
1922,19.891977310180664,19.865520940584247,0.026456369596417062
1923,19.73700523376465,19.829259181278758,0.09225394751410931
1924,19.73915100097656,19.733658321911207,0.00549267906535178
1925,19.662857055664062,19.68337996959235,0.0205229139282892
1926,19.620895385742188,19.6249484524742,0.004053066732012667
1927,19.53411102294922,19.571186563553056,0.037075540603837
1928,19.49286460876465,19.50011155804532,0.007246949280670378
1929,19.41514015197754,19.443296463578008,0.028156311600469053
1930,19.34218406677246,19.377975292627525,0.03579122585506411
1931,19.26279067993164,19.308402424030646,0.04561174409900559
1932,19.248008728027344,19.23644631233401,0.011562415693333605
1933,19.138097763061523,19.18906062928727,0.05096286622574553
1934,19.142866134643555,19.1122847427323,0.030581391911255196
1935,19.04606819152832,19.070952852416667,0.024884660888346843
1936,18.996000289916992,19.002615007138957,0.0066147172219643835
1937,18.900156021118164,18.94105470842078,0.040898687302615144
1938,18.841981887817383,18.864782550508608,0.022800662691224716
1939,18.784046173095703,18.79913343645967,0.015087263363966485
1940,18.72706413269043,18.737411931169845,0.01034779847941536
1941,18.6460018157959,18.676243924119262,0.030242108323363937
1942,18.629074096679688,18.604606706503546,0.024467390176141635
1943,18.51797103881836,18.556420017830533,0.03844897901217337
1944,18.5239315032959,18.479414219200407,0.04451728409549105
1945,18.38898658752441,18.43920155829437,0.05021497076996084
1946,18.39995384216309,18.354144312525023,0.04580952963806695
1947,18.311023712158203,18.31383630178607,0.0028125896278652363
1948,18.22495460510254,18.250040560587877,0.025085955485337763
1949,18.136978149414062,18.17496186754397,0.037983718129908084
1950,18.085956573486328,18.094474040481145,0.008517466994817369
1951,17.99917221069336,18.03160163422035,0.03242942352699174
1952,17.963886260986328,17.95746487687211,0.006421384114219109
1953,17.878055572509766,17.898446681783753,0.02039110927398724
1954,17.817974090576172,17.82633372044984,0.008359629873666563
1955,17.748117446899414,17.75641682161222,0.00829937471280573
1956,17.76719093322754,17.68821890095751,0.07897203227003047
1957,17.61603355407715,17.65963406000992,0.04360050593277265
1958,17.6241397857666,17.568690260759467,0.05544952500713407
1959,17.529010772705078,17.52381718824836,0.005193584456719691
1960,17.47417449951172,17.457219351740605,0.016955147771113843
1961,17.386913299560547,17.395705554918095,0.008792255357548129
1962,17.319917678833008,17.32162811890703,0.0017104400740208803
1963,17.27008819580078,17.252968111847622,0.017120083953159337
1964,17.19212532043457,17.193109782510874,0.0009844620763033163
1965,17.135143280029297,17.12309987988192,0.012043400147376815
1966,17.113924026489258,17.057827808230286,0.05609621825897193
1967,16.993999481201172,17.01063458438057,0.016635103179396538
1968,16.99209213256836,16.929134524161782,0.06295760840657749
1969,16.902923583984375,16.883969955983957,0.018953628000417666
1970,16.84093475341797,16.824039402081326,0.016895351336643216
1971,16.765117645263672,16.767281450484006,0.002163805220334325
1972,16.715049743652344,16.707184411416165,0.007865332236178801
1973,16.61205291748047,16.658019674764546,0.045966757284077175
1974,16.589879989624023,16.57840859695625,0.011471392667772307
1975,16.521930694580078,16.524738287444052,0.002807592863973696
1976,16.453981399536133,16.444504922105807,0.009476477430325758
1977,20.9951400756836,16.382776232063634,4.612363843619967
1978,20.98393440246582,18.207160617976115,2.7767737844897056
1979,16.386985778808594,19.327251192407857,2.9402654135992634
1980,16.376972198486328,17.454315036047774,1.0773428375614458
1981,16.275882720947266,17.064772342678225,0.7888896217309593
1982,16.28589630126953,17.269241932012847,0.9833456307433153
1983,21.18206024169922,17.410139659546076,3.771920582153143
1984,21.10815048217773,19.679058560996054,1.4290919211816764
1985,21.027088165283203,20.2885685430374,0.7385196222458035
1986,20.97010612487793,20.384582976021193,0.585523148856737
1987,20.947933197021484,20.510672991804313,0.43726020521717146
1988,20.827054977416992,21.00064143041891,0.1735864530019171
1989,20.80106735229492,20.78198633307693,0.01908101921798888
1990,20.74003219604492,20.760946361860988,0.02091416581606964
1991,20.67089080810547,20.698077809811366,0.027187001705897273
1992,20.600080490112305,20.606439749826677,0.006359259714372456
1993,20.529985427856445,20.578508449034416,0.048523021177970804
1994,20.47896385192871,20.51079766715702,0.031833815228310414
1995,20.39790153503418,20.45085596955687,0.05295443452268955
1996,20.34997940063477,20.38006215389032,0.03008275325555232
1997,20.3249454498291,20.319747770827234,0.005197679001867073
1998,20.186185836791992,20.27446011925349,0.08827428246149793
1999,20.1718807220459,20.183236973480234,0.011356251434335718
2000,20.10202407836914,20.128890249907272,0.02686617153813131
2001,20.04694938659668,20.071315037966997,0.02436565137031721
2002,19.963979721069336,20.01036588308125,0.04638616201191326
2003,19.6840763092041,19.937165363899112,0.2530890546950104
2004,19.64712142944336,19.77038828408695,0.12326685464358889
2005,19.5310115814209,19.67542889951801,0.144417318097112
2006,19.515037536621094,19.580044211124914,0.06500667450382025
2007,19.45710182189941,19.517204817020684,0.06010299512127304
2008,19.39892768859864,19.440645101440168,0.0417174128415283
2009,19.35005187988281,19.370088235973526,0.020036356090717078
2010,19.253969192504883,19.30535324027005,0.05138404776516836
2011,19.19698715209961,19.22754543056726,0.03055827846765169
2012,19.181013107299805,19.160764686603216,0.020248420696589164
2013,19.056081771850582,19.114254412215814,0.05817264036523184
2014,19.044160842895508,19.03218753159308,0.011973311302426737
2015,18.9669132232666,18.98034235864543,0.013429135378828505
2016,18.91493797302246,18.91887606916498,0.003938096142519498
2017,18.85604858398437,18.86005142250724,0.004002838522868757
2018,18.773794174194336,18.79975161841685,0.025957444222513004
2019,18.696069717407227,18.729809918568208,0.03374020116098109
2020,18.62788200378418,18.65571287635248,0.027830872568301857
2021,18.535137176513672,18.586676580980566,0.05153940446689376
2022,18.49007606506348,18.50810178325446,0.0180257181909802
2023,18.435001373291016,18.443041190494114,0.00803981720309821
2024,18.36585998535156,18.38326773759036,0.017407752238799645
2025,18.290042877197266,18.314926373250273,0.024883496053007548
2026,18.35489273071289,18.24151119126327,0.1133815394496196
2027,18.173933029174805,18.233299207849996,0.059366178675190895
2028,18.16010475158692,18.138103543378747,0.02200120820817375
2029,18.088817596435547,18.080081578091267,0.008736018344279728
2030,18.017053604125977,18.020623500206057,0.0035698960800800705
2031,17.98081398010254,17.956275433789415,0.024538546313124243
2032,17.8680419921875,17.902857239960213,0.03481524777271261
2033,17.87400245666504,17.822053702730045,0.051948753934993874
2034,17.80986785888672,17.781177447204755,0.02869041168196418
2035,17.725229263305664,17.727786568002557,0.0025573046968929702
2036,17.676830291748047,17.65868039410634,0.018149897641706048
2037,17.616987228393555,17.595735763279663,0.021251465113891754
2038,17.5631046295166,17.5390117454981,0.024092884018500627
2039,17.490148544311523,17.4816640995914,0.008484444720124884
2040,17.427921295166016,17.415742090634012,0.012179204532003496
2041,17.345190048217773,17.352110320985048,0.006920272767274582
2042,17.26508140563965,17.27898663466476,0.01390522902511293
2043,17.297029495239258,17.204938189024688,0.09209130621457007
2044,17.125844955444336,17.180183093387313,0.05433813794297748
2045,17.10200309753418,17.081537407193537,0.02046569034064305
2046,17.0440673828125,17.01652976794321,0.027537614869288518
2047,16.95108413696289,16.95852774400919,0.007443607046297984
2048,16.895055770874023,16.885986881447934,0.0090688894260893
2049,16.834020614624023,16.81886629660312,0.015154318020904611
2050,16.74199104309082,16.767478517976997,0.025487474886176642
2051,16.697168350219727,16.70027707848476,0.003108728265033278
2052,16.623973846435547,16.642269775957175,0.01829592952162784
2053,16.610145568847656,16.577538676358472,0.03260689248918425
2054,16.46900177001953,16.53146774015113,0.062465970131597714
2055,16.482114791870117,16.417011807419613,0.06510298445050466
2056,16.345977783203125,16.382685364845884,0.03670758164275867
2057,16.345977783203125,16.307752639576734,0.0382251436263914
2058,16.295194625854492,16.418638891991577,0.12344426613708492
2059,16.2200927734375,17.007477398919946,0.7873846254824457
2060,21.11101150512696,20.110126274175855,1.0008852309511056
2061,21.04711532592773,21.070243792109977,0.0231284661822464
2062,20.999908447265625,20.9291009032313,0.07080754403432366
2063,20.97487449645996,20.911103077651205,0.0637714188087557
2064,20.85280418395996,20.831679850743967,0.02112433321599383
2065,20.83992958068848,20.808909171137202,0.03102040955127805
2066,20.709991455078125,20.76604598596532,0.05605453088719514
2067,20.696163177490234,20.71516302521559,0.018999847725353902
2068,20.663976669311523,20.648114497362258,0.015862171949265758
2069,20.587921142578125,20.57927426403694,0.008646878541185288
2070,20.54405212402344,20.555409323606,0.011357199582558763
2071,20.47109603881836,20.49907952459762,0.027983485779259354
2072,20.408153533935547,20.438006364656758,0.02985283072121092
2073,20.340919494628903,20.376375181967887,0.03545568733898463
2074,20.266056060791016,20.311544668857096,0.045488608066079905
2075,20.205020904541016,20.244018889115978,0.038997984574962175
2076,20.145177841186523,20.177878279355355,0.03270043816883117
2077,20.15519142150879,20.116207884257165,0.03898353725162451
2078,20.068883895874023,20.086330039248423,0.01744614337439998
2079,20.00093460083008,20.02481247200194,0.0238778711718588
2080,19.9429988861084,19.957657366830972,0.014658480722573586
2081,19.870996475219727,19.89970712338618,0.0287106481664523
2082,19.79994773864746,19.836847620354092,0.03689988170663128
2083,19.72317695617676,19.769687823099957,0.04651086692319595
2084,19.72007751464844,19.698394300576183,0.02168321407225804
2085,19.577980041503903,19.65980895465691,0.08182891315300722
2086,19.59109306335449,19.569297329780966,0.021795733573522824
2087,19.49691772460937,19.52816853963668,0.03125081502730964
2088,19.443988800048828,19.461435051653098,0.01744625160426949
2089,19.359111785888672,19.400324690195703,0.04121290430703084
2090,19.287824630737305,19.32661306909722,0.038788438359915745
2091,19.208192825317383,19.257185319929704,0.048992494612321025
2092,19.210100173950195,19.182875793376297,0.027224380573898088
2093,19.07801628112793,19.144452659475064,0.06643637834713445
2094,19.06585693359375,19.059834291056177,0.00602264253757312
2095,19.002914428710938,19.00489133777228,0.001976909061340848
2096,18.929004669189453,18.949405108287465,0.020400439098011702
2097,18.868207931518555,18.882193195395303,0.013985263876747922
2098,18.802881240844727,18.8175178561778,0.014636615333074587
2099,18.70393753051757,18.753632965399447,0.04969543488187611
2100,18.653154373168945,18.6733857751733,0.020231402004355914
2101,18.57590675354004,18.607688902420705,0.03178214888066577
2102,18.573999404907227,18.53883023591152,0.03516916899570788
2103,18.446922302246094,18.497198052273234,0.05027575002714002
2104,18.45002174377441,18.413272436418993,0.036749307355417926
2105,18.38397979736328,18.368705019611298,0.015274777751983493
2106,18.318891525268555,18.313393235075637,0.005498290192917921
2107,18.239974975585938,18.25190532849774,0.01193035291180422
2108,18.204927444458008,18.181173347784352,0.023754096673656022
2109,18.10598373413086,18.129526415350483,0.023542681219623773
2110,18.037080764770508,18.055683080774543,0.018602316004034947
2111,17.965078353881836,17.983719093081163,0.018640739199327072
2112,17.968177795410156,17.914336421426924,0.05384137398323219
2113,17.88616180419922,17.87715518139521,0.009006622804008657
2114,17.834186553955078,17.815713190202587,0.018473363752491423
2115,17.763853073120117,17.754440281578354,0.009412791541763
2116,17.68803596496582,17.68929808008579,0.0012621151199709857
2117,17.644882202148438,17.62110166760067,0.023780534547768184
2118,17.553091049194336,17.56580932169527,0.01271827250093338
2119,17.50493049621582,17.492564981807845,0.012365514407974842
2120,17.436981201171875,17.430705897936605,0.006275303235270258
2121,17.36617088317871,17.365727081482873,0.00044380169583746465
2122,17.310142517089844,17.298222751264802,0.011919765825041395
2123,17.23504066467285,17.234188384122717,0.00085228055013431
2124,17.23003387451172,17.165218615787126,0.06481525872459315
2125,17.074108123779297,17.124581488928925,0.05047336514962808
2126,17.097949981689453,17.026667432560316,0.0712825491291369
2127,17.00592041015625,16.98677659828718,0.019143811869071214
2128,16.959190368652344,16.922782616575205,0.036407752077138866
2129,16.855955123901367,16.86714691072666,0.011191786825293093
2130,16.786813735961914,16.791338263601574,0.0045245276396599365
2131,16.71004295349121,16.732715879243187,0.022672925751976436
2132,16.67618751525879,16.66478465324417,0.011402862014620041
2133,16.607999801635742,16.61658891555362,0.008589113917878421
2134,16.531944274902344,16.553469085692996,0.021524810790651827
2135,16.468048095703125,16.471192422869763,0.003144327166637595
2136,16.484975814819336,16.398486604259688,0.0864892105596482
2137,16.324996948242188,16.370544306397505,0.04554735815531785
2138,16.360044479370117,16.331016061229775,0.029028418140342183
2139,16.268014907836914,16.564597198794218,0.2965822909573035
2140,16.228199005126953,18.556286628609087,2.3280876234821335
2141,21.18802070617676,20.53873231943726,0.649288386739503
2142,21.0561752319336,21.0311416467448,0.025033585188801055
2143,21.033048629760746,20.896199345770583,0.13684928399016272
2144,20.971059799194336,20.891663777092617,0.0793960221017187
2145,20.917177200317383,20.8450720615474,0.07210513876998448
2146,20.82490921020508,20.85193222228554,0.027023012080459097
2147,20.75815200805664,20.786114025668212,0.027962017611571355
2148,20.694971084594727,20.746367389165243,0.051396304570516804
2149,20.667076110839844,20.66941588464033,0.0023397738004860003
2150,20.5378532409668,20.591562494701066,0.05370925373426516
2151,20.53093910217285,20.54138636276548,0.010447260592627572
2152,20.455121994018555,20.4889576957612,0.03383570174264605
2153,20.389080047607425,20.430253032373002,0.04117298476557707
2154,20.325183868408203,20.36157400561933,0.036390137211128604
2155,20.251989364624023,20.296954301102232,0.04496493647820898
2156,20.18094062805176,20.22857623796881,0.04763560991704807
2157,20.11299133300781,20.15910156796963,0.04611023496181943
2158,20.05600929260254,20.09063603100003,0.03462673839749186
2159,19.99092102050781,20.028297014050622,0.03737599354281329
2160,19.90509033203125,19.96134232786062,0.05625199582937057
2161,19.858837127685547,19.886645704445982,0.027808576760435244
2162,19.804000854492188,19.824881132535666,0.02088027804347803
2163,19.78111267089844,19.766835371683555,0.01427729921488563
2164,19.669055938720703,19.722594389804726,0.05353845108402311
2165,19.67000961303711,19.64297241966051,0.027037193376600044
2166,19.61708068847656,19.601834915647487,0.015245772829072024
2167,19.53601837158203,19.555973489332246,0.019955117750214413
2168,19.485950469970703,19.4910105924464,0.005060122475697426
2169,19.401073455810547,19.432282803791168,0.031209347980620805
2170,19.34409141540528,19.364588444204855,0.020497028799574935
2171,19.25802230834961,19.302887550566084,0.044865242216474144
2172,19.201040267944336,19.22997894598666,0.028938678042322863
2173,19.140005111694336,19.165814373536705,0.02580926184236887
2174,19.075870513916016,19.100519679341232,0.02464916542521678
2175,19.05202865600586,19.036306845464424,0.015721810541435843
2176,18.97788047790528,18.988635615642124,0.010755137736843778
2177,18.929004669189453,18.925562455251566,0.0034422139378875727
2178,18.84698867797852,18.86800567649516,0.021016998516639518
2179,18.78809928894043,18.798652833083906,0.010553544143476756
2180,18.71609687805176,18.73628013368034,0.020183255628577257
2181,18.64504814147949,18.669534077616845,0.02448593613735639
2182,18.596887588500977,18.601352411678818,0.004464823177841026
2183,18.540143966674805,18.542045821050124,0.0019018543753190897
2184,18.481969833374023,18.48253797356847,0.000568140194445732
2185,18.397092819213867,18.422320113359092,0.025227294145224732
2186,18.34297180175781,18.348483314184705,0.005511512426895848
2187,18.29195022583008,18.285406467157372,0.006543758672709288
2188,18.20611953735352,18.227863429501667,0.021743892148148092
2189,18.175125122070312,18.156018587205836,0.019106534864477
2190,18.04494857788086,18.102229216083288,0.057280638202428236
2191,18.055200576782227,18.01209563905104,0.04310493773118651
2192,17.987966537475586,17.97046010392478,0.017506433550806832
2193,17.92001724243164,17.915391804990577,0.004625437441063696
2194,17.83585548400879,17.850533306955185,0.01467782294639619
2195,17.771005630493164,17.774712594473385,0.0037069639802211896
2196,17.698049545288086,17.708085348658642,0.010035803370556096
2197,17.633914947509766,17.63928466289144,0.005369715381675633
2198,17.565011978149414,17.572164580769822,0.007152602620408288
2199,17.508983612060547,17.50366745602605,0.005316156034496089
2200,17.47298240661621,17.43875307192866,0.03422933468755218
2201,17.44699478149414,17.38762494983348,0.059369831660660566
2202,17.335176467895508,17.344651835855984,0.009475367960476433
2203,17.332077026367188,17.265739375716294,0.06633765065089392
2204,17.280101776123047,17.222985113903633,0.05711666221941414
2205,17.20285415649414,17.17707911279831,0.02577504369583039
2206,17.123937606811523,17.113886304287007,0.010051302524516359
2207,17.05479621887207,17.042329438595516,0.012466780276554346
2208,17.008066177368164,16.97543851446426,0.03262766290390573
2209,16.926050186157227,16.91909271210079,0.006957474056434876
2210,16.859054565429688,16.852443932975802,0.006610632453885046
2211,16.783952713012695,16.789680701435827,0.005727988423132047
2212,16.715049743652344,16.72919162206199,0.01414187840964587
2213,16.696929931640625,16.668401495280705,0.028528436359920306
2214,16.60299301147461,16.625314598286423,0.022321586811813177
2215,16.570091247558594,16.556984712792655,0.013106534765938704
2216,16.502857208251953,16.4951696590947,0.00768754915725367
2217,16.438961029052734,16.416378145777344,0.022582883275390486
2218,16.3729190826416,16.36372777784345,0.009191304798150668
2219,16.318082809448242,16.317742974877092,0.00033983457115027704
2220,16.227006912231445,16.458793739730027,0.23178682749858126
2221,16.220808029174805,18.04927738180595,1.8284693526311457
2222,21.13509178161621,20.46628454445454,0.6688072371616727
2223,21.09813690185547,21.1130593861526,0.014922484297130723
2224,21.00992202758789,20.94951180015414,0.06041022743374924
2225,20.9500789642334,20.949753442437213,0.0003255217961850576
2226,20.889997482299805,20.857457820511627,0.03253966178817791
2227,20.84207534790039,20.84811588292723,0.0060405350268410984
2228,20.786046981811523,20.789582815723406,0.0035358339118829463
2229,20.708084106445312,20.769235261923313,0.061151155478000874
2230,20.607948303222656,20.680770055605535,0.07282175238287891
2231,20.56503295898437,20.56427233355862,0.0007606254257517264
2232,20.514965057373047,20.542646522244468,0.027681464871420758
2233,20.444869995117188,20.488372525960585,0.043502530843397835
2234,20.428895950317383,20.420483444922866,0.008412505394517211
2235,20.280838012695312,20.375838608742924,0.09500059604761191
2236,20.266056060791016,20.282050904370408,0.01599484357939218
2237,20.23100852966309,20.226532500601024,0.004476029062065123
2238,20.13707160949707,20.18505113392166,0.047979524424590636
2239,20.032882690429688,20.112368084483023,0.07948539405333577
2240,20.051002502441406,20.02233471694126,0.028667785500147147
2241,20.01309394836425,19.990348115697998,0.022745832666252852
2242,19.887924194335938,19.953329925556318,0.0654057312203804
2243,19.824981689453125,19.865937530539668,0.04095584108654293
2244,19.783973693847656,19.793625490819977,0.00965179697232088
2245,19.68598365783692,19.741494100799173,0.055510442962251716
2246,19.602060317993164,19.66828587319469,0.06622555520152673
2247,19.55413818359375,19.58725493750535,0.03311675391159952
2248,19.54007148742676,19.523682237831963,0.016389249594798372
2249,19.385099411010746,19.482222320675646,0.09712290966490045
2250,19.381999969482425,19.38420604392377,0.00220607444134302
2251,19.329071044921875,19.33077762805624,0.0017065831343643367
2252,19.263029098510746,19.27862043157802,0.015591333067273894
2253,19.163131713867188,19.21713470346731,0.05400298960012151
2254,19.089937210083008,19.13529103194378,0.04535382186077186
2255,19.037961959838867,19.060014936258085,0.022052976419217885
2256,19.03700828552246,18.998135073161393,0.038873212361068
2257,18.905162811279297,18.96404675380836,0.05888394252906437
2258,18.90897750854492,18.87941782820235,0.02955968034256884
2259,18.76497268676757,18.832114926908616,0.0671422401410453
2260,18.75901222229004,18.743097898095584,0.01591432419445482
2261,18.685102462768555,18.694527296474917,0.009424833706361824
2262,18.61500740051269,18.63371940680736,0.01871200629466685
2263,18.55182647705078,18.565997229870845,0.014170752820064081
2264,18.50104331970215,18.498906975992213,0.0021363437099353177
2265,18.45121383666992,18.440924893411648,0.010288943258270677
2266,18.323898315429688,18.386799200470705,0.06290088504101732
2267,18.299102783203125,18.294032526910087,0.0050702562930382555
2268,18.285036087036133,18.23791454194179,0.047121545094341855
2269,18.2180404663086,18.199651609165812,0.018388857142788595
2270,18.13197135925293,18.1450042571214,0.013032897868470172
2271,18.06211471557617,18.070062137212517,0.00794742163634865
2272,17.990827560424805,18.000495468868394,0.009667908443589113
2273,17.925024032592773,17.933472244749282,0.008448212156508816
2274,17.843961715698242,17.86786284583286,0.023901130134618143
2275,17.85898208618164,17.794301706544502,0.06468037963713869
2276,17.709016799926758,17.760246399348034,0.05122959942127636
2277,17.71402359008789,17.66903297288991,0.04499061719798192
2278,17.65608787536621,17.622350599594938,0.033737275771272834
2279,17.589092254638672,17.570466549386765,0.018625705251906766
2280,17.49706268310547,17.50910750752155,0.012044824416079791
2281,17.43483543395996,17.431222948744107,0.003612485215853667
2282,17.385005950927734,17.364759590691392,0.020246360236342298
2283,17.31109619140625,17.30739501977041,0.0037011716358392732
2284,17.256975173950195,17.24059123432653,0.016383939623665356
2285,17.171859741210938,17.178970273675986,0.007110532465048891
2286,17.128944396972656,17.103314873338604,0.02562952363405202
2287,17.07291603088379,17.044586498172976,0.02832953271081351
2288,17.004966735839844,16.985360427042906,0.01960630879693781
2289,16.98589324951172,16.920660286814382,0.06523296269733692
2290,16.853809356689453,16.876549426456222,0.02274006976676901
2291,16.856908798217773,16.798199597360508,0.05870920085726539
2292,16.763925552368164,16.760495022481336,0.0034305298868275713
2293,16.71004295349121,16.708352153614214,0.001690799876996607
2294,16.643047332763672,16.653773842222108,0.01072650945843634
2295,16.579151153564453,16.588971732971913,0.009820579407460173
2296,16.49188995361328,16.525270922670643,0.033380969057361654
2297,16.44587516784668,16.43017525822188,0.015699909624800057
2298,16.369104385375977,16.377262426885864,0.00815804150988697
2299,16.31307601928711,16.317805333500246,0.004729314213136604
2300,16.234874725341797,16.41636471887864,0.18148999353684303
2301,16.231060028076172,16.953996029542395,0.7229360014662234
2302,21.129846572875977,19.983171574494918,1.1466749983810587
2303,21.08001708984375,21.210021619936015,0.13000453009226476
2304,21.021127700805664,20.98306354628221,0.03806415452345391
2305,20.940065383911133,20.951013601916202,0.010948218005069066
2306,20.884037017822266,20.845784587891103,0.038252429931162624
2307,20.81608772277832,20.837642818150925,0.021555095372605138
2308,20.7369327545166,20.774697517026652,0.03776476251005079
2309,20.73812484741211,20.739870529723703,0.001745682311593555
2310,20.606040954589844,20.67751509048321,0.07147413589336793
2311,20.61605453491211,20.564153020586673,0.05190151432543644
2312,20.48611640930176,20.560616530474363,0.0745001211726013
2313,20.493030548095703,20.481046173244977,0.011984374850726454
2314,20.40410041809082,20.438234600987926,0.03413418289710535
2315,20.338058471679688,20.375841289933305,0.037782818253617734
2316,20.254135131835938,20.307351957399078,0.053216825563140446
2317,20.205020904541016,20.234920269558643,0.029899365017627133
2318,20.13707160949707,20.174496963136335,0.03742535363926436
2319,20.067930221557617,20.111611653646833,0.04368143208921538
2320,20.001888275146484,20.041234763084503,0.03934648793801898
2321,19.95396614074707,19.975454103132506,0.02148796238543582
2322,19.91915702819824,19.91580230924228,0.003354718955957736
2323,19.841909408569336,19.868891532041744,0.026982123472407693
2324,19.78302001953125,19.803212757324218,0.02019273779296782
2325,19.726991653442383,19.740180317512568,0.013188664070185041
2326,19.65594291687012,19.682086965531198,0.026144048661077335
2327,19.576072692871094,19.619106808931974,0.04303411606088048
2328,19.51813697814941,19.547231132946763,0.029094154797352445
2329,19.449949264526367,19.483192911593505,0.03324364706713823
2330,19.437074661254883,19.41752821312548,0.01954644812940387
2331,19.2861557006836,19.375496196971653,0.0893404962880524
2332,19.28305625915528,19.27972508201492,0.003331177140360353
2333,19.232988357543945,19.228007935907954,0.004980421635991661
2334,19.15502548217773,19.178426022790518,0.02340054061278707
2335,19.06895637512207,19.11239936362108,0.043442988499009516
2336,19.01102066040039,19.034263443245436,0.02324278284504544
2337,18.922090530395508,18.96878307661609,0.04669254622058361
2338,18.898963928222656,18.893850843596738,0.005113084625918418
2339,18.815040588378903,18.842664573185175,0.02762398480627226
2340,18.811941146850582,18.775088353550018,0.03685279330056446
2341,18.67604255676269,18.732451561390917,0.05640900462822529
2342,18.73087882995605,18.64578861773225,0.08509021222380042
2343,18.57590675354004,18.626022211947202,0.050115458407162805
2344,18.54586601257324,18.540715447898037,0.005150564675201252
2345,18.46909523010254,18.480955903669383,0.011860673566843616
2346,18.39184761047364,18.415580773762485,0.02373316328884556
2347,18.33081245422364,18.3458968033392,0.015084349115561224
2348,18.26691627502441,18.279559126085587,0.012642851061176685
2349,18.17798614501953,18.214128529052687,0.036142384033155395
2350,18.118858337402344,18.13765829820113,0.01879996079878765
2351,18.035888671875,18.066742655946655,0.03085398407165485
2352,17.96889305114746,17.993905773209917,0.025012722062456305
2353,17.912864685058594,17.919949325914786,0.007084640856191982
2354,17.906904220581055,17.855388607586065,0.05151561299499008
2355,17.771005630493164,17.81598834736542,0.04498271687225497
2356,17.751216888427734,17.726553388001776,0.024663500425958773
2357,17.66180992126465,17.66992212264995,0.008112201385301887
2358,17.628908157348633,17.599977741610928,0.028930415737704607
2359,17.581939697265625,17.547089920753933,0.034849776511691744
2360,17.489910125732422,17.494596570031717,0.004686444299295545
2361,17.431974411010742,17.421734802496758,0.010239608513984422
2362,17.369985580444336,17.355595449544126,0.014390130900210352
2363,17.281055450439453,17.293901175094106,0.012845724654653168
2364,17.194032669067383,17.219899985434495,0.025867316367111926
2365,17.13109016418457,17.13790030214568,0.0068101379611107404
2366,17.16017723083496,17.067134387616534,0.09304284321842715
2367,16.988039016723633,17.04167589844019,0.05363688171655667
2368,16.993999481201172,16.941825771255026,0.05217370994614612
2369,16.93892478942871,16.89159375325744,0.04733103617127199
2370,16.85810089111328,16.84364569052832,0.014455200584961858
2371,16.769886016845703,16.786346138474073,0.01646012162836996
2372,16.724109649658203,16.714591702566395,0.00951794709180831
2373,16.63517951965332,16.66669491760331,0.031515397949988255
2374,16.628026962280273,16.594746849477815,0.03328011280245846
2375,16.520977020263672,16.55115253720396,0.030175516940289526
2376,16.47806167602539,16.462152517192408,0.01590915883298294
2377,16.435861587524414,16.398305456334583,0.03755613118983092
2378,16.347885131835938,16.347155088737964,0.0007300430979739758
2379,16.27492904663086,16.337701358082768,0.06277231145190854
2380,16.206979751586914,16.61708946028284,0.4101097086959271
2381,21.183013916015625,19.00126100599664,2.181752910018986
2382,21.11506462097168,21.045115005563275,0.0699496154084045
2383,21.03400230407715,20.93380672749845,0.10019557657869882
2384,20.974159240722656,20.92607752592812,0.04808171479453449
2385,20.901918411254883,20.842801093294838,0.0591173179600446
2386,20.824193954467773,20.82943938103199,0.00524542656421545
2387,20.776987075805664,20.76983685401501,0.007150221790652722
2388,20.702123641967773,20.75869181589951,0.056568173931736965
2389,20.71380615234375,20.67776980356939,0.036036348774359794
2390,20.553112030029297,20.615791071577405,0.06267904154810822
2391,20.576953887939453,20.559117074753885,0.017836813185567735
2392,20.49803733825684,20.518545637060015,0.020508298803175506
2393,20.41792869567871,20.465175872232066,0.04724717655335553
2394,20.33209800720215,20.391798729633592,0.059700722431443864
2395,20.267009735107425,20.315720287726435,0.04871055261900992
2396,20.20120620727539,20.248330578397145,0.04712437112175394
2397,20.13397216796875,20.18216617307189,0.048194005103141535
2398,20.041942596435547,20.11272803429165,0.07078543785610236
2399,20.032882690429688,20.03383936971659,0.0009566792869009078
2400,19.995927810668945,19.98494317103905,0.010984639629896265
2401,19.906997680664062,19.942779106258968,0.03578142559490516
2402,19.83904838562012,19.871434976266755,0.03238659064663452
2403,19.761085510253903,19.801434122655337,0.04034861240143428
2404,19.685029983520508,19.73278090235908,0.04775091883857385
2405,19.63210105895996,19.662589684230625,0.03048862527066376
2406,19.564151763916016,19.600243964305264,0.03609220038924832
2407,19.50812339782715,19.534357062184426,0.02623366435727803
2408,19.41514015197754,19.470230026399804,0.055089874422264984
2409,19.40798759460449,19.39296649834432,0.0150210962601669
2410,19.270896911621094,19.349479266111302,0.07858235449020867
2411,19.27495002746582,19.25955314618477,0.01539688128104899
2412,19.205093383789062,19.21390856114158,0.008815177352516912
2413,19.144058227539062,19.15600557367725,0.011947346138185821
2414,19.07014846801757,19.094027847131656,0.023879379114084998
2415,19.01412010192871,19.025136336040305,0.011016234111593803
2416,18.92399787902832,18.964293758472195,0.04029587944387458
2417,18.8589096069336,18.890222857862682,0.031313250929080994
2418,18.77093315124512,18.82026021121419,0.04932705996906961
2419,18.722057342529297,18.744191321047765,0.02213397851846821
2420,18.646955490112305,18.678569521625832,0.03161403151352715
2421,18.65220069885254,18.609505408903715,0.04269528994882421
2422,18.50295066833496,18.572194633861727,0.06924396552676626
2423,18.47982406616211,18.47837743639502,0.0014466297670878703
2424,18.427133560180664,18.41790285220668,0.009230707973983954
2425,18.36109161376953,18.363815198654265,0.0027235848847340094
2426,18.290042877197266,18.302006387102665,0.011963509905399405
2427,18.21208000183105,18.232934230809406,0.020854228978354428
2428,18.146991729736328,18.16075976967113,0.0137680399348028
2429,18.0959701538086,18.09342033266148,0.0025498211471202126
2430,18.033981323242188,18.033406578069844,0.0005747451723436825
2431,18.02706718444824,17.97243999544662,0.05462718900161789
2432,17.870187759399414,17.93189788327254,0.06171012387312658
2433,17.874956130981445,17.835373353818795,0.03958277716265002
2434,17.83013343811035,17.787771164648802,0.042362273461549194
2435,17.73691177368164,17.743044719736645,0.00613294605500414
2436,17.667055130004883,17.67203506824444,0.004979938239557669
2437,17.596006393432617,17.59924728480655,0.0032408913739345735
2438,17.528057098388672,17.53158225074003,0.003525152351357974
2439,17.490148544311523,17.464634770249177,0.025513774062346783
2440,17.44699478149414,17.41025218575487,0.036742595739269746
2441,17.348051071166992,17.359498592441014,0.01144752127402171
2442,17.29607582092285,17.280880979456015,0.015194841466836806
2443,17.212867736816406,17.21709546029615,0.004227723479743872
2444,17.124176025390625,17.145933064739438,0.021757039348813123
2445,17.138004302978516,17.06568352847171,0.07232077450680663
2446,17.004966735839844,17.029466762892298,0.024500027052454243
2447,16.983985900878906,16.945222420531536,0.038763480347370205
2448,16.911983489990234,16.889322366068882,0.022661123921352555
2449,16.83211326599121,16.830333747861914,0.0017795181292967754
2450,16.759872436523438,16.769554010693355,0.00968157416991744
2451,16.69597625732422,16.70526241684911,0.009286159524890536
2452,16.597986221313477,16.648550296849862,0.050564075536385644
2453,16.60895347595215,16.566744329566063,0.042209146386085195
2454,16.479015350341797,16.527191953684905,0.04817660334310858
2455,16.46709442138672,16.42034861168895,0.04674580969776798
2456,16.31903648376465,16.377344601181676,0.05830811741702746
2457,16.305923461914062,16.297603150491113,0.00832031142294909
2458,16.232013702392578,16.434580558751577,0.20256685635899885
2459,16.170978546142578,17.09819170503124,0.9272131588886623
2460,21.1639404296875,20.298415549859783,0.8655248798277171
2461,21.0261344909668,21.198942270984844,0.17280778001804364
2462,21.006107330322266,20.950672085291444,0.055435245030821534
2463,20.92790603637696,20.950866136445256,0.022960100068296185
2464,20.85280418395996,20.844774449415127,0.008029734544834355
2465,20.782947540283203,20.828211060688773,0.04526352040556958
2466,20.71499824523925,20.760122901265277,0.04512465602602589
2467,20.64800262451172,20.724064242131135,0.07606161761941621
2468,20.59412002563477,20.631324212899926,0.037204187265157174
2469,20.49779891967773,20.535432444376056,0.03763352469832526
2470,20.444869995117188,20.49281894505839,0.047948949941201136
2471,20.401954650878903,20.424071547950007,0.02211689707110409
2472,20.34211158752441,20.370612633541896,0.028501046017485265
2473,20.247936248779297,20.309541149345023,0.061604900565725984
2474,20.236968994140625,20.230685999649722,0.006282994490902638
2475,20.10893821716309,20.185771703836508,0.0768334866734186
2476,20.10107040405273,20.10191010140261,0.0008396973498783211
2477,20.0190544128418,20.052039960319235,0.032985547477434096
2478,19.9580192565918,19.989472707038658,0.031453450446857545
2479,19.87600326538086,19.923653840123734,0.047650574742874596
2480,19.830942153930664,19.850761322686594,0.01981916875593015
2481,19.76895332336425,19.793308775206242,0.024355451841991282
2482,19.693851470947266,19.732979980744858,0.039128509797592415
2483,19.63210105895996,19.662814904222614,0.030713845262653194
2484,19.55389976501465,19.598234076966037,0.04433431195138837
2485,19.489049911499023,19.52602894971278,0.03697903821375803
2486,19.42300796508789,19.459715738321393,0.03670777323350194
2487,19.34194564819336,19.392043498555722,0.050097850362362806
2488,19.361019134521484,19.3181277718395,0.0428913626819849
2489,19.29187774658203,19.286511845166388,0.005365901415643748
2490,19.21606063842773,19.233830475968716,0.017769837540985378
2491,19.14691925048828,19.16527645971655,0.01835720922827022
2492,19.06585693359375,19.097820390925335,0.03196345733158523
2493,18.994808197021484,19.02832929863507,0.033521101613587234
2494,18.91398429870605,18.95931177159582,0.04532747288977035
2495,18.87798309326172,18.885537980395384,0.007554887133665034
2496,18.79811286926269,18.8290548508121,0.030941981549407416
2497,18.722057342529297,18.758559987873014,0.03650264534371672
2498,18.65696907043457,18.68540085956738,0.02843178913281008
2499,18.59712600708008,18.615165736946437,0.018039729866355714
2500,18.55611801147461,18.550398399383994,0.005719612090615556
2501,18.4478759765625,18.49546583571282,0.04758985915032099
2502,18.40996742248535,18.41286874969228,0.0029013272069278173
2503,18.374919891357425,18.35155897470031,0.023360916657114927
2504,18.31197738647461,18.30268958792658,0.009287798548029969
2505,18.219947814941406,18.245206206756848,0.025258391815441428
2506,18.18513870239257,18.16777560702576,0.01736309536681091
2507,18.13197135925293,18.112491137117104,0.019480222135825898
2508,18.103837966918945,18.059017811310696,0.04482015560824948
2509,18.06187629699707,18.015034056134027,0.046842240863043116
2510,17.90308952331543,17.969077782709064,0.06598825939363451
2511,17.913818359375,17.867652707536763,0.046165651838236954
2512,17.839908599853516,17.824155085691018,0.015753514162497595
2513,17.770051956176758,17.769419589512836,0.0006323666639218573
2514,17.701148986816406,17.703575083714895,0.0024260968984890496
2515,17.641067504882812,17.633639081395813,0.007428423486999236
2516,17.542123794555664,17.571331903582177,0.02920810902651283
2517,17.520904541015625,17.49094068316026,0.02996385785536404
2518,17.42386817932129,17.439523746588748,0.015655567267458537
2519,17.364025115966797,17.365413968718713,0.0013888527519156924
2520,17.286062240600586,17.294903018637342,0.008840778036756092
2521,17.29297637939453,17.22290300244822,0.07007337694631133
2522,17.154932022094727,17.187553350595408,0.03262132850068156
2523,17.152070999145508,17.099133138003708,0.05293786114179966
2524,17.086029052734375,17.049766139052736,0.036262913681639475
2525,17.014026641845703,16.993303285971706,0.020723355873997207
2526,16.95084571838379,16.927772060512325,0.023073657871464093
2527,16.865968704223633,16.864212431642045,0.0017562725815878366
2528,16.79682731628418,16.79918233742228,0.0023550211381007102
2529,16.79706573486328,16.73807541124006,0.05899032362322032
2530,16.674041748046875,16.710940507778105,0.0368987597312298
2531,16.696929931640625,16.639993361536654,0.05693657010397146
2532,16.53313636779785,16.60679905160123,0.07366268380337715
2533,16.540050506591797,16.509966520402486,0.030083986189310963
2534,16.466140747070312,16.45202205827445,0.01411868879586109
2535,16.388893127441406,16.391578831445486,0.0026857040040795255
2536,16.311168670654297,16.3322988432526,0.021130172598304853
2537,16.267061233520508,16.376231467290836,0.1091702337703282
2538,16.204118728637695,16.815406220416662,0.6112874917789668
2539,21.140098571777344,19.432703080383362,1.7073954913939815
2540,21.04496955871582,21.10613152535734,0.06116196664152085
2541,21.00205421447754,20.967298481991747,0.03475573248579167
2542,20.93100547790528,20.89756574741841,0.03343973048686877
2543,20.9500789642334,20.828751655699307,0.12132730853409157
2544,20.863056182861328,20.854435783803638,0.00862039905769052
2545,20.788908004760746,20.803252529731253,0.014344524970507422
2546,20.705223083496094,20.771335639437893,0.06611255594179966
2547,20.6148624420166,20.678772903920617,0.06391046190401539
2548,20.57099342346192,20.57233534333136,0.001341919869439323
2549,20.517826080322266,20.5505007343163,0.03267465399403591
2550,20.407915115356445,20.49265237610598,0.08473726074953447
2551,20.43318748474121,20.406216160608892,0.02697132413231884
2552,20.28203010559082,20.37224279729344,0.09021269170261803
2553,20.23887634277344,20.284534692109446,0.04565834933600499
2554,20.156145095825195,20.21260673291181,0.05646163708661334
2555,20.17402648925781,20.142774794294382,0.0312516949634265
2556,20.07603645324707,20.111984674258565,0.03594822101149475
2557,20.01190185546875,20.0432208548591,0.031318999390350655
2558,19.937992095947266,19.974065916812833,0.03607382086556754
2559,19.86384391784668,19.907688021703507,0.04384410385682713
2560,19.86908912658692,19.837920766804018,0.03116835978290311
2561,19.73104476928711,19.806192900432507,0.0751481311453972
2562,19.70815658569336,19.71797101214179,0.009814426448429003
2563,19.65594291687012,19.660435682908428,0.004492766038307394
2564,19.577980041503903,19.607740237461257,0.029760195957354796
2565,19.522905349731445,19.5440793936541,0.021174043922655983
2566,19.445180892944336,19.479452651012252,0.03427175806791638
2567,19.37079429626465,19.4116238967581,0.040829600493452745
2568,19.305944442749023,19.341071723374625,0.035127280625602
2569,19.260168075561523,19.273122985850932,0.012954910289408872
2570,19.186019897460938,19.21762133952143,0.031601442060491536
2571,19.132137298583984,19.148206996305817,0.0160696977218322
2572,19.056081771850582,19.086346906988183,0.03026513513760065
2573,18.982887268066406,19.01712695007518,0.03423968200877425
2574,18.9208984375,18.945849011970495,0.024950574470494757
2575,18.85509490966797,18.879923232589135,0.024828322921166546
2576,18.867015838623047,18.813667834365333,0.05334800425771391
2577,18.73993873596192,18.782456432290928,0.04251769632900704
2578,18.722057342529297,18.701811923165224,0.020245419364073314
2579,18.65386962890625,18.649826658020174,0.004042970886075636
2580,18.57805252075196,18.591440888712896,0.013388367960935454
2581,18.525123596191406,18.52542947881375,0.0003058826223423239
2582,18.45002174377441,18.46456008934183,0.014538345567419952
2583,18.39017868041992,18.398384791680655,0.008206111260737003
2584,18.308162689208984,18.33448766797119,0.02632497876220441
2585,18.25094223022461,18.261478351178084,0.010536120953474892
2586,18.173933029174805,18.198084788537017,0.024151759362212033
2587,18.1121826171875,18.125200984968615,0.013018367781114648
2588,18.110036849975582,18.0589192775642,0.05111757241138193
2589,17.966032028198242,18.02080598872635,0.054773960528109455
2590,17.991065979003906,17.92923110429001,0.06183487471389526
2591,17.8680419921875,17.89219230249728,0.024150310309778433
2592,17.840862274169922,17.814816834743397,0.026045439426525263
2593,17.789125442504883,17.760647740033164,0.028477702471718658
2594,17.711877822875977,17.706458871543873,0.005418951332103461
2595,17.641067504882812,17.641613444311588,0.0005459394287754549
2596,17.566919326782227,17.571761564340704,0.004842237558477791
2597,17.53401756286621,17.502570095075498,0.031447467790712835
2598,17.44699478149414,17.451766732165197,0.004771950671056402
2599,17.38715171813965,17.380338982547983,0.006812735591665842
2600,17.326831817626953,17.314990329396096,0.011841488230857067
2601,17.26508140563965,17.25050711422682,0.014574291412827733
2602,17.266035079956055,17.18836952170477,0.07766555825128307
2603,17.132043838500977,17.15354714269779,0.021503304196812678
2604,17.10987091064453,17.06824959524056,0.0416213154039724
2605,17.071962356567383,17.01206491566154,0.059897440905842814
2606,16.992807388305664,16.966582961572385,0.02622442673327896
2607,16.92509651184082,16.90491616932377,0.02018034251705103
2608,16.84713363647461,16.839465212001414,0.007668424473195046
2609,16.782045364379883,16.779114716655386,0.0029306477244972484
2610,16.700029373168945,16.72283007894748,0.022800705778536212
2611,16.631126403808594,16.657010206586165,0.025883802777570963
2612,16.60609245300293,16.58959888015943,0.01649357284350117
2613,16.562938690185547,16.537597276510496,0.025341413675050717
2614,16.488075256347656,16.476084841229977,0.011990415117679731
2615,16.43514633178711,16.401261217367846,0.03388511441926312
2616,16.33596420288086,16.349622873121916,0.013658670241056825
2617,16.309022903442383,16.3209300723679,0.011907168925517908
2618,16.20793342590332,16.569650069641284,0.36171664373796375
2619,21.218061447143555,19.018673996924917,2.1993874502186372
2620,21.052122116088867,20.9808274335046,0.07129468258426641
2621,21.06308937072754,20.877274498616316,0.18581487211122294
2622,20.98703384399414,20.906208899759804,0.08082494423433673
2623,20.923852920532227,20.840804611907515,0.08304830862471135
2624,20.835161209106445,20.840355847667524,0.005194638561079046
2625,20.78700065612793,20.777097852715087,0.009902803412842331
2626,20.719051361083984,20.76850832418131,0.04945696309732739
2627,20.637989044189453,20.68885049311575,0.05086144892629818
2628,20.57504653930664,20.589049549016636,0.01400300970999524
2629,20.56312561035156,20.55941569233255,0.0037099180190089953
2630,20.49899101257324,20.515837299626583,0.0168462870533439
2631,20.43604850769043,20.461090073240484,0.025041565550054656
2632,20.3399658203125,20.39704715980406,0.05708133949156036
2633,20.32399177551269,20.32100424366945,0.002987531843242408
2634,20.2639102935791,20.275488355764537,0.011578062185435556
2635,20.19906044006348,20.223243685450143,0.024183245386662833
2636,20.122051239013672,20.160171362931578,0.03812012391790631
2637,20.0650691986084,20.091156852231506,0.026087653623108054
2638,19.97590065002441,20.03009140071299,0.054190750688579925
2639,19.92678642272949,19.957285016516835,0.030498593787346095
2640,19.86312866210937,19.895212107712723,0.032083445603351635
2641,19.809961318969727,19.832502081044368,0.022540762074640952
2642,19.748926162719727,19.77151505434449,0.022588891624764074
2643,19.715070724487305,19.710145958015346,0.004924766471958719
2644,19.64998245239257,19.660643475162942,0.010661022770371176
2645,19.5770263671875,19.602296415541787,0.0252700483542867
2646,19.505023956298828,19.535665147941472,0.030641191642644117
2647,19.459009170532227,19.46857070470287,0.009561534170643426
2648,19.388198852539062,19.412719498177466,0.02452064563840395
2649,19.30713653564453,19.349748390595778,0.04261185495124664
2650,19.23513412475586,19.27665981111204,0.04152568635618081
2651,19.22202110290528,19.204884009468515,0.017137093436765838
2652,19.086122512817383,19.16136527324852,0.07524276043113787
2653,19.09995079040528,19.0722485376682,0.027702252737078936
2654,19.02008056640625,19.030433027637628,0.010352461231377674
2655,18.9509391784668,18.969901133004896,0.018961954538095682
2656,18.872976303100582,18.902681846839187,0.029705543738604234
2657,18.82290840148925,18.83053553819991,0.007627136710659954
2658,18.759965896606445,18.77136971006621,0.011403813459764933
2659,18.722057342529297,18.70969646620324,0.012360876326056314
2660,18.635034561157227,18.657418783732282,0.0223842225750559
2661,18.558025360107425,18.587904063451788,0.02987870334436238
2662,18.48316192626953,18.512294662286877,0.02913273601734545
2663,18.48602294921875,18.44178186888712,0.044241080331630656
2664,18.36395263671875,18.405543067274266,0.04159043055551592
2665,18.29195022583008,18.324983015645557,0.03303278981547564
2666,18.2180404663086,18.24645329543273,0.02841282912412879
2667,18.238067626953125,18.173597476788927,0.06447015016419755
2668,18.0959701538086,18.145700361174022,0.04973020736542111
2669,18.07689666748047,18.058744162317453,0.01815250516301603
2670,18.02301406860352,18.001240672219865,0.021773396383654386
2671,17.963886260986328,17.94684417905046,0.017042081935869646
2672,17.848968505859375,17.8893363320185,0.04036782615912671
2673,17.85111427307129,17.803451268719073,0.047663004352216376
2674,17.772912979125977,17.760728678467785,0.012184300658191205
2675,17.707109451293945,17.701075041259173,0.006034410034772009
2676,17.631053924560547,17.6352908622448,0.0042369376842543716
2677,17.573118209838867,17.565331399509887,0.007786810328980209
2678,17.47894287109375,17.501437459713998,0.02249458862024767
2679,17.419815063476562,17.424445234610175,0.004630171133612748
2680,17.358064651489258,17.35610814341726,0.0019565080719985417
2681,17.341136932373047,17.29083833402001,0.05029859835303796
2682,17.210006713867188,17.245827431565885,0.03582071769869799
2683,17.20905303955078,17.15768338158341,0.051369657967370586
2684,17.135143280029297,17.10918022865826,0.025963051371036272
2685,17.071008682250977,17.04928461401778,0.021724068233197613
2686,17.002105712890625,16.984661641799903,0.01744407109072199
2687,16.932010650634766,16.916872770252667,0.015137880382098956
2688,16.853809356689453,16.85356441919339,0.0002449374960633577
2689,16.8609619140625,16.787698128723605,0.0732637853388951
2690,16.724109649658203,16.761962220130044,0.03785257047184132
2691,16.700029373168945,16.691803343860556,0.008226029308389116
2692,16.63994789123535,16.636477902011393,0.0034699892239586916
2693,16.602039337158203,16.58055832513128,0.021481012026924873
2694,16.541004180908203,16.53013225597988,0.010871924928324006
2695,16.46900177001953,16.456182888703097,0.012818881316434272
2696,16.382932662963867,16.390425186443736,0.007492523479868396
2697,16.3271427154541,16.32049948995018,0.0066432255039217125
2698,16.22915267944336,16.35631914609803,0.12716646665467124
2699,20.99895477294922,16.747024889582462,4.251929883366756
2700,20.93195915222168,20.568462363826256,0.3634967883954232
2701,20.865917205810547,20.789692074231425,0.07622513157912181
2702,20.792007446289062,20.731566212816688,0.060441233472374734
2703,20.7669734954834,20.653780187785742,0.11319330769765656
2704,20.707130432128903,20.65576058203078,0.05136985009812278
2705,20.66302299499512,20.62242969896033,0.040593296034789006
2706,20.54405212402344,20.61826145336454,0.07420932934109814
2707,20.5230712890625,20.526395827346278,0.003324538283777656
2708,20.45297622680664,20.447105989660486,0.005870237146154977
2709,20.374059677124023,20.425876994522696,0.05181731739867246
2710,20.31493186950684,20.35296135181852,0.03802948231168202
2711,20.22790908813477,20.28789455880542,0.05998547067065019
2712,20.16592025756836,20.21360648177506,0.04768622420669999
2713,20.082950592041016,20.1454851426206,0.0625345505795849
2714,20.041942596435547,20.07048822588331,0.02854562944776262
2715,20.022869110107425,20.01151678405222,0.011352326055206419
2716,19.87290382385254,19.967728588198952,0.09482476434641285
2717,19.875049591064453,19.871781855272275,0.003267735792178428
2718,19.818782806396484,19.82182222945994,0.003039423063455615
2719,19.73199844360352,19.77273332022378,0.04073487662025954
2720,19.656896591186523,19.70198843628168,0.04509184509515762
2721,19.60301399230957,19.626357082870527,0.023343090560956625
2722,19.542932510375977,19.566697915706754,0.023765405330777867
2723,19.47188377380371,19.505926389683736,0.03404261588002555
2724,19.38605308532715,19.438461271874985,0.05240818654783652
2725,19.32215690612793,19.362942193311028,0.04078528718309826
2726,19.248008728027344,19.291536395940057,0.043527667912712786
2727,19.238948822021484,19.221967884277547,0.01698093774393783
2728,19.1497802734375,19.179107715444843,0.029327442007343052
2729,19.121170043945312,19.11001075814056,0.011159285804751562
2730,19.055843353271484,19.057363909269043,0.0015205559975584038
2731,18.9669132232666,18.99854663588485,0.03163341261824826
2732,18.90707015991211,18.925744441048664,0.018674281136554782
2733,18.84293556213379,18.86021514269487,0.017279580561080365
2734,18.77117156982422,18.79715036102425,0.025978791200031992
2735,18.70298385620117,18.72951850668869,0.026534650487523237
2736,18.64910125732422,18.660133656567268,0.01103239924304944
2737,18.561124801635746,18.599086303083823,0.03796150144807697
2738,18.501996994018555,18.522982389868048,0.020985395849493216
2739,18.512964248657227,18.45567881377974,0.057285434877485386
2740,18.35799217224121,18.424513997388203,0.06652182514699234
2741,18.34702491760254,18.330438902921742,0.016586014680797234
2742,18.28789710998535,18.27508539236078,0.012811717624572339
2743,18.20206642150879,18.220501383439114,0.01843496193032479
2744,18.15104484558105,18.14966215511049,0.0013826904705602772
2745,18.06306838989257,18.08609146632989,0.023023076437318934
2746,18.0959701538086,18.01348868502828,0.08248146878032259
2747,17.94886589050293,17.989024163398426,0.04015827289549634
2748,17.947912216186523,17.90316121991964,0.04475099626688461
2749,17.85898208618164,17.85727985225094,0.0017022339307004586
2750,17.80104637145996,17.789852773830717,0.011193597629244323
2751,17.692089080810547,17.729427121366825,0.03733804055627843
2752,17.679929733276367,17.644681899128045,0.035247834148322
2753,17.598867416381836,17.597149420907954,0.0017179954738821834
2754,17.532825469970703,17.53236398531044,0.00046148466026352253
2755,17.46511459350586,17.463907581145577,0.0012070123602825333
2756,17.405033111572266,17.39649055718928,0.008542554382984235
2757,17.347097396850586,17.331715594991692,0.015381801858893596
2758,17.277002334594727,17.27075010160206,0.0062522329926650855
2759,17.219066619873047,17.203427170670693,0.015639449202353717
2760,17.147064208984375,17.13999255230192,0.007071656682455796
2761,17.068862915039062,17.070986755470585,0.0021238404315226944
2762,17.053842544555664,16.998136131633146,0.05570641292251821
2763,16.961097717285156,16.951731010180993,0.009366707104163652
2764,16.921043395996094,16.883969201899163,0.037074194096931024
2765,16.852140426635742,16.828757626853985,0.023382799781757058
2766,16.781091690063477,16.775392470322004,0.005699219741472916
2767,16.702890396118164,16.720274988301753,0.01738459218358912
2768,16.643047332763672,16.65446575691476,0.011418424151088402
2769,16.55888557434082,16.594181830498655,0.03529625615783516
2770,16.505002975463867,16.515778503276124,0.010775527812256769
2771,16.43085479736328,16.434225887536513,0.0033710901732320053
2772,16.360044479370117,16.372970658011354,0.01292617864123713
2773,16.30091667175293,16.31594368666356,0.015027014910629077
2774,16.302108764648438,16.42744429824461,0.12533553359617144
2775,16.15619659423828,17.004960263875546,0.8487636696372647
2776,21.125078201293945,19.982362190148706,1.1427160111452395
2777,21.05498313903809,21.186279343964998,0.1312962049269082
2778,20.99204063415528,20.959109456271108,0.03293117788417277
2779,20.946025848388672,20.90877010687109,0.037255741517583374
2780,20.85590362548828,20.836683957440982,0.01921966804729891
2781,20.79296112060547,20.82305680733043,0.030095686724962434
2782,20.73502540588379,20.751235090301634,0.016209684417844983
2783,20.651817321777344,20.725858293644706,0.0740409718673618
2784,20.660877227783203,20.632286089949048,0.028591137834155234
2785,20.520925521850582,20.569174219872366,0.048248698021783554
2786,20.520925521850582,20.51927056390923,0.0016549579413513982
2787,20.44510841369629,20.470516803470673,0.025408389774383977
2788,20.38097381591797,20.413867942806974,0.03289412688900484
2789,20.29991149902344,20.348568556528335,0.048657057504893686
2790,20.23100852966309,20.276996525353752,0.045987995690662586
2791,20.123958587646484,20.208863791140175,0.08490520349369035
2792,20.10488510131836,20.123673658872576,0.018788557554216823
2793,20.120859146118164,20.06962689347347,0.05123225264469511
2794,19.997119903564453,20.049140588071168,0.05202068450671504
2795,19.99497413635254,19.968678735040157,0.026295401312381728
2796,19.91891860961914,19.924453840303613,0.005535230684472481
2797,19.849061965942383,19.87059375278477,0.0215317868423881
2798,19.75703239440918,19.80719801167652,0.05016561726733926
2799,19.714832305908203,19.730943951799418,0.01611164589121472
2800,19.61088180541992,19.675394379191857,0.06451257377193897
2801,19.58203315734864,19.595725823364774,0.013692666016133614
2802,19.48881149291992,19.54044504009289,0.05163354717297253
2803,19.520044326782227,19.46763496925996,0.052409357522265054
2804,19.37198638916016,19.43996541967863,0.06797903051846887
2805,19.359111785888672,19.353114625118906,0.005997160769766197
2806,19.275903701782227,19.299848756418214,0.023945054635987617
2807,19.2108154296875,19.234915687775356,0.024100258087855764
2808,19.1650390625,19.16989548044512,0.004856417945120484
2809,19.08707618713379,19.11361159682201,0.02653540968822199
2810,19.01507377624512,19.046035544761253,0.030961768516132082
2811,18.945932388305664,18.97638056470896,0.03044817640329711
2812,18.861055374145508,18.906504218875853,0.04544884473034472
2813,18.803119659423828,18.833025693766103,0.029906034342275234
2814,18.73087882995605,18.763644697855852,0.03276586789980129
2815,18.72706413269043,18.69472101247993,0.032343120210498455
2816,18.57900619506836,18.653553177500726,0.07454698243236635
2817,18.58305931091309,18.558555083245665,0.02450422766742477
2818,18.515825271606445,18.510782973635287,0.005042297971158405
2819,18.45693588256836,18.45420784570706,0.002728036861299188
2820,18.3718204498291,18.394213864894482,0.022393415065380395
2821,18.31316947937012,18.3200125914027,0.006843112032580478
2822,18.253087997436523,18.255649778438965,0.002561781002441421
2823,18.17607879638672,18.194065851730556,0.01798705534383771
2824,18.107891082763672,18.124193024959823,0.016301942196150776
2825,18.03302764892578,18.055777760309866,0.022750111384084448
2826,17.95220375061035,17.982090940222406,0.0298871896120545
2827,17.950057983398438,17.907359293758418,0.04269868964001944
2828,17.828941345214844,17.865571601078045,0.036630255863201455
2829,17.824888229370117,17.78341540330075,0.04147282606936642
2830,17.821073532104492,17.73558196146041,0.08549157064408064
2831,17.724990844726562,17.70775958402737,0.017231260699190898
2832,17.65584945678711,17.643331081899305,0.012518374887804384
2833,17.580032348632812,17.574085988826482,0.0059463598063302925
2834,17.542123794555664,17.507273740875462,0.03485005368020211
2835,17.457962036132812,17.456946289257758,0.0010157468750549015
2836,17.374038696289062,17.389188837910297,0.01515014162123407
2837,17.308950424194336,17.313913663883795,0.004963239689459442
2838,17.251014709472656,17.24298394537982,0.008030764092836762
2839,17.26818084716797,17.180627416905736,0.08755343026223272
2840,17.132043838500977,17.152749320985095,0.020705482484117965
2841,17.100811004638672,17.067214069243164,0.0335969353955079
2842,17.042875289916992,17.00594266878852,0.03693262112847151
2843,16.94202423095703,16.94938890659614,0.007364675639109919
2844,16.90196990966797,16.875259773883045,0.026710135784924205
2845,16.86406135559082,16.816351004877106,0.04771035071371443
2846,16.778945922851562,16.778953677658137,7.754806574666873e-06
2847,16.69907569885254,16.720674569455696,0.021598870603156684
2848,16.592979431152344,16.652826208996885,0.059846777844541066
2849,16.602039337158203,16.569620241398297,0.03241909575990576
2850,16.47496223449707,16.525317801608708,0.050355567111637356
2851,16.458988189697266,16.421692181324943,0.03729600837232283
2852,16.366958618164062,16.374835027932022,0.007876409767959558
2853,16.33000373840332,16.31506133414007,0.014942404263251774
2854,16.223907470703125,16.43037090133248,0.20646343062935557
2855,16.223907470703125,17.006644219009104,0.7827367483059788
2856,21.14105224609375,20.13912100210291,1.001931243990839
2857,21.06308937072754,21.110888627390523,0.04779925666298368
2858,21.00801467895508,20.926935506849986,0.08107917210509541
2859,20.92909812927246,20.942061777532217,0.012963648259756155
2860,20.95794677734375,20.83410264140184,0.12384413594190846
2861,20.786046981811523,20.870287316483882,0.08424033467235859
2862,20.798921585083008,20.776841128736123,0.022080456346884603
2863,20.70903778076172,20.76180735912203,0.05276957836031215
2864,20.646095275878903,20.682045296780416,0.03595002090151311
2865,20.596981048583984,20.58504653177806,0.011934516805922613
2866,20.524978637695312,20.56456190211975,0.03958326442443649
2867,20.45297622680664,20.500096366049547,0.04712013924290659
2868,20.35307884216309,20.430802676401072,0.07772383423798246
2869,20.29705047607422,20.347996792679623,0.05094631660540472
2870,20.23005485534668,20.28199728056279,0.05194242521611159
2871,20.17807960510254,20.212760901358706,0.034681296256167116
2872,20.184993743896484,20.151508771959925,0.033484971936559305
2873,20.02096176147461,20.11821944734038,0.09725768586577033
2874,20.04599571228028,20.019687711737788,0.026308000542492493
2875,19.899845123291016,19.9799719089242,0.08012678563318332
2876,19.895076751708984,19.895308630566433,0.00023187885744846426
2877,19.82593536376953,19.846293454065744,0.02035809029621305
2878,19.757986068725582,19.78686956135789,0.02888349263230694
2879,19.688844680786133,19.722327611361834,0.033482930575701175
2880,19.61994171142578,19.653174349059555,0.033232637633773265
2881,19.578933715820312,19.587417484672187,0.008483768851874629
2882,19.50979232788086,19.53511852025258,0.025326192371721845
2883,19.42300796508789,19.469600952106703,0.04659298701881198
2884,19.359111785888672,19.39646846813048,0.03735668224180699
2885,19.28400993347168,19.32543703196643,0.04142709849475068
2886,19.28281784057617,19.256759680956748,0.026058159619420707
2887,19.14501190185547,19.217900518469833,0.07288861661436385
2888,19.132137298583984,19.12877037693761,0.0033669216463749763
2889,19.068002700805664,19.07477857594131,0.0067758751356450375
2890,19.006967544555664,19.016824645859742,0.009857101304078242
2891,18.932104110717773,18.956521322706976,0.02441721198920277
2892,18.863916397094727,18.886960016743615,0.023043619648888125
2893,18.78499984741211,18.81927001409167,0.03427016667956195
2894,18.735170364379883,18.747399365338424,0.012229000958541292
2895,18.67294311523437,18.68605138338353,0.013108268149156999
2896,18.67008209228516,18.624890079308898,0.045192012976261964
2897,18.57805252075196,18.586160954555453,0.008108433803492687
2898,18.47386360168457,18.520384316389027,0.04652071470445662
2899,18.414974212646484,18.434666659914,0.0196924472675164
2900,18.339157104492188,18.365985957416342,0.02682885292415449
2901,18.2790756225586,18.297395912668435,0.018320290109834048
2902,18.203020095825195,18.231366572308616,0.0283464764834207
2903,18.16391944885254,18.15832240004056,0.005597048811978311
2904,18.167972564697266,18.100487447782143,0.06748511691512249
2905,18.014907836914062,18.068792761141594,0.05388492422753188
2906,18.045902252197266,17.976565006847522,0.06933724534974317
2907,17.901897430419922,17.94111598337622,0.03921855295629939
2908,17.919063568115234,17.85620301916424,0.06286054895099369
2909,17.815113067626953,17.82030372328336,0.005190655656406307
2910,17.74907112121582,17.750403079162425,0.0013319579466042342
2911,17.678022384643555,17.68266967474119,0.004647290097636869
2912,17.616987228393555,17.61295168671495,0.004035541678604204
2913,17.551183700561523,17.550540947922855,0.0006427526386687532
2914,17.47894287109375,17.48529250426145,0.0063496331677015405
2915,17.400026321411133,17.414063581668415,0.014037260257282469
2916,17.39192008972168,17.340882082180542,0.05103800754113763
2917,17.268896102905273,17.29637557866681,0.027479475761538197
2918,17.260074615478516,17.214295375879374,0.045779239599141874
2919,17.173051834106445,17.163920668281207,0.009131165825237986
2920,17.14611053466797,17.096281943395297,0.049828591272671474
2921,17.061948776245117,17.046401831635194,0.01554694460992323
2922,16.9827938079834,16.97783516351592,0.0049586444674787344
2923,16.92986488342285,16.90669597701344,0.02316890640940983
2924,16.8609619140625,16.846085071051675,0.014876843010824814
2925,16.79396629333496,16.79038099484842,0.003585298486541433
2926,16.735076904296875,16.73295023203991,0.002126672256963502
2927,16.646862030029297,16.67790128794877,0.03103925791947404
2928,16.644001007080078,16.608698758773244,0.03530224830683437
2929,16.561031341552734,16.56528911348687,0.004257771934135235
2930,16.578197479248047,16.49691339639503,0.08128408285301703
2931,16.449928283691406,16.455166131038368,0.005237847346961644
2932,16.427993774414062,16.380646089146467,0.04734768526759581
2933,16.349077224731445,16.33922685067546,0.009850374055986322
2934,16.309022903442383,16.36923770786325,0.06021480442086613
2935,16.211986541748047,17.486459324800308,1.2744727830522606
2936,21.113157272338867,19.970958417161455,1.142198855177412
2937,21.103858947753903,20.805652195122093,0.29820675263180974
2938,21.079063415527344,20.899311537505127,0.17975187802221626
2939,20.97010612487793,20.920865291827795,0.049240833050134825
2940,20.910024642944336,20.833420948747516,0.07660369419681956
2941,20.850181579589844,20.825563385187706,0.024618194402137306
2942,20.77198028564453,20.77951226465302,0.0075319790084904525
2943,20.71714401245117,20.757768480962113,0.04062446851094492
2944,20.637989044189453,20.680954387444217,0.042965343254763866
2945,20.550012588500977,20.5848591836002,0.03484659509922494
2946,20.51401138305664,20.544713384879287,0.030702001822646707
2947,20.46680450439453,20.487971017701057,0.021166513306525303
2948,20.36595344543457,20.434878756077524,0.06892531064295326
2949,20.37191390991211,20.353031733066018,0.01888217684609117
2950,20.23005485534668,20.313798879669775,0.0837440243230958
2951,20.210981369018555,20.226921608355042,0.01594023933648714
2952,20.13778686523437,20.16941443162068,0.031627566386308814
2953,20.077943801879883,20.109546131607203,0.031602329727320466
2954,19.98114585876465,20.045927181399747,0.06478132263509906
2955,19.96302604675293,19.965055776538065,0.0020297297851357143
2956,19.8822021484375,19.916529246984283,0.03432709854678251
2957,19.8209285736084,19.8524524835193,0.03152390991090215
2958,19.75107192993164,19.785287323884404,0.03421539395276341
2959,19.685029983520508,19.719516718396335,0.034486734875827096
2960,19.60897445678711,19.65247154203098,0.04349708524387097
2961,19.546031951904297,19.58289599224372,0.03686404033942381
2962,19.46401596069336,19.51583070695051,0.051814746257150546
2963,19.452810287475582,19.44196759859551,0.01084268888007145
2964,19.392967224121094,19.39618292135492,0.003215697233827086
2965,19.30999755859375,19.34246828841424,0.032470729820488486
2966,19.264936447143555,19.27066232337893,0.005725876235374017
2967,19.18792724609375,19.211891635677603,0.023964389583852608
2968,19.132137298583984,19.146360326431022,0.014223027847037883
2969,19.03915405273437,19.085346822976135,0.04619277024176327
2970,18.997907638549805,19.008955687240814,0.011048048691009171
2971,18.94998550415039,18.95010506655126,0.00011956240086874459
2972,18.85581016540528,18.895059390160895,0.039249224755614875
2973,18.808841705322266,18.82045057573123,0.011608870408963412
2974,18.71514320373535,18.75753811918912,0.0423949154537695
2975,18.71490478515625,18.680806807424233,0.03409797773201717
2976,18.563032150268555,18.640945382458085,0.07791323218953039
2977,18.57304573059082,18.545392952091788,0.027652778499032138
2978,18.510103225708008,18.500151215903315,0.009952009804692352
2979,18.419981002807617,18.445581785954346,0.025600783146728645
2980,18.35918426513672,18.372177999026462,0.012993733889743453
2981,18.27692985534668,18.30345422990831,0.026524374561631703
2982,18.21112632751465,18.231028742320632,0.019902414805983426
2983,18.224000930786133,18.162634089321728,0.0613668414644053
2984,18.15414428710937,18.130659888583978,0.023484398525393857
2985,18.018007278442383,18.077979022109503,0.05997174366711988
2986,18.02897453308105,17.97883899143926,0.05013554164179013
2987,17.956018447875977,17.93811656921207,0.017901878663906245
2988,17.882108688354492,17.884064106283404,0.001955417928911629
2989,17.824888229370117,17.816119055396484,0.00876917397363286
2990,17.74311065673828,17.752569313415734,0.009458656677452382
2991,17.674922943115234,17.682300005617435,0.007377062502200715
2992,17.671823501586914,17.61301335409371,0.05881014749320457
2993,17.544031143188477,17.576245017380643,0.03221387419216626
2994,17.533063888549805,17.492496611453134,0.040567277096670296
2995,17.44699478149414,17.440567064795687,0.006427716698453878
2996,17.41504669189453,17.37521304926304,0.039833642631492694
2997,17.34304428100586,17.32410185218214,0.018942428823720547
2998,17.259836196899414,17.260832462170583,0.00099626527116925
2999,17.213106155395508,17.18876985694351,0.024336298451999028
3000,17.140865325927734,17.128883039958964,0.011982285968770157
3001,17.06218719482422,17.06367950623644,0.00149231141222117
3002,17.019033432006836,16.990951630646123,0.028081801360713143
3003,16.94798469543457,16.93065333472532,0.017331360709249566
3004,16.88098907470703,16.869241087988485,0.0117479867185466
3005,16.811132431030273,16.805510700805826,0.005621730224447674
3006,16.806840896606445,16.747833184695082,0.059007711911363
3007,16.67308807373047,16.718448678716413,0.04536060498594452
3008,16.670942306518555,16.642067262296223,0.02887504422233178
3009,16.595125198364258,16.597168886050895,0.0020436876866369857
3010,16.523122787475586,16.535429617874797,0.012306830399211321
3011,16.46113395690918,16.454529159801723,0.006604797107456761
3012,16.387939453125,16.387850803795345,8.864932965479966e-05
3013,16.30997657775879,16.325500873563215,0.015524295804425492
3014,16.310930252075195,16.36388037528036,0.052950123205164346
3015,16.15619659423828,16.761002772909706,0.6048061786714243
3016,21.14510536193848,19.183445546332223,1.9616598156062572
3017,21.0878849029541,21.07077734899576,0.01710755395833985
3018,20.99299430847168,20.987976492506277,0.005017815965402406
3019,20.926952362060547,20.92332997608537,0.003622385975177167
3020,20.89691162109375,20.821940091536817,0.07497152955693309
3021,20.798921585083008,20.828768413139187,0.02984682805617922
3022,20.72620391845703,20.760762030022306,0.034558111565274885
3023,20.65682411193848,20.724474129110604,0.06765001717212371
3024,20.59602737426757,20.634276203509216,0.03824882924164541
3025,20.518064498901367,20.544131901715446,0.026067402814078378
3026,20.513057708740234,20.507472655936,0.005585052804235602
3027,20.38002014160156,20.46522983118848,0.08520968958692166
3028,20.370960235595703,20.3774081105621,0.006447874966397649
3029,20.30611038208008,20.32514768825422,0.01903730617413757
3030,20.240068435668945,20.271512820727366,0.031444385058421176
3031,20.22719383239746,20.206012010021368,0.021181822376092896
3032,20.14088630676269,20.165432528756355,0.02454622199366341
3033,20.084142684936523,20.102552581647615,0.018409896711091278
3034,19.987106323242188,20.040728688400122,0.05362236515793484
3035,20.00594139099121,19.96546331747595,0.040478073515259894
3036,19.85502243041992,19.937530340939702,0.08250791051978368
3037,19.85716819763184,19.846971795232093,0.010196402399746063
3038,19.77801322937012,19.800451131231966,0.022437901861845688
3039,19.714832305908203,19.740562051993038,0.025729746084834915
3040,19.68693733215332,19.676772511047602,0.010164821105718147
3041,19.60611343383789,19.629159932264884,0.023046498426992912
3042,19.51289176940918,19.56578798672126,0.05289621731208172
3043,19.42896842956543,19.487080302496906,0.05811187293147668
3044,19.37389373779297,19.408040485814126,0.03414674802115769
3045,19.34504508972168,19.346631506778067,0.0015864170563872904
3046,19.25492286682129,19.29564833653785,0.04072546971656266
3047,19.23799514770508,19.224293481784116,0.013701665920965667
3048,19.12784576416016,19.174948183717788,0.047102419557628394
3049,19.077062606811523,19.096224412351148,0.019161805539624766
3050,18.983125686645508,19.032313212392182,0.04918752574667451
3051,18.985986709594727,18.955110346269066,0.03087636332566035
3052,18.84794235229492,18.916435348046434,0.0684929957515159
3053,18.870115280151367,18.82754869211567,0.04256658803569735
3054,18.7680721282959,18.79023674405289,0.022164615756992134
3055,18.699169158935547,18.721893871543216,0.022724712607669062
3056,18.62502098083496,18.650866959887935,0.025845979052974144
3057,18.558979034423828,18.580712608127214,0.021733573703386355
3058,18.491029739379883,18.513632073563713,0.022602334183829953
3059,18.40519905090332,18.446266997671046,0.041067946767725516
3060,18.33796501159668,18.368409921095008,0.030444909498328343
3061,18.34988594055176,18.297526955848298,0.05235898470346356
3062,18.2039737701416,18.262251204305358,0.05827743416375597
3063,18.21184158325196,18.17348268832575,0.03835889492621192
3064,18.12100410461425,18.126491642988185,0.005487538373934342
3065,18.0659294128418,18.06024931556749,0.00568009727431118
3066,18.011093139648438,17.998357554688482,0.012735584959955304
3067,17.93813705444336,17.93862566023563,0.0004886057922703912
3068,17.8530216217041,17.873901389293678,0.02087976758957666
3069,17.782926559448242,17.798078498344694,0.015151938896451611
3070,17.71092414855957,17.72695975591887,0.01603560735929932
3071,17.724037170410156,17.65757842485982,0.06645874555033515
3072,17.57502555847168,17.62378905823425,0.04876349976257188
3073,17.564058303833008,17.532951920088635,0.03110638374437258
3074,17.518043518066406,17.47743091891607,0.04061259915033588
3075,17.45009422302246,17.428419931775352,0.021674291247109068
3076,17.374038696289062,17.368589084640007,0.005449611649055441
3077,17.323970794677734,17.297739885634655,0.02623090904307901
3078,17.253875732421875,17.23921821348995,0.014657518931926461
3079,17.173051834106445,17.17581778029853,0.0027659461920848116
3080,17.115116119384766,17.10322597512004,0.011890144264725677
3081,17.038822174072266,17.03820492991781,0.0006172441544549656
3082,16.956090927124023,16.96605518600336,0.00996425887933583
3083,16.97087287902832,16.89189413036729,0.07897874866102939
3084,16.820907592773438,16.85834682496079,0.0374392321873529
3085,16.812801361083984,16.779044670556686,0.033756690527297906
3086,16.746997833251953,16.731332971517077,0.015664861734876467
3087,16.694068908691406,16.682986416867607,0.0110824918237995
3088,16.618967056274414,16.634510075846265,0.015543019571850891
3089,16.568899154663086,16.565954425743712,0.002944728919374029
3090,16.48712158203125,16.504751647005378,0.01763006497412789
3091,16.441822052001953,16.41712414510721,0.024697906894743937
3092,16.354799270629883,16.365453249534312,0.010653978904429096
3093,16.299962997436523,16.314197729002444,0.01423473156592081
3094,16.227006912231445,16.465646485301022,0.23863957306957673
3095,16.14999771118164,17.361608856845123,1.2116111456634826
3096,21.14796638488769,20.422126679477515,0.7258397054101771
3097,21.06595039367676,21.200941768711346,0.13499137503458414
3098,20.99394798278809,20.974345655758952,0.019602327029137
3099,20.94697952270508,20.93179315352245,0.01518636918263283
3100,20.86186408996582,20.86130130692254,0.0005627830432786141
3101,20.790815353393555,20.842983414240734,0.05216806084717973
3102,20.827054977416992,20.764839785442746,0.06221519197424641
3103,20.64990997314453,20.780029064098926,0.13011909095439478
3104,20.65896987915039,20.662010771957284,0.0030408928068936802
3105,20.59316635131836,20.574569110067387,0.01859724125097273
3106,20.520925521850582,20.56090073665473,0.039975214804147896
3107,20.43890953063965,20.492478098731226,0.05356856809157762
3108,20.374059677124023,20.418859648998477,0.04479997187445406
3109,20.300865173339844,20.35305820982103,0.05219303648118512
3110,20.24698257446289,20.283699836454616,0.036717261991725536
3111,20.175933837890625,20.220126131334837,0.04419229344421183
3112,20.112037658691406,20.154324021859793,0.04228636316838674
3113,20.032167434692383,20.084580562524934,0.052413127832551254
3114,20.03192901611328,20.012974681321793,0.01895433479148778
3115,19.88387107849121,19.97401597964199,0.09014490115077933
3116,19.870996475219727,19.881402971805073,0.010406496585346758
3117,19.81210708618164,19.825312133889383,0.013205047707742779
3118,19.76799964904785,19.771549239521846,0.0035495904739946127
3119,19.68598365783692,19.719090073976986,0.03310641614006471
3120,19.62494850158692,19.648759769097524,0.023811267510602363
3121,19.55509185791016,19.58483449288906,0.029742634978898508
3122,19.46592330932617,19.520005655522255,0.054082346196086206
3123,19.4242000579834,19.443768353085034,0.019568295101635158
3124,19.320011138916016,19.386140857932332,0.06612971901631681
3125,19.262075424194336,19.303410382690345,0.04133495849600877
3126,19.24896240234375,19.234236006013816,0.014726396329933777
3127,19.114971160888672,19.190400889328885,0.07542972844021278
3128,19.12403106689453,19.101444019725022,0.022587047169508878
3129,19.04892921447754,19.05636181436421,0.007432599886669777
3130,18.97883415222168,18.997479186964483,0.018645034742803546
3131,18.945932388305664,18.930880596371935,0.015051791933728964
3132,18.8899040222168,18.87887220595985,0.011031816256949156
3133,18.79811286926269,18.826608264589595,0.02849539532690315
3134,18.748998641967773,18.752687678215807,0.003689036248033517
3135,18.693923950195312,18.69207836421083,0.0018455859844834777
3136,18.66006851196289,18.636858242871313,0.023210269091578084
3137,18.533945083618164,18.58779614553896,0.05385106192079547
3138,18.524169921875,18.50230806599029,0.021861855884708348
3139,18.464088439941406,18.452566957193994,0.011521482747411937
3140,18.41115951538086,18.398604649291883,0.012554866088976269
3141,18.2797908782959,18.342986538755213,0.06319566045931424
3142,18.25714111328125,18.24937730111742,0.007763812163830153
3143,18.19109916687012,18.192561368778115,0.0014622019079943982
3144,18.141984939575195,18.13320584642497,0.008779093150224071
3145,18.069982528686523,18.075735703632745,0.005753174946221407
3146,17.98701286315918,18.00867376982751,0.021660906668330426
3147,17.92597770690918,17.932828759057884,0.006851052148704184
3148,17.8680419921875,17.866548894971856,0.0014930972156435018
3149,17.781972885131836,17.804686794761437,0.022713909629601403
3150,17.7001953125,17.730141658603316,0.02994634610331559
3151,17.66800880432129,17.65045818865474,0.017550615666550584
3152,17.592906951904297,17.59548574227665,0.0025787903723539785
3153,17.57502555847168,17.528926196519024,0.04609936195265618
3154,17.507076263427734,17.48230842315479,0.02476784027294343
3155,17.377138137817383,17.422606440732125,0.0454683029147418
3156,17.364025115966797,17.328635577541718,0.03538953842507908
3157,17.3032283782959,17.276291786970432,0.026936591325465997
3158,17.23003387451172,17.222323111241167,0.007710763270551979
3159,17.158031463623047,17.15480847519757,0.0032229884254775243
3160,17.094850540161133,17.08247800229401,0.012372537867122446
3161,17.036914825439453,17.016989089370327,0.019925736069126287
3162,16.973018646240234,16.95381513297889,0.019203513261345506
3163,16.913890838623047,16.891672429437676,0.022218409185370547
3164,16.83187484741211,16.83139172882875,0.00048311858336091973
3165,16.77107810974121,16.76812267396599,0.002955435775220394
3166,16.754865646362305,16.712660658981804,0.042204987380500825
3167,16.622066497802734,16.676630655069857,0.05456415726712294
3168,16.622066497802734,16.595823933926113,0.026242563876621716
3169,16.55101776123047,16.548532762840296,0.002484998390173132
3170,16.483068466186523,16.477516911095336,0.005551555091187765
3171,16.41988754272461,16.405357028929757,0.014530513794852595
3172,16.340017318725586,16.34396845207675,0.003951133351165481
3173,16.2661075592041,16.326662708763706,0.060555149559604615
3174,16.268014907836914,16.57755593652155,0.3095410286846345
3175,21.192073822021484,18.678484728980038,2.513589093041446
3176,21.143198013305664,21.082417066736525,0.060780946569138905
3177,21.04687690734864,20.934048034632724,0.1128288727159159
3178,20.987987518310547,20.938013850354764,0.04997366795578273
3179,20.90620994567871,20.86009912818554,0.04611081749317236
3180,20.84493637084961,20.83894989846158,0.005986472388030961
3181,20.83706855773925,20.78678532870981,0.05028322902943927
3182,20.69306373596192,20.793280177258566,0.10021644129664509
3183,20.70307731628418,20.691571231054695,0.011506085229484597
3184,20.62511444091797,20.613608582607412,0.011505858310556505
3185,20.54286003112793,20.598368361333996,0.0555083302060666
3186,20.49112319946289,20.523190464246,0.03206726478310884
3187,20.43008804321289,20.46101634050501,0.030928297292120988
3188,20.36595344543457,20.40195407334977,0.03600062791520031
3189,20.29109001159668,20.337350455974956,0.04626044437827659
3190,20.216941833496094,20.26761101842567,0.05066918492957484
3191,20.148038864135746,20.197875602661952,0.0498367385262064
3192,20.07699012756348,20.127053969645203,0.05006384208172321
3193,20.06220817565918,20.058317297298345,0.003890878360834904
3194,19.926071166992188,20.013061484860373,0.08699031786818523
3195,19.91605758666992,19.92200993527149,0.0059523486015713445
3196,19.86098289489746,19.86905575495257,0.008072860055108322
3197,19.79207992553711,19.81755410952246,0.025474183985352283
3198,19.73104476928711,19.75415535207503,0.023110582787921885
3199,19.6528434753418,19.688951818352507,0.036108343010706534
3200,19.627094268798828,19.620763449438527,0.006330819360300666
3201,19.546031951904297,19.573240690533567,0.027208738629269646
3202,19.49405670166016,19.508054919697315,0.013998218037155397
3203,19.477128982543945,19.449116657597187,0.02801232494675787
3204,19.339799880981445,19.40714764941731,0.06734776843586587
3205,19.357919692993164,19.32142094392475,0.03649874906841433
3206,19.25516128540039,19.284061237158312,0.02889995175792137
3207,19.196033477783203,19.2165207108701,0.020487233086896595
3208,19.13285255432129,19.1515655224066,0.018712968085310422
3209,19.06299591064453,19.08715696163199,0.02416105098745902
3210,19.00601387023925,19.0228016895162,0.01678781927694928
3211,18.92399787902832,18.959799748245132,0.03580186921681161
3212,18.879175186157227,18.887868605133917,0.008693418976690737
3213,18.815994262695312,18.82944077465254,0.013446511957226903
3214,18.716812133789062,18.765479302373933,0.048667168584870524
3215,18.650054931640625,18.686477022356485,0.03642209071585967
3216,18.58711242675781,18.612100801192355,0.024988374434546046
3217,18.568038940429688,18.545599236176713,0.02243970425297448
3218,18.4481143951416,18.500144680501762,0.05203028536016063
3219,18.4328556060791,18.415339299053812,0.01751630702528928
3220,18.374919891357425,18.36262609072037,0.012293800637056762
3221,18.30005645751953,18.30709595674307,0.0070394992235378595
3222,18.24593544006348,18.24115878230259,0.00477665776088898
3223,18.16987991333008,18.179331537567123,0.009451624237041045
3224,18.133878707885746,18.11178816251413,0.022090545371614922
3225,18.043041229248047,18.05921873301486,0.01617750376681215
3226,18.02396774291992,17.987606651558963,0.036361091360955555
3227,17.911911010742188,17.941011752100167,0.029100741357979132
3228,17.904996871948242,17.860833602526327,0.044163269421915174
3229,17.81916618347168,17.816734221014485,0.0024319624571944587
3230,17.777204513549805,17.751426791164704,0.025777722385100788
3231,17.72594451904297,17.695797117994516,0.030147401048452593
3232,17.679929733276367,17.64104402650446,0.03888570677190728
3233,17.593860626220703,17.589968857919303,0.003891768301400589
3234,17.543792724609375,17.52095434721923,0.02283837739014416
3235,17.4410343170166,17.461462335518263,0.020428018501661427
3236,17.39215850830078,17.38380752124158,0.008350987059202453
3237,17.315149307250977,17.320067666105388,0.0049183588544110535
3238,17.27294921875,17.251526217933133,0.02142300081686699
3239,17.199993133544922,17.193444093436483,0.0065490401084389305
3240,17.129182815551758,17.125717056842404,0.003465758709353395
3241,17.066001892089844,17.055076152814763,0.01092573927508056
3242,17.077922821044922,16.987546351288074,0.09037646975684765
3243,16.917943954467773,16.957357488195157,0.039413533727383765
3244,16.913890838623047,16.865147580574558,0.048743258048489224
3245,16.843080520629883,16.815432194448476,0.027648326181406446
3246,16.775846481323242,16.76855225093732,0.0072942303859235835
3247,16.69788360595703,16.715510429207825,0.017626823250793677
3248,16.685009002685547,16.64704438951503,0.037964613170515804
3249,16.549110412597656,16.61093646350764,0.0618260509099855
3250,16.585826873779297,16.51896199791736,0.06686487586193834
3251,16.41702651977539,16.48264267680588,0.06561615703049029
3252,16.43204689025879,16.382010165699512,0.05003672455927699
3253,16.35909080505371,16.347336320450268,0.011754484603443416
3254,16.282081604003906,16.364093781277234,0.08201217727332732
3255,16.190052032470703,16.72155207279502,0.5315000403243175
3256,21.10600471496582,19.18439803921501,1.9216066757508088
3257,21.058082580566406,21.041853672613797,0.016228907952609006
3258,20.99323272705078,20.929257082570984,0.06397564447979676
3259,20.92790603637696,20.88701660386505,0.040889432511910684
3260,20.87187767028809,20.803678839001805,0.0681988312862849
3261,20.792007446289062,20.80459245462407,0.012585008335008752
3262,20.802021026611328,20.73377551369049,0.06824551292083925
3263,20.650863647460938,20.74686843661766,0.09600478915672284
3264,20.639896392822266,20.64732957887827,0.00743318605600507
3265,20.56503295898437,20.562043594054558,0.0029893649298138314
3266,20.5080509185791,20.540943296055048,0.03289237747594598
3267,20.42698860168457,20.477988275615644,0.05099967393107363
3268,20.3549861907959,20.406727932822832,0.051741742026933935
3269,20.26820182800293,20.33615430991631,0.06795248191338032
3270,20.298004150390625,20.259507790797215,0.03849635959340958
3271,20.23911476135254,20.232134512752964,0.006980248599575134
3272,20.1108455657959,20.187045939564996,0.0762003737690975
3273,20.10703086853028,20.092879517051188,0.014151351479092966
3274,20.05195617675781,20.04967313951056,0.002283037247249098
3275,19.96302604675293,20.003876396913256,0.04085035016032634
3276,19.910097122192383,19.93270754974219,0.022610427549807355
3277,19.824981689453125,19.869159986228624,0.04417829677549889
3278,19.7451114654541,19.799569354745472,0.05445788929137052
3279,19.68312263488769,19.724577800388943,0.041455165501250946
3280,19.633054733276367,19.65892081034326,0.025866077066893922
3281,19.620180130004883,19.599830055540224,0.020350074464658974
3282,19.471168518066406,19.55743976532176,0.08627124725535396
3283,19.470930099487305,19.463022986656142,0.007907112831162522
3284,19.393205642700195,19.413362648720067,0.020157006019871915
3285,19.320964813232425,19.352679937128414,0.03171512389598874
3286,19.24610137939453,19.285416914044617,0.03931553465008619
3287,19.198894500732425,19.212304203847452,0.013409703115026872
3288,19.12403106689453,19.153800629737816,0.029769562843284803
3289,19.04606819152832,19.086483312548808,0.04041512102048728
3290,18.98503303527832,19.01322414232709,0.02819110704876948
3291,18.98407936096192,18.947184077205748,0.03689528375617357
3292,18.8448429107666,18.90878272797636,0.06393981720975717
3293,18.85294914245605,18.821631304945186,0.03131783751086559
3294,18.78023147583008,18.777369878989703,0.0028615968403791214
3295,18.688201904296875,18.720372296002097,0.032170391705221846
3296,18.64814758300781,18.64506000424626,0.00308757876154786
3297,18.56398582458496,18.58710238752792,0.023116562942959717
3298,18.49198341369629,18.518570993819594,0.026587580123305088
3299,18.413066864013672,18.447442867227437,0.034376003213765216
3300,18.341779708862305,18.372882816947822,0.031103108085517306
3301,18.35489273071289,18.302447275345912,0.05244545536697842
3302,18.244028091430664,18.267232856032933,0.02320476460226928
3303,18.25523376464844,18.1944931664475,0.060740598200940354
3304,18.10288429260254,18.156741335587867,0.05385704298532801
3305,18.11695098876953,18.063875793131956,0.053075195637575234
3306,17.975807189941406,18.024893295887523,0.04908610594611673
3307,17.962932586669922,17.937654734168973,0.02527785250094894
3308,17.92001724243164,17.88691052502145,0.03310671741019178
3309,17.824888229370117,17.837964891896263,0.01307666252614581
3310,17.748117446899414,17.765212131507724,0.017094684608309763
3311,17.663002014160156,17.68947570894852,0.02647369478836481
3312,17.628908157348633,17.612012599784066,0.016895557564566843
3313,17.60697364807129,17.55789159892629,0.04908204914499947
3314,17.485857009887695,17.514349402290463,0.02849239240276802
3315,17.468929290771484,17.43136815196067,0.037561138810815464
3316,17.39192008972168,17.376758755517585,0.0151613342040946
3317,17.333030700683594,17.31498010735777,0.018050593325824593
3318,17.24696159362793,17.253354957347256,0.006393363719325862
3319,17.179012298583984,17.17851949854321,0.0004928000407744548
3320,17.116069793701172,17.108888732991545,0.007181060709626763
3321,17.03810691833496,17.041763037127566,0.0036561187926054117
3322,16.978025436401367,16.969223347587103,0.008802088814263698
3323,16.91603660583496,16.903199118246448,0.012837487588512886
3324,16.842126846313477,16.839434797248032,0.002692049065444735
3325,16.760826110839844,16.77808748559073,0.017261374750887626
3326,16.731977462768555,16.713135983764005,0.01884147900454991
3327,16.731977462768555,16.666396551386242,0.06558091138231248
3328,16.59107208251953,16.640240868923684,0.04916878640415234
3329,16.581058502197266,16.559482660568392,0.021575841628873604
3330,16.516923904418945,16.50342408072447,0.01349982369447389
3331,16.453981399536133,16.425694360691523,0.028287038844609924
3332,16.412019729614258,16.37558062927269,0.03643910034156761
3333,16.356945037841797,16.330887845867892,0.026057191973904992
3334,16.26110076904297,16.412235832319766,0.15113506327679715
3335,16.222000122070312,17.71352263517656,1.491522513106247
3336,21.17705345153809,20.05185328243897,1.12520016909912
3337,21.13199234008789,21.086531018227106,0.045461321860784665
3338,21.066904067993164,20.917626413847756,0.14927765414540772
3339,21.00801467895508,20.953598604592116,0.05441607436296536
3340,20.920991897583008,20.875665114090225,0.04532678349278285
3341,20.85399627685547,20.857728285591293,0.0037320087358239107
3342,20.77889442443848,20.796704727672477,0.017810303233996905
3343,20.719051361083984,20.770955245552614,0.05190388446862926
3344,20.62416076660156,20.693788910648436,0.06962814404687734
3345,20.589828491210938,20.58376157128805,0.006066919922886882
3346,20.56288719177246,20.56471841660823,0.0018312248357688077
3347,20.459890365600582,20.520643668533012,0.06075330293242942
3348,20.42698860168457,20.442746038952464,0.015757437267893692
3349,20.35403251647949,20.385797555263707,0.03176503878421855
3350,20.29109001159668,20.32432389250971,0.03323388091303059
3351,20.23005485534668,20.259978004560253,0.029923149213573197
3352,20.14088630676269,20.19769562775764,0.0568093209949474
3353,20.06697654724121,20.12321450501986,0.056237957778648706
3354,20.02096176147461,20.049008204296115,0.02804644282150548
3355,19.937992095947266,19.990424194475054,0.052432098527788185
3356,19.86980438232422,19.919640098123637,0.04983571579941781
3357,19.80900764465332,19.846358808081277,0.037351163427956635
3358,19.800901412963867,19.78103395049402,0.01986746246984694
3359,19.656896591186523,19.74170826088084,0.08481166969431797
3360,19.67716217041016,19.649276568543428,0.027885601866731946
3361,19.52505111694336,19.609716945069522,0.08466582812616252
3362,19.535064697265625,19.518643610808795,0.01642108645683038
3363,19.461870193481445,19.475722780043725,0.013852586562279612
3364,19.3781852722168,19.417378736761748,0.03919346454494743
3365,19.32382583618164,19.345671305472933,0.02184546929129283
3366,19.2410945892334,19.280226799764932,0.03913221053153393
3367,19.18196678161621,19.209918614706112,0.0279518330899009
3368,19.10591125488281,19.14590351861989,0.03999226373707998
3369,19.060850143432617,19.073124951773934,0.012274808341317112
3370,19.041061401367188,19.01604207341734,0.025019327949848957
3371,18.90110969543457,18.971031589899212,0.06992189446464181
3372,18.887996673583984,18.88080333333164,0.00719334025234275
3373,18.845796585083008,18.826457280056275,0.0193393050267332
3374,18.77880096435547,18.779548011025327,0.0007470466698578093
3375,18.68295669555664,18.720727721301955,0.037771025745314546
3376,18.62192153930664,18.641107929624923,0.019186390318282065
3377,18.559932708740234,18.57370581979012,0.01377311104988621
3378,18.507003784179688,18.510714938429373,0.003711154249685933
3379,18.418073654174805,18.451918276696233,0.03384462252142839
3380,18.353939056396484,18.37755210999603,0.02361305359954713
3381,18.26190948486328,18.30521057718215,0.04330109231887036
3382,18.236875534057617,18.226461166932495,0.010414367125122226
3383,18.188953399658203,18.173395214489574,0.01555818516862928
3384,18.167972564697266,18.120112420774603,0.047860143922662246
3385,18.049001693725582,18.07702451833393,0.028022824608346042
3386,18.02897453308105,17.994827599977725,0.03414693310332595
3387,17.969131469726562,17.94372712765835,0.025404342068213737
3388,17.896175384521484,17.890588783075145,0.005586601446339046
3389,17.845869064331055,17.826608542463873,0.019260521867181524
3390,17.756938934326172,17.7680262083868,0.01108727406062826
3391,17.688989639282227,17.696055852866266,0.00706621358403936
3392,17.678022384643555,17.627125464514393,0.05089692012916203
3393,17.56000518798828,17.58599499862612,0.025989810637838673
3394,17.52185821533203,17.506544540879077,0.015313674452954729
3395,17.4710750579834,17.443604183199568,0.027470874783830368
3396,17.4560546875,17.388857375749467,0.06719731175053312
3397,17.30799674987793,17.350995113361023,0.04299836348309327
3398,17.305850982666016,17.256630031397435,0.04922095126858039
3399,17.221927642822266,17.208275433176823,0.013652209645442781
3400,17.18902587890625,17.144851120633575,0.04417475827267481
3401,17.129898071289062,17.09392517705055,0.0359728942385118
3402,17.058134078979492,17.036122482863902,0.022011596115589782
3403,16.98899269104004,16.970691299320606,0.018301391719433013
3404,16.99209213256836,16.904256931638884,0.08783520092947583
3405,16.89004898071289,16.87260782523481,0.017441155478081782
3406,16.849994659423828,16.81285029189894,0.037144367524888366
3407,16.765117645263672,16.761880862759426,0.003236782504245639
3408,16.731977462768555,16.70610682424467,0.025870638523883827
3409,16.665935516357422,16.663437103716205,0.0024984126412164187
3410,16.598939895629883,16.60647588437314,0.007535988743256894
3411,16.515016555786133,16.54483079300917,0.02981423722303589
3412,16.476154327392578,16.455629201942656,0.02052512544992169
3413,16.41678810119629,16.398084635170562,0.01870346602572681
3414,16.315937042236328,16.338255840821603,0.022318798585274635
3415,16.25990867614746,16.343646604497053,0.08373792834959204
3416,16.177892684936523,16.686970414411917,0.5090777294753934
3417,21.162986755371094,19.021084722226078,2.1419020331450156
3418,21.0878849029541,21.1455718358593,0.05768693290519877
3419,21.00992202758789,20.97749806534921,0.03242396223868127
3420,20.95985412597656,20.929912968767894,0.029941157208664748
3421,20.886898040771484,20.84625781799332,0.04064022277816548
3422,20.8120346069336,20.829112610954326,0.01707800402072479
3423,20.828962326049805,20.76672700832205,0.06223531772775459
3424,20.68018913269043,20.782450849310408,0.10226171661997796
3425,20.66612243652344,20.67733779676928,0.011215360245838468
3426,20.59483528137207,20.588572632277646,0.006262649094423978
3427,20.55597305297852,20.569017705383885,0.013044652405366008
3428,20.48778533935547,20.515023558346,0.027238218990532914
3429,20.40910720825196,20.45353917083048,0.04443196257852122
3430,20.32113075256348,20.3838687739335,0.06273802137001994
3431,20.251035690307617,20.30751953179788,0.05648384149026242
3432,20.18284797668457,20.236087927969493,0.05323995128492243
3433,20.161151885986328,20.16869285625944,0.00754097027311218
3434,20.10321617126465,20.11805589472715,0.014839723462500842
3435,20.021915435791016,20.06245001712159,0.04053458133057575
3436,19.92487907409668,19.990102451629355,0.06522337753267493
3437,19.89388465881348,19.909016886686004,0.015132227872523885
3438,19.7908878326416,19.85501838271375,0.06413055007215007
3439,19.81186866760254,19.778351084369206,0.033517583233333426
3440,19.67906951904297,19.744487649859366,0.06541813081639702
3441,19.70911026000977,19.66137376439292,0.04773649561684934
3442,19.654035568237305,19.6294652528195,0.024570315417804522
3443,19.55580711364746,19.586966039241815,0.031158925594354514
3444,19.46806907653809,19.515140635576245,0.047071559038155186
3445,19.387006759643555,19.43593391479226,0.048927155148703605
3446,19.34289932250977,19.36330817579801,0.020408853288241602
3447,19.253969192504883,19.307023957026104,0.05305476452122093
3448,19.18816566467285,19.231755234613956,0.043589569941104855
3449,19.12403106689453,19.161210769652826,0.0371797027582943
3450,19.09804344177246,19.090122023044387,0.007921418728074059
3451,19.02604103088379,19.04239750456327,0.016356473679479677
3452,18.893957138061523,18.978959869855316,0.08500273179379292
3453,18.88298988342285,18.880625704468912,0.0023641789539396996
3454,18.82600784301757,18.826915763611396,0.0009079205938249402
3455,18.745899200439453,18.773200795521916,0.02730159508246288
3456,18.68414878845215,18.70348046145409,0.019331673001943273
3457,18.626928329467773,18.63448991389305,0.007561584425275214
3458,18.51511001586914,18.572803264078175,0.05769324820903421
3459,18.46003532409668,18.487314011508715,0.02727868741203565
3460,18.38088035583496,18.41824688244742,0.03736652661245898
3461,18.323898315429688,18.345292530057122,0.02139421462743485
3462,18.288135528564453,18.277025233601307,0.011110294963145861
3463,18.19014549255371,18.22354621026534,0.03340071771162911
3464,18.18513870239257,18.14594401434988,0.03919468804269144
3465,18.11695098876953,18.1004933128861,0.016457675883430056
3466,18.043041229248047,18.04349656777049,0.0004553385224426165
3467,17.96102523803711,17.976485911731288,0.015460673694178695
3468,17.889022827148438,17.90179347767662,0.01277065052818216
3469,17.807960510253906,17.83265261587985,0.02469210562594526
3470,17.789840698242188,17.758517869424395,0.03132282881779247
3471,17.637014389038086,17.71097600703797,0.07396161799988477
3472,17.66490936279297,17.611388720297327,0.05352064249564137
3473,17.589092254638672,17.570961396586426,0.018130858052245458
3474,17.544031143188477,17.5138408139901,0.030190329198376276
3475,17.473936080932617,17.457484873375506,0.016451207557111047
3476,17.419099807739258,17.39169717529876,0.027402632440498564
3477,17.342805862426758,17.333326571474572,0.009479290952185693
3478,17.280101776123047,17.26650619616521,0.01359557995783689
3479,17.19498634338379,17.20249746790614,0.007511124522352475
3480,17.13705062866211,17.12960922361617,0.007441405045938154
3481,17.053842544555664,17.061881684298896,0.008039139743232226
3482,17.05002784729004,16.98824044444791,0.06178740284212836
3483,16.917943954467773,16.945789073361084,0.027845118893310428
3484,16.910076141357422,16.86159265727838,0.04848348407904268
3485,16.843795776367188,16.81370617814082,0.030089598226368253
3486,16.772985458374023,16.766912367870646,0.006073090503377898
3487,16.711950302124023,16.712731961888494,0.0007816597644705325
3488,16.640186309814453,16.652218249078032,0.012031939263579261
3489,16.590118408203125,16.59258572624367,0.002467318040544342
3490,16.505956649780273,16.529594593521324,0.02363794374105055
3491,16.462087631225586,16.441147589972616,0.02094004125297033
3492,16.37411117553711,16.38568563782883,0.011574462291719101
3493,16.290903091430664,16.31772655258601,0.026823461155345285
3494,16.299962997436523,16.37933410728465,0.07937110984812534
3495,16.221046447753906,16.85093123887782,0.6298847911239136
3496,21.121978759765625,19.687908500145568,1.4340702596200572
3497,21.034955978393555,21.153058389700163,0.1181024113066087
3498,20.98679542541504,20.94754011977784,0.039255305637198035
3499,20.92289924621582,20.908277102989814,0.014622143226006301
3500,20.865917205810547,20.81341491157218,0.05250229423836572
3501,20.78700065612793,20.807936569326557,0.02093591319862753
3502,20.776987075805664,20.74424388638363,0.03274318942203536
3503,20.68305015563965,20.740427211876522,0.057377056236873614
3504,20.66802978515625,20.650984041367337,0.01704574378891266
3505,20.51997184753418,20.577935679739312,0.05796383220513235
3506,20.547866821289062,20.523943543594214,0.023923277694848366
3507,20.45607566833496,20.488277343702066,0.032201675367105054
3508,20.38097381591797,20.42954151147569,0.04856769555772189
3509,20.335912704467773,20.35526617009964,0.01935346563186613
3510,20.267963409423828,20.298850237850274,0.0308868284264463
3511,20.24388313293457,20.23719592989437,0.006687203040200984
3512,20.100116729736328,20.192053732898785,0.09193700316245668
3513,20.10798454284668,20.097987184726662,0.009997358120017452
3514,20.030975341796875,20.054767736382928,0.02379239458605298
3515,19.95706558227539,19.996045980406052,0.03898039813066134
3516,19.906997680664062,19.92796418880971,0.020966508145647822
3517,19.8359489440918,19.866336357608816,0.03038741351701546
3518,19.77205276489257,19.80258468847751,0.03053192358493817
3519,19.688844680786133,19.738147304906306,0.04930262412017328
3520,19.628047943115234,19.664466182348406,0.036418239233171334
3521,19.56009864807129,19.599392351210554,0.039293703139264835
3522,19.505023956298828,19.530256851794547,0.025232895495719276
3523,19.41394805908203,19.469736017072137,0.0557879579901055
3524,19.36197280883789,19.391968760373857,0.029995951535966014
3525,19.34099197387696,19.326616755733994,0.014375218142966162
3526,19.229888916015625,19.282538321022002,0.05264940500637749
3527,19.208908081054688,19.203355730951444,0.005552350103243953
3528,19.146203994750977,19.150333180277812,0.004129185526835499
3529,19.09804344177246,19.09297581505598,0.0050676267164817546
3530,19.05202865600586,19.03885230058222,0.013176355423638597
3531,18.95594596862793,18.9864293311075,0.03048336247957195
3532,18.90802383422852,18.913612054575424,0.005588220346904649
3533,18.844127655029297,18.85284555578437,0.00871790075507306
3534,18.841028213500977,18.79280448656573,0.048223726935248123
3535,18.72110366821289,18.759400373483004,0.03829670527011331
3536,18.652915954589844,18.679574297721047,0.026658343131202855
3537,18.624067306518555,18.606602350018875,0.01746495649967983
3538,18.488168716430664,18.55725805739894,0.06908934096827579
3539,18.534183502197266,18.467833320073623,0.0663501821236423
3540,18.446922302246094,18.441282832327488,0.005639469918605755
3541,18.381118774414062,18.38274038095733,0.0016216065432672622
3542,18.29814910888672,18.316786113928174,0.018637005041455268
3543,18.229007720947266,18.242268124822658,0.013260403875392512
3544,18.167972564697266,18.176776363134195,0.008803798436929355
3545,18.09906959533692,18.11170437531473,0.012634779977808819
3546,18.05710792541504,18.045137623857954,0.011970301557084895
3547,17.982959747314453,17.98916325014943,0.006203502834978281
3548,17.90904998779297,17.920713297598923,0.011663309805953759
3549,17.910003662109375,17.851277672434662,0.058725989674712764
3550,17.756938934326172,17.813450935818764,0.05651200149259239
3551,17.787933349609375,17.719752883749607,0.06818046585976845
3552,17.64988899230957,17.684357316511523,0.03446832420195278
3553,17.641067504882812,17.601069321244722,0.03999818363809027
3554,17.555952072143555,17.552497211454465,0.0034548606890894007
3555,17.501115798950195,17.485310518509323,0.015805280440872593
3556,17.41504669189453,17.42469609348518,0.009649401590650086
3557,17.351865768432617,17.34999586722097,0.0018699012116485392
3558,17.27890968322754,17.28281855844216,0.003908875214619911
3559,17.20118522644043,17.213825664839533,0.012640438399103004
3560,17.164945602416992,17.13853515775554,0.026410444661451038
3561,17.141103744506836,17.082235270777346,0.05886847372948978
3562,17.01211929321289,17.03730589326824,0.025186600055349118
3563,17.00592041015625,16.94996108938085,0.055959320775400556
3564,16.955137252807617,16.901044781775454,0.0540924710321633
3565,16.88218116760254,16.8552830622275,0.02689810537503945
3566,16.82591438293457,16.799758123056563,0.026156259878007404
3567,16.743898391723633,16.74561852144052,0.0017201297168867313
3568,16.66998863220215,16.69191209964538,0.021923467443230038
3569,16.604900360107422,16.624056952423416,0.019156592315994203
3570,16.534090042114258,16.557358403701983,0.02326836158772494
3571,16.464948654174805,16.480372734946513,0.015424080771708759
3572,16.399860382080078,16.403002064009797,0.003141681929719198
3573,16.381025314331055,16.33726178948791,0.04376352484314339
3574,16.247987747192383,16.345377312887877,0.09738956569549373
3575,16.241073608398438,16.606283383282516,0.3652097748840788
3576,21.13986015319824,17.930322348775007,3.209537804423231
3577,21.078109741210938,21.10118975633668,0.023080015125742648
3578,21.066904067993164,20.946017873939127,0.12088619405403733
3579,20.946025848388672,20.938136849963485,0.00788899842518731
3580,20.94697952270508,20.832093089211412,0.11488643349366967
3581,20.84517478942871,20.84509820315361,7.658627509954385e-05
3582,20.81012725830078,20.790413314443867,0.01971394385691383
3583,20.7369327545166,20.774608702595287,0.037675948078685906
3584,20.67780494689941,20.70209892508501,0.024293978185600196
3585,20.613908767700195,20.610355293229077,0.003553474471118534
3586,20.53499221801757,20.587212598456972,0.052220380439401026
3587,20.44606208801269,20.516760299415182,0.07069821140249033
3588,20.44510841369629,20.439277584046067,0.005830829650221858
3589,20.340919494628903,20.397380968006473,0.05646147337757057
3590,20.30611038208008,20.325709062490205,0.019598680410123137
3591,20.25580406188965,20.265256598122505,0.0094525362328568
3592,20.20192146301269,20.21365407290432,0.011732609891627277
3593,20.092010498046875,20.157512292371393,0.06550179432451841
3594,20.0650691986084,20.07540050180978,0.01033130320138298
3595,19.997119903564453,20.02203107213063,0.024911168566177366
3596,19.9429988861084,19.963426618232916,0.020427732124517206
3597,19.86002922058105,19.90293594690229,0.04290672632123815
3598,19.80304718017578,19.832192068406584,0.02914488823080319
3599,19.73485946655273,19.76784450471314,0.03298503816040821
3600,19.659996032714844,19.70359513961739,0.043599106902547646
3601,19.59514617919922,19.633790012903773,0.03864383370455471
3602,19.620895385742188,19.56619653310554,0.054698852636647644
3603,19.4549560546875,19.54090821573118,0.08595216104367864
3604,19.454002380371094,19.446352015165758,0.007650365205336129
3605,19.38796043395996,19.393933737774205,0.005973303814243991
3606,19.33002471923828,19.339557185958256,0.009532466719974764
3607,19.263029098510746,19.281683691588114,0.018654593077368276
3608,19.197940826416016,19.21684513490618,0.018904308490164112
3609,19.121885299682617,19.153321031808446,0.03143573212582851
3610,19.08111572265625,19.083778996900946,0.0026632742446963675
3611,19.00005340576172,19.028354434794892,0.02830102903317311
3612,18.9669132232666,18.962143108637974,0.004770114628627198
3613,18.85509490966797,18.906485953266383,0.0513910435984144
3614,18.803119659423828,18.82604404158883,0.02292438216500159
3615,18.76091957092285,18.759024336532093,0.00189523439075856
3616,18.71204376220703,18.70496868968985,0.0070750725171819795
3617,18.558025360107425,18.651315724127926,0.0932903640205005
3618,18.54491233825684,18.547119135973844,0.002206797717004605
3619,18.42904090881348,18.48873956691932,0.05969865810584096
3620,18.418073654174805,18.40670469300676,0.011368961168045644
3621,18.36395263671875,18.355848544160835,0.008104092557914555
3622,18.296003341674805,18.30060177849191,0.004598436817104812
3623,18.218994140625,18.234536744785146,0.015542604160145856
3624,18.16391944885254,18.1617851574174,0.002134291435140767
3625,18.053054809570312,18.100421591043414,0.04736678147310158
3626,18.08500289916992,18.016709297398847,0.06829360177107091
3627,17.956972122192383,17.986358725011087,0.029386602818703977
3628,17.913103103637695,17.90898107879002,0.004122024847674766
3629,17.858028411865234,17.84310976108827,0.01491865077696275
3630,17.78101921081543,17.784782307671776,0.0037630968563462375
3631,17.7001953125,17.7182153886406,0.018020076140601304
3632,17.64202117919922,17.642785794805604,0.0007646156063856324
3633,17.58599281311035,17.577339278204818,0.008653534905533888
3634,17.553091049194336,17.51634001857383,0.03675103062050766
3635,17.485857009887695,17.465622453755714,0.020234556131981662
3636,17.394065856933594,17.40569776495704,0.011631908023446158
3637,17.300128936767578,17.327419238768016,0.027290302000437805
3638,17.279863357543945,17.24493736014665,0.03492599739729485
3639,17.17400550842285,17.19522909593252,0.021223587509666686
3640,17.18616485595703,17.116974030159327,0.06919082579770475
3641,17.062902450561523,17.077704477969746,0.014802027408222784
3642,17.069101333618164,16.996466336536287,0.07263499708187737
3643,17.00615882873535,16.955517856445113,0.050640972290239006
3644,16.910076141357422,16.90334130512383,0.006734836233590613
3645,16.842126846313477,16.834177485634427,0.007949360679049278
3646,16.749143600463867,16.76842070503426,0.019277104570392112
3647,16.68405532836914,16.707685039932585,0.02362971156344429
3648,16.583919525146484,16.64075900896478,0.05683948381829396
3649,16.53599739074707,16.557770217787038,0.021772827039967524
3650,16.55101776123047,16.484734277611324,0.06628348361914504
3651,16.44301414489746,16.434053914309743,0.008960230587717888
3652,16.485929489135742,16.375353251760316,0.11057623737542599
3653,16.353845596313477,16.366777045391245,0.012931449077768775
3654,16.258955001831055,16.407816895423366,0.1488618935923114
3655,21.185874938964844,17.080014826206025,4.105860112758819
3656,21.1029052734375,20.776204681169474,0.3267005922680255
3657,21.10791206359864,20.782246073395072,0.3256659902035679
3658,21.01898193359375,20.82069233256334,0.19828960103041027
3659,20.943164825439453,20.81002689237721,0.13313793306224397
3660,20.8730697631836,20.80295491759898,0.07011484558461945
3661,20.835161209106445,20.77299026905166,0.062170940054784296
3662,20.762920379638672,20.764097430856054,0.001177051217382541
3663,20.704984664916992,20.721615980164643,0.01663131524765049
3664,20.62201499938965,20.636727481814887,0.014712482425238704
3665,20.55692672729492,20.60633149676505,0.04940476947013295
3666,20.47395706176757,20.537836466701265,0.0638794049336937
3667,20.41101455688477,20.465244912884373,0.054230355999603574
3668,20.333051681518555,20.395544687744405,0.06249300622584997
3669,20.30014991760254,20.3220318098829,0.02188189228036208
3670,20.22695541381836,20.26619166326782,0.03923624944945914
3671,20.2178955078125,20.201001870645996,0.01689363716650405
3672,20.07484436035156,20.158692351287755,0.08384799093619577
3673,20.07412910461425,20.068314450782054,0.00581465383219637
3674,19.99187469482422,20.0201753532383,0.028300658414082136
3675,19.926071166992188,19.9602825873626,0.03421142037041136
3676,19.84882354736328,19.893441851763782,0.044618304400501074
3677,19.783973693847656,19.821522606434883,0.03754891258722637
3678,19.7141170501709,19.755256651023956,0.041139600853057345
3679,19.6530818939209,19.688072387907596,0.0349904939866974
3680,19.57392692565918,19.622293738848384,0.04836681318920455
3681,19.58894729614257,19.55109506343433,0.03785223270823934
3682,19.4549560546875,19.516853916229593,0.06189786154209287
3683,19.448041915893555,19.43488489905576,0.0131570168377948
3684,19.31285858154297,19.385361301829107,0.07250272028613836
3685,19.318819046020508,19.297817754704738,0.021001291315769777
3686,19.26112174987793,19.256249584486795,0.004872165391134331
3687,19.179105758666992,19.205298253382352,0.026192494715360226
3688,19.107818603515625,19.136526390411746,0.028707786896120524
3689,19.051074981689453,19.065258674345387,0.014183692655933555
3690,18.9509391784668,19.003668379809824,0.05272920134302339
3691,18.960952758789062,18.92651561843195,0.034437140357113094
3692,18.86606216430664,18.887698349544735,0.021636185238094185
3693,18.805980682373047,18.822011866404864,0.016031184031817247
3694,18.73397827148437,18.753309044086564,0.01933077260219207
3695,18.66602897644043,18.686138522070905,0.020109545630475623
3696,18.57614517211914,18.62004835220432,0.04390318008518079
3697,18.57781410217285,18.542266516533346,0.035547585639505996
3698,18.497943878173828,18.50241162696875,0.004467748794922954
3699,18.42808723449707,18.44093561817317,0.012848383676100639
3700,18.362998962402344,18.37068189479396,0.007682932391617214
3701,18.3260440826416,18.305584435665878,0.020459646975723444
3702,18.31197738647461,18.25416121505441,0.05781617142019968
3703,18.188953399658203,18.218577126617674,0.02962372695947124
3704,18.152952194213867,18.13789608627303,0.015056107940836227
3705,18.077850341796875,18.078611783039378,0.0007614412425027695
3706,18.01896095275879,18.014523792089676,0.004437160669112927
3707,17.908096313476562,17.954816698647846,0.04672038517128385
3708,17.858028411865234,17.868616092755474,0.010587680890239426
3709,17.802000045776367,17.80172893904819,0.0002711067281779833
3710,17.78697967529297,17.74019980916819,0.0467798661247798
3711,17.634868621826172,17.698293138664667,0.06342451683849504
3712,17.650127410888672,17.599997850538784,0.05012956034988747
3713,17.571210861206055,17.555024400962793,0.016186460243261536
3714,17.503023147583008,17.496009724936812,0.007013422646195977
3715,17.41814613342285,17.42960451520048,0.011458381777629256
3716,17.370939254760742,17.35326800871917,0.017671246041572886
3717,17.288923263549805,17.293424593503914,0.0045013299541096785
3718,17.197132110595703,17.22318134352463,0.026049232928926358
3719,17.16780662536621,17.141924266184105,0.025882359182105574
3720,17.13109016418457,17.08549593342923,0.045594230755341414
3721,17.010211944580078,17.035565381775086,0.025353437195008155
3722,16.9980525970459,16.94925786341628,0.04879473362962017
3723,16.93582534790039,16.898092874953363,0.03773247294702742
3724,16.85309410095215,16.84574020293894,0.007353898013207072
3725,16.782045364379883,16.78311773389396,0.001072369514076854
3726,16.71886444091797,16.72102630811878,0.0021618672008116846
3727,16.6471004486084,16.666762952809222,0.019662504200823605
3728,16.550064086914062,16.60078304689705,0.050718959982987144
3729,16.526222229003906,16.516397397424498,0.009824831579408055
3730,16.48879051208496,16.44767067480757,0.041119837277392435
3731,16.349077224731445,16.399016830604296,0.049939605872850734
3732,16.35289192199707,16.31395096522681,0.03894095677026144
3733,16.33310317993164,16.379311065804814,0.04620788587317293
3734,16.252994537353516,16.80737706067248,0.5543825233189636
3735,21.194934844970703,19.507559569774457,1.6873752751962456
3736,21.115779876708984,21.100720883168833,0.015058993540151278
3737,21.040916442871094,20.937002371283597,0.10391407158749644
3738,20.95484733581543,20.91203244526696,0.04281489054847043
3739,20.88189125061035,20.829592208883696,0.05229904172665556
3740,20.887136459350582,20.818272223095846,0.06886423625473626
3741,20.73884010314941,20.799469370103907,0.06062926695449633
3742,20.735979080200195,20.744813974488352,0.008834894288156647
3743,20.66302299499512,20.677896489814884,0.014873494819763522
3744,20.58696746826172,20.59628273036651,0.009315262104792055
3745,20.519018173217773,20.567045689858787,0.04802751664101379
3746,20.47300338745117,20.49804458511062,0.025041197659451342
3747,20.389080047607425,20.441863927317172,0.05278387970974663
3748,20.37286758422852,20.370542587443197,0.0023249967853224973
3749,20.33209800720215,20.323496410128428,0.008601597073720768
3750,20.1711654663086,20.280255847410444,0.10909038110184355
3751,20.18594741821289,20.174897130800673,0.011050287412217585
3752,20.09916305541992,20.132858411670895,0.03369535625097697
3753,20.041942596435547,20.073212650459027,0.03127005402348004
3754,19.95396614074707,20.008428052733507,0.05446191198643646
3755,19.89293098449707,19.931949108013214,0.03901812351614353
3756,19.79589462280273,19.86593183301011,0.07003721020737785
3757,19.739866256713867,19.785101316301734,0.045235059587867
3758,19.67310905456543,19.71790230663828,0.04479325207285001
3759,19.665002822875977,19.65095968580499,0.014043137070984812
3760,19.53887939453125,19.606749202466744,0.06786980793549446
3761,19.51813697814941,19.522854085153085,0.00471710700367467
3762,19.39105987548828,19.466495128199313,0.07543525271103135
3763,19.401073455810547,19.37990172791615,0.021171727894397918
3764,19.332170486450195,19.340004609603056,0.007834123152861139
3765,19.26589012145996,19.283904387521034,0.018014266061072703
3766,19.190073013305664,19.219052089738398,0.028979076432733564
3767,19.10710334777832,19.14821235868658,0.041109010908257915
3768,19.04892921447754,19.074453481607634,0.025524267130094813
3769,19.06299591064453,19.011070141004893,0.05192576963963802
3770,18.921852111816406,18.981597826041252,0.05974571422484587
3771,18.91398429870605,18.896239951800453,0.017744346905598007
3772,18.85509490966797,18.84347915233775,0.011615757330218912
3773,18.76497268676757,18.792042860923175,0.027070174155603866
3774,18.70894432067871,18.720467645835015,0.011523325156304054
3775,18.62192153930664,18.655741531574677,0.033819992268036
3776,18.552780151367188,18.58282220223373,0.030042050866541103
3777,18.476009368896484,18.511885110456205,0.035875741559721064
3778,18.40806007385254,18.438441440821407,0.03038136696886795
3779,18.4171199798584,18.369282816138366,0.04783716372003255
3780,18.24593544006348,18.332258928467127,0.08632348840364656
3781,18.27287673950196,18.23013523562622,0.04274150387573883
3782,18.146991729736328,18.187980052289277,0.040988322552948375
3783,18.117904663085938,18.10706742412549,0.010837238960448303
3784,18.070220947265625,18.050493134069256,0.019727813196368515
3785,18.017053604125977,17.995576154817172,0.021477449308804353
3786,17.892837524414062,17.941024990477672,0.04818746606360946
3787,17.88187026977539,17.850086888756778,0.031783381018613
3788,17.81010627746582,17.80046760654841,0.009638670917411218
3789,17.753124237060547,17.74243826798738,0.010685969073165325
3790,17.668962478637695,17.679413369023678,0.010450890385982348
3791,17.592191696166992,17.60709412360484,0.0149024274378462
3792,17.525196075439453,17.532714634739932,0.007518559300478955
3793,17.458200454711914,17.463978967839466,0.005778513127552287
3794,17.396926879882812,17.396301617054633,0.0006252628281799844
3795,17.382144927978516,17.330092720726498,0.05205220725201798
3796,17.30799674987793,17.285332174424184,0.022664575453745783
3797,17.236948013305664,17.224480045115342,0.012467968190321699
3798,17.167091369628906,17.155642409193206,0.011448960435700428
3799,17.095088958740234,17.087759193259444,0.007329765480790229
3800,17.023086547851562,17.019348369331055,0.003738178520507063
3801,16.95108413696289,16.94877214902135,0.0023119879415389732
3802,16.89600944519043,16.88022617634033,0.015783268850100285
3803,16.86692237854004,16.819477943158745,0.04744443538129417
3804,16.733884811401367,16.77998124387159,0.04609643247022177
3805,16.757965087890625,16.70344976457727,0.05451532331335329
3806,16.676902770996094,16.67009282368781,0.006809947308283881
3807,16.62921905517578,16.617786988717853,0.011432066457928158
3808,16.53599739074707,16.563938798981326,0.027941408234255505
3809,16.477108001708984,16.479273823932772,0.0021658222237874725
3810,16.392946243286133,16.407270477202474,0.014324233916340745
3811,16.34979248046875,16.336712920491436,0.013079559977313693
3812,16.289949417114258,16.334292161673147,0.044342744558889535
3813,16.304969787597656,16.600386817231083,0.29541702963342686
3814,21.194934844970703,18.71351565432633,2.481419190644374
3815,21.15797996520996,21.089512501930585,0.0684674632793758
3816,21.095991134643555,21.00392052625466,0.09207060838889447
3817,21.00205421447754,20.962372464964574,0.039681749512965325
3818,20.9341049194336,20.86720998022429,0.06689493920931255
3819,20.853042602539062,20.855160710652854,0.002118108113791095
3820,20.80392837524414,20.801710845262278,0.0022175299818627536
3821,20.732879638671875,20.780711427050846,0.047831788378971396
3822,20.65420150756836,20.70322066811059,0.049019160542229656
3823,20.58911323547364,20.60203287828699,0.012919642813351118
3824,20.613908767700195,20.574770869643544,0.039137898056651466
3825,20.453929901123047,20.548923188925983,0.09499328780293581
3826,20.47014236450196,20.455723335544462,0.014419028957497915
3827,20.3859806060791,20.41103694091362,0.025056334834516747
3828,20.30801773071289,20.354562357624673,0.04654462691178196
3829,20.22099494934082,20.28143791721959,0.060442967878771015
3830,20.16997337341309,20.205439240726264,0.03546586731317447
3831,20.09797096252441,20.1438911749392,0.04592021241478861
3832,20.06387710571289,20.076597988463618,0.012720882750727469
3833,19.964933395385746,20.02216948858404,0.057236093198294924
3834,19.9129581451416,19.947241612499056,0.034283467357454356
3835,19.855976104736328,19.879162837241893,0.023186732505564578
3836,19.8819637298584,19.821303754270048,0.06065997558835079
3837,19.73605155944824,19.799978571427346,0.0639270119791071
3838,19.73509788513184,19.713972016688786,0.021125868443053974
3839,19.606828689575195,19.66662454060497,0.059795851029775804
3840,19.575119018554688,19.587384640090022,0.012265621535334503
3841,19.522905349731445,19.53155287219488,0.008647522463434143
3842,19.47808265686035,19.4774045567101,0.0006781001502531581
3843,19.37198638916016,19.425766840868164,0.05378045170800405
3844,19.34099197387696,19.344751992321108,0.003760018444147306
3845,19.22798156738281,19.289356253011647,0.061374685628837966
3846,19.25492286682129,19.21020717782085,0.04471568900044076
3847,19.09089088439941,19.17784655051946,0.08695566612005123
3848,19.06704902648925,19.083221309301734,0.01617228281248373
3849,19.017934799194336,19.01940763764287,0.0014728384485351853
3850,18.9361572265625,18.965928279158106,0.029771052595606307
3851,18.877029418945312,18.897560773211808,0.020531354266495327
3852,18.81909370422364,18.830760255468704,0.011666551245063772
3853,18.75591278076172,18.768077543427353,0.012164762665634044
3854,18.69511604309082,18.705912971427097,0.010796928336276324
3855,18.589019775390625,18.641553845100134,0.05253406970950891
3856,18.53013038635254,18.560226135150515,0.03009574879797583
3857,18.448829650878903,18.487617823893743,0.038788173014840055
3858,18.46003532409668,18.41454801274267,0.04548731135400885
3859,18.30291748046875,18.379828608203752,0.07691112773500208
3860,18.315792083740234,18.281915389707137,0.03387669403309701
3861,18.232107162475582,18.235812488683223,0.0037053262076405247
3862,18.162012100219727,18.17248562065288,0.010473520433151862
3863,18.07212829589844,18.104405504800525,0.03227720890208374
3864,18.017053604125977,18.025023166046594,0.007969561920617707
3865,17.9440975189209,17.95992604206731,0.01582852314641059
3866,17.888784408569336,17.8911263617465,0.0023419531771651236
3867,17.81606674194336,17.827204269451613,0.011137527508253697
3868,17.755985260009766,17.758751300561926,0.0027660405521601206
3869,17.69089698791504,17.69093997404525,4.298613021092024e-05
3870,17.64702796936035,17.625873348606547,0.02115462075380492
3871,17.575979232788086,17.56900865211719,0.006970580670895288
3872,17.572879791259766,17.503837627828034,0.06904216343173175
3873,17.42100715637207,17.46621047232111,0.04520331594903837
3874,17.41814613342285,17.372987158523756,0.04515897489909548
3875,17.33112335205078,17.323649485092574,0.007473866958207509
3876,17.28200912475586,17.258689939694705,0.023319185061154712
3877,17.20595359802246,17.199984270860114,0.0059693271623473265
3878,17.14181900024414,17.130591963677944,0.011227036566197057
3879,17.055034637451172,17.06443878583741,0.009404148386238376
3880,16.993045806884766,16.98771752853645,0.005328278348315507
3881,16.937971115112305,16.91947327356047,0.018497841551834426
3882,16.87312126159668,16.85979290823525,0.013328353361430345
3883,16.7849063873291,16.79990516959151,0.014998782262409804
3884,16.791820526123047,16.733856139239833,0.05796438688321359
3885,16.656875610351562,16.704646413359114,0.047770803007551876
3886,16.675949096679688,16.628244133926273,0.04770496275341429
3887,16.588926315307617,16.590746094493625,0.0018197791860075085
3888,16.53313636779785,16.527965602790573,0.005170765007278533
3889,16.470909118652344,16.453681589439384,0.01722752921295978
3890,16.39389991760254,16.38966226209959,0.004237655502947746
3891,16.30878448486328,16.327971799967145,0.01918731510386351
3892,16.24894142150879,16.356206619889235,0.10726519838044624
3893,16.228199005126953,16.841816197029402,0.6136171919024491
3894,21.14105224609375,19.476715825931024,1.6643364201627264
3895,21.08001708984375,21.05493955741622,0.02507753242753097
3896,20.99800109863281,20.993686422571045,0.0043146760617638336
3897,20.939111709594727,20.930835633407696,0.008276076187030412
3898,20.87187767028809,20.838629831359867,0.03324783892822225
3899,20.817995071411133,20.82060686961995,0.0026117982088180725
3900,20.7369327545166,20.7665523957985,0.029619641281897202
3901,20.74909210205078,20.736937977744674,0.012154124306107406
3902,20.605802536010746,20.679495819877047,0.07369328386630158
3903,20.62416076660156,20.564674512115744,0.05948625448581524
3904,20.54405212402344,20.56405850862575,0.020006384602307747
3905,20.519018173217773,20.50994069168155,0.009077481536223786
3906,20.41101455688477,20.46206267505113,0.05104811816636001
3907,20.32303810119629,20.387895586736704,0.06485748554041493
3908,20.26009559631348,20.308534362357022,0.04843876604354236
3909,20.20883560180664,20.242715830590896,0.03388022878425545
3910,20.11704444885254,20.183026835184137,0.06598238633159781
3911,20.03192901611328,20.106869298160746,0.07494028204746428
3912,19.993066787719727,20.022460732889158,0.02939394516943139
3913,19.939184188842773,19.964806760981446,0.025622572138672695
3914,19.87910270690918,19.906204653125315,0.02710194621613482
3915,19.852876663208008,19.84374498260877,0.00913168059923919
3916,19.722938537597656,19.794920840922714,0.07198230332505773
3917,19.730091094970703,19.707689317328914,0.022401777641789522
3918,19.62494850158692,19.66641473745767,0.04146623587075027
3919,19.546985626220703,19.596897838709992,0.04991221248928923
3920,19.49286460876465,19.521394512139523,0.028529903374874266
3921,19.42110061645508,19.456472168258188,0.035371551803105916
3922,19.34695243835449,19.391789790915936,0.04483735256144783
3923,19.34695243835449,19.319736821216793,0.027215617137695602
3924,19.196033477783203,19.280595798591094,0.0845623208078905
3925,19.18888092041016,19.1874901220217,0.0013907983884600128
3926,19.09518241882324,19.13217247238208,0.036990053558842106
3927,19.0730094909668,19.063138858200546,0.009870632766254772
3928,18.94092559814453,19.01350667276347,0.07258107461893815
3929,18.91803741455078,18.922472048188865,0.004434633638084051
3930,18.85414123535156,18.865700187916445,0.011558952564886482
3931,18.79477500915528,18.805695147193546,0.010920138038265748
3932,18.72587203979492,18.743685413937783,0.017813374142864546
3933,18.67008209228516,18.677583178714485,0.007501086429325454
3934,18.6159610748291,18.61395300102231,0.002008073806791799
3935,18.539905548095703,18.55694067148761,0.01703512339190638
3936,18.481969833374023,18.4886024910611,0.006632657687077881
3937,18.433094024658203,18.426337206847165,0.006756817811037763
3938,18.352031707763672,18.368290440548662,0.01625873278499057
3939,18.332958221435547,18.300109947631427,0.032848273804120254
3940,18.27001571655273,18.253527448678142,0.016488267874589013
3941,18.179893493652344,18.197940842128446,0.018047348476102343
3942,18.133878707885746,18.123798052101847,0.010080655783898607
3943,18.064022064208984,18.064118105712623,9.6041503638844e-05
3944,18.007993698120117,18.001786462036762,0.006207236083355383
3945,17.904043197631836,17.940950587444604,0.03690738981276809
3946,17.863035202026367,17.85918885980209,0.0038463422242784873
3947,17.79913902282715,17.798039285935374,0.0010997368917742278
3948,17.760038375854492,17.735181458647276,0.02485691720721661
3949,17.64202117919922,17.682131928495437,0.04011074929621827
3950,17.644882202148438,17.595091774865068,0.049790427283369354
3951,17.57502555847168,17.551161643496016,0.023863914975663647
3952,17.503976821899414,17.49473163499715,0.009245186902262503
3953,17.42696762084961,17.428176613748292,0.0012089928986824816
3954,17.36903190612793,17.356184641130312,0.012847264997617458
3955,17.29583740234375,17.29333586285975,0.002501539484001114
3956,17.247915267944336,17.22629562993916,0.021619638005176967
3957,17.16303825378418,17.167294108503484,0.004255854719303898
3958,17.116069793701172,17.094353748575486,0.021716045125685923
3959,17.019033432006836,17.03181179902913,0.012778367022292514
3960,17.035961151123047,16.953731680928286,0.08222947019476123
3961,16.885042190551758,16.920028028607703,0.03498583805594535
3962,16.891956329345703,16.833551343893305,0.05840498545239825
3963,16.822099685668945,16.791237048664698,0.030862637004247517
3964,16.759872436523438,16.74696255190611,0.012909884617329226
3965,16.690969467163086,16.698121401418575,0.007151934255489323
3966,16.623973846435547,16.633497339967107,0.009523493531560234
3967,16.55411720275879,16.574410355588043,0.020293152829253813
3968,16.539812088012695,16.500160736882208,0.039651351130487456
3969,16.401052474975586,16.44077484166928,0.03972236669369522
3970,16.390085220336914,16.361243864423614,0.028841355913300504
3971,16.299962997436523,16.323544023521208,0.02358102608468471
3972,16.28899574279785,16.42943954377074,0.14044380097288922
3973,16.408920288085938,17.109929537582502,0.7010092494965647
3974,21.100997924804688,20.28009866262437,0.8208992621803191
3975,21.030902862548828,21.050962681783858,0.020059819235029863
3976,20.97296714782715,20.87637898102912,0.0965881667980284
3977,20.87092399597168,20.881264445051784,0.010340449080104008
3978,20.869016647338867,20.76767380367528,0.1013428436635877
3979,20.730018615722656,20.790686460713914,0.06066784499125788
3980,20.6899642944336,20.70391409097283,0.013949796539229453
3981,20.59602737426757,20.671800803484075,0.07577342921650398
3982,20.60103416442871,20.577841502927186,0.023192661501525436
3983,20.478010177612305,20.51236381748822,0.034353639875917
3984,20.460128784179688,20.472950989187666,0.012822205007978482
3985,20.41196823120117,20.417410130448843,0.005441899247674797
3986,20.31993865966797,20.369426877095975,0.049488217428006465
3987,20.24388313293457,20.294810019095166,0.05092688616059604
3988,20.19596099853516,20.22258243687247,0.026621438337311787
3989,20.167112350463867,20.16361267078537,0.003499679678498069
3990,20.10083198547364,20.11892124892256,0.018089263448921145
3991,20.020008087158203,20.058459735537326,0.03845164837912307
3992,19.92583274841309,19.988362359072198,0.06252961065910867
3993,19.9129581451416,19.908156894871354,0.004801250270247692
3994,19.867897033691406,19.86411633197349,0.0037807017179147806
3995,19.784927368164062,19.81830651857308,0.03337915040901862
3996,19.730091094970703,19.74817026484743,0.018079169876727974
3997,19.700050354003903,19.68455366068156,0.015496693322344157
3998,19.614219665527344,19.640818418338313,0.026598752810969017
3999,19.54984664916992,19.57637098030318,0.026524331133263246
4000,19.47808265686035,19.509762502821104,0.03167984596075257
4001,19.4089412689209,19.443004884124093,0.034063615203194786
4002,19.357919692993164,19.37599992561445,0.018080232621286996
4003,19.33884620666504,19.317093502650096,0.021752704014943447
4004,19.20294761657715,19.275488801213214,0.07254118463606574
4005,19.22011375427246,19.18510855466593,0.03500519960653037
4006,19.07181739807129,19.14608818560737,0.0742707875360793
4007,19.078969955444336,19.057092438742984,0.02187751670135185
4008,18.96190643310547,19.012885306892713,0.05097887378724408
4009,18.93901824951172,18.933904308823912,0.005113940687806462
4010,18.88918876647949,18.881065922414564,0.008122844064924806
4011,18.800020217895508,18.827669513257206,0.027649295361698023
4012,18.743038177490234,18.756086422172302,0.013048244682067889
4013,18.653154373168945,18.69148816717825,0.038333794009304256
4014,18.61190795898437,18.61491370505064,0.0030057460662682445
4015,18.51701736450196,18.558855711717115,0.04183834721515467
4016,18.45979690551757,18.48055774689783,0.02076084138025891
4017,18.437862396240234,18.4143063704596,0.023556025780635537
4018,18.341064453125,18.365961659128516,0.02489720600351575
4019,18.35489273071289,18.293686150627764,0.061206580085126916
4020,18.217086791992188,18.259127282362897,0.04204049037070945
4021,18.1879997253418,18.17377342990767,0.014226295434131231
4022,18.117904663085938,18.116126831273505,0.0017778318124328507
4023,18.06211471557617,18.053764353908264,0.008350361667904593
4024,17.97199249267578,17.995810423826697,0.023817931150915683
4025,17.9140567779541,17.919222388172784,0.005165610218682559
4026,17.837047576904297,17.853493341135618,0.016445764231320936
4027,17.783164978027344,17.78307589756878,8.908045856514946e-05
4028,17.713069915771484,17.71922921375335,0.006159297981866985
4029,17.71402359008789,17.652462210890008,0.06156137919788307
4030,17.566919326782227,17.614086835692433,0.04716750891020638
4031,17.565011978149414,17.52228865836969,0.04272331977972499
4032,17.509937286376953,17.472765144930236,0.03717214144671743
4033,17.43483543395996,17.422123575101978,0.012711858857983316
4034,17.370939254760742,17.357305965219894,0.013633289540848637
4035,17.297983169555664,17.290985296767758,0.00699787278790609
4036,17.261981964111328,17.22408473710857,0.03789722700275888
4037,17.184972763061523,17.172283720015002,0.012689043046520965
4038,17.12799072265625,17.10661005631664,0.02138066633960989
4039,17.122983932495117,17.043920725086537,0.07906320740858064
4040,17.004013061523438,17.006080414944336,0.0020673534208981437
4041,16.97516441345215,16.92964654773732,0.045517865714828076
4042,16.850948333740234,16.875485999321427,0.024537665581192414
4043,16.85500144958496,16.79693776213753,0.0580636874474294
4044,16.774892807006836,16.76315543363671,0.01173737337012426
4045,16.762971878051758,16.71357167720089,0.049400200850868714
4046,16.66998863220215,16.681982813793184,0.011994181591035158
4047,16.577959060668945,16.61693168898637,0.038972628317424096
4048,16.520977020263672,16.54137121954591,0.020394199282236514
4049,16.417980194091797,16.45970063142954,0.04172043733774444
4050,16.332149505615234,16.381795523841447,0.04964601822621262
4051,16.33596420288086,16.306833787254504,0.02913041562635499
4052,16.282081604003906,16.420051418492676,0.13796981448876977
4053,16.211986541748047,16.898399117167173,0.6864125754191264
4054,21.198034286499023,19.045027417178062,2.1530068693209614
4055,21.043062210083008,21.329386875095224,0.28632466501221643
4056,21.0568904876709,21.00583489618657,0.05105559148432803
4057,21.00396156311035,20.956856921202416,0.04710464190793573
4058,20.914077758789062,20.878659333448013,0.03541842534104944
4059,20.85089683532715,20.87170566619534,0.020808830868190853
4060,20.75815200805664,20.800539500214654,0.04238749215801363
4061,20.711898803710938,20.75921900495814,0.04732020124720293
4062,20.6599235534668,20.68140549772579,0.021481944258990637
4063,20.58100700378418,20.595731410594453,0.01472440681027365
4064,20.49803733825684,20.56454480953107,0.06650747127423173
4065,20.462989807128903,20.485193974764115,0.022204167635212713
4066,20.355939865112305,20.431728357380052,0.07578849226774764
4067,20.307064056396484,20.35156311103492,0.044499054638436064
4068,20.31898498535156,20.283575496250705,0.03540948910085362
4069,20.222187042236328,20.25550075177307,0.03331370953674195
4070,20.1718807220459,20.188165001400193,0.016284279354294995
4071,20.084142684936523,20.125622884279437,0.04148019934291369
4072,20.01595497131348,20.056829236636986,0.04087426532350591
4073,19.964933395385746,19.98909063740939,0.024157242023644443
4074,19.8819637298584,19.930161759475595,0.04819802961719688
4075,19.79589462280273,19.86031976639424,0.06442514359151019
4076,19.755125045776367,19.779882379225455,0.024757333449088037
4077,19.69313621520996,19.72044608601209,0.02730987080212799
4078,19.67597007751465,19.66127020341446,0.014699874100188026
4079,19.51813697814941,19.61619738221998,0.09806040407056926
4080,19.515037536621094,19.51607402497757,0.001036488356476184
4081,19.45996284484864,19.46344024690916,0.0034774020605183864
4082,19.416093826293945,19.412514051964536,0.0035797743294097017
4083,19.3331241607666,19.362231007562514,0.029106846795912134
4084,19.28019523620605,19.29071528138593,0.010520045179877258
4085,19.251108169555664,19.230063068334857,0.021045101220806828
4086,19.19102668762207,19.185590498636884,0.005436188985186163
4087,19.114971160888672,19.131951944473258,0.01698078358458588
4088,19.016027450561523,19.06671657161496,0.0506891210534377
4089,18.958091735839844,18.98395593298119,0.025864197141345358
4090,18.941879272460938,18.919081347803512,0.02279792465742503
4091,18.83411407470703,18.87759847295456,0.04348439824752859
4092,18.85700225830078,18.801354970264583,0.055647288036198006
4093,18.7530517578125,18.768084246403305,0.01503248859080486
4094,18.66388320922852,18.699929224794687,0.03604601556616771
4095,18.594980239868164,18.621527363848145,0.026547123979980825
4096,18.55111122131348,18.55061574337924,0.0004954779342405402
4097,18.4621810913086,18.49603357777596,0.033852486467360166
4098,18.36991310119629,18.422115505018155,0.05220240382186603
4099,18.28908920288086,18.338549336249343,0.049460133368484094
4100,18.34702491760254,18.25891546832281,0.08810944927972741
4101,18.192052841186523,18.24280905498199,0.050756213795466465
4102,18.198013305664062,18.157091230932565,0.04092207473149756
4103,18.1269645690918,18.10852163475829,0.018442934333510408
4104,18.03112030029297,18.050711483510895,0.0195911832179263
4105,17.982006072998047,17.97568993333698,0.0063161396610667
4106,17.915010452270508,17.913281708160866,0.0017287441096414113
4107,17.84205436706543,17.85150607634023,0.009451709274799214
4108,17.84515380859375,17.78250631218725,0.06264749640649825
4109,17.704010009765625,17.7461833882262,0.042173378460574895
4110,17.70782470703125,17.659941056308526,0.04788365072272427
4111,17.635107040405273,17.612591736906325,0.022515303498948924
4112,17.576932907104492,17.556078108782458,0.020854798322034185
4113,17.506837844848633,17.496299042136343,0.010538802712289908
4114,17.431974411010742,17.429461741812702,0.002512669198040385
4115,17.364025115966797,17.361713842205972,0.002311273760824406
4116,17.2879695892334,17.294133684572444,0.006164095339045161
4117,17.222881317138672,17.22323572141704,0.00035440427836874733
4118,17.219066619873047,17.155694189682436,0.06337243019061134
4119,17.077207565307617,17.114816509774755,0.03760894446713792
4120,17.08388328552246,17.02414677845354,0.05973650706891931
4121,17.041921615600586,16.977353638480963,0.06456797711962281
4122,16.936063766479492,16.934595857605927,0.0014679088735647383
4123,16.8609619140625,16.860918924407997,4.298965450288961e-05
4124,16.793012619018555,16.78929159368181,0.0037210253367447876
4125,16.72196388244629,16.7352591558938,0.013295273447511136
4126,16.668081283569336,16.67442663278962,0.006345349220282515
4127,16.60299301147461,16.61579201550012,0.01279900402550993
4128,16.518115997314453,16.55203506777525,0.03391907046079723
4129,16.464948654174805,16.463250401812957,0.0016982523618480627
4130,16.44301414489746,16.396643872383265,0.046370272514195676
4131,16.394853591918945,16.35115056512859,0.04370302679035376
4132,16.355037689208984,16.356028697771308,0.000991008562323259
4133,16.2811279296875,16.61120542041772,0.3300774907302184
4134,16.199111938476562,18.606578219305447,2.407466280828885
4135,21.125078201293945,20.509861261416518,0.6152169398774276
4136,21.0721492767334,20.944011002939078,0.1281382737943204
4137,21.04496955871582,20.88405321819664,0.16091634051917936
4138,20.960092544555664,20.89047198796834,0.06962055658732424
4139,20.9200382232666,20.82863535906654,0.09140286420006305
4140,20.852088928222656,20.840649438014225,0.01143949020843138
4141,20.76101303100586,20.787454956007423,0.026441925001563504
4142,20.676136016845703,20.752086368247546,0.07595035140184336
4143,20.630836486816406,20.66131768424384,0.03048119742743438
4144,20.566940307617188,20.57212721592805,0.005186908310861327
4145,20.49589157104492,20.54824685865242,0.052355287607500856
4146,20.44105529785156,20.477423214742885,0.03636791689132579
4147,20.427942276000977,20.414656547927734,0.013285728073242353
4148,20.35093307495117,20.374054276544484,0.023121201593315988
4149,20.26295661926269,20.313231137606635,0.0502745183439437
4150,20.225048065185547,20.23713024073004,0.012082175544492202
4151,20.128965377807617,20.183251049729733,0.05428567192211631
4152,20.06387710571289,20.110583081986988,0.04670597627409734
4153,19.97995376586914,20.040634176439198,0.060680410570057575
4154,19.960880279541016,19.965800812315138,0.004920532774121966
4155,19.92487907409668,19.917211945085,0.007667129011679208
4156,19.804000854492188,19.87133778311545,0.06733692862326279
4157,19.752025604248047,19.786451630807278,0.034426026559231104
4158,19.681930541992188,19.717190785740968,0.03526024374878034
4159,19.69599723815918,19.65276513237768,0.04323210578149883
4160,19.5918083190918,19.62565729218113,0.03384897308933077
4161,19.52505111694336,19.554620158487523,0.029569041544164065
4162,19.45781707763672,19.483712057080993,0.025894979444274213
4163,19.397974014282227,19.41803127147068,0.02005725718845497
4164,19.3178653717041,19.359173780230776,0.04130840852667461
4165,19.243955612182617,19.289083441890398,0.04512782970778062
4166,19.17886734008789,19.21521597660103,0.036348636513139354
4167,19.114017486572266,19.146829869896465,0.03281238332419889
4168,19.06609535217285,19.079255828728492,0.013160476555640344
4169,19.025087356567383,19.021291173885402,0.0037961826819810085
4170,18.898963928222656,18.967151907418156,0.06818797919549979
4171,18.88585090637207,18.877249750630654,0.008601155741416733
4172,18.83816719055176,18.82486666386285,0.013300526688912129
4173,18.79596710205078,18.77590611661617,0.02006098543461121
4174,18.655776977539062,18.726129314472928,0.07035233693386544
4175,18.62788200378418,18.630535995953323,0.0026539921691437485
4176,18.568992614746094,18.570843649058588,0.0018510343124944484
4177,18.509864807128903,18.514468102239334,0.00460329511043156
4178,18.42498779296875,18.45471006618027,0.029722273211518768
4179,18.37301254272461,18.38018989860757,0.007177355882959091
4180,18.373966217041016,18.31543445882744,0.05853175821357581
4181,18.311023712158203,18.28304350055987,0.02798021159833297
4182,18.22781562805176,18.231730711477212,0.003915083425450661
4183,18.16105842590332,18.161904302814946,0.0008458769116259646
4184,18.082141876220703,18.09375866537266,0.011616789151958073
4185,18.02301406860352,18.026187975692665,0.0031739070891454446
4186,17.951011657714844,17.963274010980967,0.012262353266123682
4187,17.87710189819336,17.89570885125613,0.018606953062771936
4188,17.88187026977539,17.82367800137763,0.05819226839776093
4189,17.732858657836914,17.787092488333656,0.054233830496741575
4190,17.741918563842773,17.69523423558894,0.046684328253832064
4191,17.67706871032715,17.64948592199289,0.027582788334257202
4192,17.605066299438477,17.59511087834653,0.009955421091945027
4193,17.528057098388672,17.530260423882282,0.002203325493610464
4194,17.46392250061035,17.457759025091946,0.006163475518405903
4195,17.36903190612793,17.39297543281282,0.02394352668488864
4196,17.388105392456055,17.31435220608546,0.07375318637059536
4197,17.248153686523438,17.281951779864357,0.03379809334091988
4198,17.235994338989258,17.19653919258235,0.03945514640690817
4199,17.182111740112305,17.141604199082394,0.0405075410299105
4200,17.095088958740234,17.089302637259607,0.005786321480627521
4201,17.02880859375,17.018274468796335,0.010534124953665014
4202,16.973018646240234,16.94702694544503,0.025991700795202632
4203,16.88694953918457,16.88863195954582,0.00168242036124866
4204,16.809940338134766,16.81907165902885,0.009131320894084638
4205,16.75701141357422,16.753528284425556,0.003483129148662556
4206,16.782045364379883,16.701451356084362,0.08059400829552033
4207,16.60609245300293,16.683609039546354,0.07751658654342464
4208,16.61205291748047,16.59151450689933,0.020538410581139033
4209,16.540050506591797,16.541903184474904,0.0018526778831073898
4210,16.479969024658203,16.466191185884327,0.013777838773876283
4211,16.395092010498047,16.40363788317245,0.008545872674403654
4212,16.326904296875,16.328880995814643,0.001976698939643029
4213,16.232013702392578,16.34011727819029,0.10810357579771335
4214,16.18194580078125,16.665664837773875,0.48371903699262475
4215,21.06499671936035,18.928693750467573,2.136302968892778
4216,21.099090576171875,21.11374744663408,0.014656870462204097
4217,21.02804183959961,20.933816781962378,0.09422505763723166
4218,20.93505859375,20.94929227769171,0.014233683941711206
4219,20.86377143859864,20.843453292854974,0.02031814574366564
4220,20.825862884521484,20.811597734791576,0.014265149729908444
4221,20.73907852172852,20.77031544649799,0.03123692476946971
4222,20.701885223388672,20.74009072248373,0.03820549909505644
4223,20.586013793945312,20.661533855218295,0.07552006127298228
4224,20.600080490112305,20.546359635773115,0.05372085433918983
4225,20.44892311096192,20.54620513217742,0.09728202121549856
4226,20.43914794921875,20.457191287277965,0.018043338059214875
4227,20.366907119750977,20.400570579113264,0.03366345936228754
4228,20.310163497924805,20.34130856327465,0.031145065349846845
4229,20.246028900146484,20.277787811664894,0.03175891151840915
4230,20.209074020385746,20.214321354160347,0.005247333774601515
4231,20.149946212768555,20.16271480715659,0.012768594388035126
4232,20.071029663085938,20.107189700411254,0.03616003732531681
4233,20.06387710571289,20.037255876559357,0.026621229153533932
4234,19.9129581451416,20.00060199316067,0.08764384801906999
4235,19.917011260986328,19.907050233541668,0.00996102744466043
4236,19.84691619873047,19.861952946484962,0.015036747754493263
4237,19.8211669921875,19.80701334468904,0.014153647498460487
4238,19.77396011352539,19.76211781720849,0.011842296316899592
4239,19.717931747436523,19.71143594573732,0.006495801699202275
4240,19.60897445678711,19.65903576638084,0.050061309593729675
4241,19.52600479125977,19.579756318307773,0.05375152704800357
4242,19.443988800048828,19.502731416196184,0.058742616147355875
4243,19.37198638916016,19.4297051743888,0.05771878522864071
4244,19.315004348754883,19.355209640252724,0.040205291497841245
4245,19.3631649017334,19.289403844140907,0.07376105759249185
4246,19.22392845153809,19.273006689218164,0.049078237680074466
4247,19.18983459472656,19.192190583908086,0.0023559891815274625
4248,19.10090446472168,19.12963304994264,0.028728585220960667
4249,19.02604103088379,19.05994455501059,0.03390352412679931
4250,18.97788047790528,18.990038548508892,0.012158070603611293
4251,18.924951553344727,18.930679171944576,0.005727618599848938
4252,18.84698867797852,18.873966465434933,0.026977787456413438
4253,18.76688003540039,18.803927404860588,0.03704736946019693
4254,18.750905990600582,18.728271920736006,0.02263406986457639
4255,18.64886283874512,18.684553770981438,0.03569093223631725
4256,18.591880798339844,18.60876908699538,0.0168882886555366
4257,18.580198287963867,18.541995213581686,0.03820307438218151
4258,18.42498779296875,18.500843633319164,0.07585584035041393
4259,18.446922302246094,18.40438898238972,0.042533319856374874
4260,18.347978591918945,18.363991989645,0.0160133977260557
4261,18.314838409423828,18.2970649532308,0.017773456193026504
4262,18.19920539855957,18.243124262426136,0.043918863866565516
4263,18.12601089477539,18.157691314854674,0.03168042007928307
4264,18.047094345092773,18.08284990715947,0.035755562066697166
4265,17.99798011779785,18.006240086833714,0.008259969035862014
4266,17.96698570251465,17.94427392292164,0.02271177959300985
4267,17.87710189819336,17.89436926151211,0.01726736331875145
4268,17.8220272064209,17.819166060689895,0.0028611457310034893
4269,17.8070068359375,17.753999225760708,0.053007610176791786
4270,17.666101455688477,17.711912245204076,0.045810789515599026
4271,17.644882202148438,17.62245918780536,0.02242301434307592
4272,17.615079879760742,17.56438276083827,0.05069711892247142
4273,17.51112937927246,17.52216004501861,0.01103066574614786
4274,17.431020736694336,17.447573685558382,0.016552948864045902
4275,17.39811897277832,17.368586654811224,0.029532317967095878
4276,17.319917678833008,17.31571274262933,0.004204936203677789
4277,17.25602149963379,17.249875693892136,0.006145805741653021
4278,17.160892486572266,17.182454061639874,0.02156157506760792
4279,17.10796356201172,17.10183033173962,0.006133230272098444
4280,17.035961151123047,17.033919382242857,0.0020417688801899203
4281,17.06099510192871,16.964753468073468,0.09624163385524298
4282,16.90506935119629,16.938665401880826,0.03359605068453675
4283,16.909122467041016,16.849280463475225,0.05984200356579095
4284,16.795873641967773,16.805141450618066,0.009267808650292864
4285,16.793012619018555,16.74242581020735,0.05058680881120381
4286,16.64590835571289,16.71004054946934,0.06413219375644985
4287,16.6318416595459,16.621154061112975,0.01068759843292355
4288,16.57414436340332,16.5714655706779,0.0026787927254190436
4289,17.639875411987305,16.506823369297763,1.1330520426895418
4290,16.51477813720703,16.981674292992466,0.46689615578543453
4291,16.427040100097656,16.624510492533773,0.19747039243611653
4292,16.366958618164062,16.455762339802504,0.08880372163844186
4293,16.30091667175293,16.486006879489423,0.18509020773649354
4294,16.232967376708984,16.530917677187063,0.29795030047807813
4295,16.160964965820312,17.11104415869613,0.950079192875819
4296,21.146774291992188,18.743684911214586,2.403089380777601
4297,21.05903625488281,20.641714831072022,0.41732142381078674
4298,20.996809005737305,20.78768888986815,0.2091201158691547
4299,20.92313766479492,20.739553814109968,0.18358385068495053
4300,20.85709571838379,20.846719653036416,0.010376065347372787
4301,20.827054977416992,20.831379222272517,0.004324244855524739
4302,20.725011825561523,20.776211384145427,0.051199558583903126
4303,20.69997787475586,20.73878297187548,0.03880509711962077
4304,20.61700820922852,20.657619317262288,0.04061110803376877
4305,20.6148624420166,20.559371787840064,0.055490654176537646
4306,20.491838455200195,20.558293614158174,0.06645515895797871
4307,20.461082458496094,20.478335154621163,0.017252696125069633
4308,20.396947860717773,20.420650349024072,0.02370248830629862
4309,20.310163497924805,20.364421764952567,0.054258267027762486
4310,20.25794982910156,20.29042962431049,0.03247979520893196
4311,20.1871395111084,20.22832152488263,0.04118201377423247
4312,20.125150680541992,20.16225464785748,0.03710396731548826
4313,20.060062408447266,20.097523673939577,0.03746126549231121
4314,20.00284194946289,20.031279503200494,0.028437553737603594
4315,20.00093460083008,19.970526075212547,0.03040852561753482
4316,19.81496810913086,19.93399686716657,0.11902875803571078
4317,19.85383033752441,19.82583295512086,0.02799738240355154
4318,19.767045974731445,19.788184685239685,0.021138710508239456
4319,19.690990447998047,19.73088764680142,0.03989719880337361
4320,19.627094268798828,19.660510085941496,0.03341581714266795
4321,19.54817771911621,19.59087823115624,0.042700512040028116
4322,19.48404312133789,19.52203933842611,0.037996217088220874
4323,19.41490173339844,19.454521602256136,0.039619868857695195
4324,19.361019134521484,19.38572292738172,0.024703792860236717
4325,19.29903030395508,19.32536732101653,0.0263370170614472
4326,19.23203468322754,19.258509157680237,0.026474474452697905
4327,19.14501190185547,19.194117354345508,0.04910545249003917
4328,19.09685134887696,19.116653742457856,0.019802393580896194
4329,19.0579891204834,19.05419005015574,0.0037990703276591375
4330,18.92304420471192,19.00281710186391,0.07977289715199021
4331,18.898963928222656,18.909244898168254,0.010280969945597462
4332,18.844127655029297,18.849291470360185,0.00516381533088861
4333,18.79000663757324,18.793135110854564,0.0031284732813254834
4334,18.72491836547852,18.73521134416478,0.010292978686262444
4335,18.64194869995117,18.670333742647927,0.028385042696758234
4336,18.57614517211914,18.597161543539187,0.021016371420046198
4337,18.51391792297364,18.52839822686292,0.0144803038892789
4338,18.4628963470459,18.464686440438527,0.0017900933926284779
4339,18.466949462890625,18.406709049941128,0.06024041294949711
4340,18.329858779907227,18.373099323071074,0.04324054316384718
4341,18.29695701599121,18.28821903586686,0.008737980124351452
4342,18.249988555908203,18.2273414352494,0.022647120658803033
4343,18.156051635742188,18.17643853314621,0.02038689740402333
4344,18.069982528686523,18.104728253092617,0.03474572440609336
4345,17.990827560424805,18.024330748630746,0.033503188205941115
4346,17.95792579650879,17.948199855936764,0.009725940572025138
4347,17.878055572509766,17.893399173317448,0.015343600807682378
4348,17.81010627746582,17.824065936110856,0.013959658645035233
4349,17.78697967529297,17.75348443720759,0.03349523808537924
4350,17.667770385742188,17.70252958704077,0.03475920129858423
4351,17.663002014160156,17.61943748624617,0.04356452791398624
4352,17.612934112548828,17.572462025327695,0.040472087221132824
4353,17.515897750854492,17.52314730958915,0.007249558734656603
4354,17.477035522460938,17.448376869651838,0.028658652809099294
4355,17.383813858032227,17.389966885843933,0.006153027811706124
4356,17.348051071166992,17.31857684046645,0.029474230700543558
4357,17.283201217651367,17.263473769844495,0.019727447806872078
4358,17.1968936920166,17.202831024746956,0.005937332730354683
4359,17.129182815551758,17.12924583853237,6.302298061200418e-05
4360,17.07315444946289,17.05638826035738,0.01676618910551042
4361,17.02284812927246,16.994267927998408,0.028580201274053252
4362,16.94178581237793,16.935789992771788,0.005995819606141595
4363,16.939163208007812,16.866556043396486,0.07260716461132688
4364,16.80588722229004,16.829384522679902,0.023497300389863085
4365,16.789913177490234,16.757432432768837,0.03248074472139706
4366,16.730070114135742,16.712805610836767,0.017264503298974887
4367,16.644954681396484,16.664123823602495,0.019169142206010292
4368,16.59393310546875,16.600324730916327,0.006391625447577098
4369,16.52693748474121,16.535601842463166,0.00866435772195473
4370,16.440153121948242,16.457766487718573,0.017613365770330347
4371,16.371965408325195,16.383988172009367,0.012022763684171878
4372,16.38197898864746,16.31814608556681,0.0638329030806517
4373,16.28899574279785,16.39001898610104,0.10102324330318879
4374,16.22796058654785,16.791818029105343,0.5638574425574916
4375,21.13795280456543,19.094762158147205,2.043190646418225
4376,21.075963973999023,21.114005176059436,0.038041202060412616
4377,21.001100540161133,20.932825746967865,0.06827479319326812
4378,20.94101905822754,20.911521343350614,0.029497714876924874
4379,20.881175994873047,20.81990774922815,0.061268245644896524
4380,20.888805389404297,20.81827155279825,0.07053383660604595
4381,20.74408531188965,20.789699447504972,0.0456141356153239
4382,20.74909210205078,20.739031652283302,0.01006044976747944
4383,20.642995834350582,20.682697161191754,0.03970132684117189
4384,20.61295509338379,20.586480633483006,0.026474459900782676
4385,20.480871200561523,20.573151430653525,0.09228023009200115
4386,20.46799659729004,20.484713036239555,0.016716438949515577
4387,20.40600776672364,20.431819853001798,0.02581208627815812
4388,20.334959030151367,20.3768487472189,0.04188971706753364
4389,20.25794982910156,20.30750847188756,0.04955864278599975
4390,20.19190788269043,20.23666706509175,0.044759182401321596
4391,20.146846771240234,20.16775477477495,0.020908003534714226
4392,20.083904266357425,20.11267072384726,0.02876645748983364
4393,19.99807357788086,20.049997228397842,0.05192365051698289
4394,19.95205879211425,19.97611937349575,0.024060581381498025
4395,19.875049591064453,19.914445626909583,0.03939603584512952
4396,19.880056381225582,19.848392155836336,0.03166422538924607
4397,19.73605155944824,19.81367107555343,0.07761951610519091
4398,19.717931747436523,19.724261419924005,0.00632967248748173
4399,19.66118812561035,19.66814779189008,0.006959666279726662
4400,19.58799362182617,19.6151875788928,0.027193957066632635
4401,19.504070281982425,19.551775415493466,0.047705133511041
4402,19.440889358520508,19.475432541185,0.03454318266449263
4403,19.366979598999023,19.408311956340185,0.041332357341161696
4404,19.35291290283203,19.339750566814473,0.013162336017558118
4405,19.243955612182617,19.294930447813385,0.05097483563076821
4406,19.25182342529297,19.218653597818047,0.033169827474921476
4407,19.131898880004883,19.177370639226865,0.04547175922198221
4408,19.108057022094727,19.099942217962962,0.008114804131764686
4409,19.03104782104492,19.047452889026317,0.016405067981398957
4410,18.97406578063965,18.98352627222266,0.009460491583013209
4411,18.89920234680176,18.92287556734118,0.023673220539418338
4412,18.826961517333984,18.854707642503854,0.02774612516986963
4413,18.77307891845703,18.785223923487138,0.012145005030106404
4414,18.67198944091797,18.724599862935065,0.052610422017096425
4415,18.600940704345703,18.64278199786895,0.04184129352324817
4416,18.59116554260254,18.5685488852414,0.022616657361140824
4417,18.46504211425781,18.52312181176785,0.05807969751004194
4418,18.48006248474121,18.438294980796854,0.04176750394435658
4419,18.409013748168945,18.3972598647415,0.011753883427445544
4420,18.33796501159668,18.341120765398955,0.003155753802275285
4421,18.2650089263916,18.274844420375302,0.009835493983700871
4422,18.199920654296875,18.20489166061634,0.004971006319465232
4423,18.13507080078125,18.141465253393108,0.0063944526118575595
4424,18.060922622680664,18.076517270628756,0.015594647948091733
4425,18.051862716674805,18.007146329182433,0.04471638749237172
4426,17.924070358276367,17.96638368909953,0.04231333082316269
4427,17.935991287231445,17.880022211784308,0.055969075447137584
4428,17.847061157226562,17.841225386973747,0.005835770252815564
4429,17.776012420654297,17.777225707732214,0.0012132870779169025
4430,17.704010009765625,17.708413962054692,0.004403952289067092
4431,17.64392852783203,17.638248382809252,0.00568014502277947
4432,17.558813095092773,17.575940031974824,0.01712693688205036
4433,17.491817474365234,17.501822378108045,0.010004903742810711
4434,17.422914505004883,17.431000912665695,0.008086407660812256
4435,17.434120178222656,17.36189054940951,0.07222962881314743
4436,17.283916473388672,17.32801320622457,0.044096732835896546
4437,17.29297637939453,17.236404723121268,0.056571656273263216
4438,17.23194122314453,17.190296292142193,0.041644931002338126
4439,17.18282699584961,17.138263184506286,0.04456381134332332
4440,17.096996307373047,17.084997232018395,0.011999075354651723
4441,17.036914825439453,17.01293060500575,0.02398422043370374
4442,16.993045806884766,16.949413204883967,0.043632602000798215
4443,16.89600944519043,16.89679693834023,0.0007874931498008664
4444,16.850948333740234,16.826857416958774,0.02409091678146069
4445,16.759157180786133,16.773790123920662,0.014632943134529341
4446,16.71123504638672,16.711807872866302,0.0005728264795834548
4447,16.742944717407227,16.656672963108576,0.0862717542986502
4448,16.587018966674805,16.638959678857645,0.0519407121828408
4449,16.550064086914062,16.55773490148249,0.007670814568427886
4450,16.456127166748047,16.484629271303675,0.02850210455562774
4451,16.40605926513672,16.4008483140492,0.005210951087519788
4452,16.37101173400879,16.342209842548527,0.028801891460261686
4453,16.240835189819336,16.34327088174814,0.10243569192880386
4454,16.202211380004883,16.619622933831124,0.4174115538262413
4455,21.09980583190918,18.55657703504221,2.54322879686697
4456,21.04997634887696,21.079778105104197,0.029801756227236353
4457,21.00491523742676,21.040134359282092,0.035219121855330826
4458,20.92504501342773,20.90814505436356,0.01689995906417252
4459,20.960092544555664,20.816381983877363,0.14371056067830068
4460,20.78413963317871,20.849738003107632,0.06559836992892087
4461,20.787954330444336,20.759229729719664,0.0287246007246722
4462,20.68495750427246,20.744886366628634,0.05992886235617334
4463,20.631074905395508,20.665671602273505,0.0345966968779976
4464,20.586013793945312,20.5718121760583,0.014201617887010798
4465,20.487070083618164,20.553228510379995,0.06615842676183092
4466,20.42198181152344,20.476280357343057,0.05429854581961635
4467,20.34211158752441,20.40440836799462,0.062296780470209256
4468,20.368099212646484,20.331179361164686,0.036919851481798105
4469,20.28799057006836,20.3055867286821,0.017596158613741864
4470,20.21312713623047,20.24561855432694,0.032491418096469715
4471,20.11299133300781,20.17562775517945,0.06263642217163934
4472,20.055055618286133,20.095625056001154,0.040569437715021195
4473,19.990205764770508,20.03073589185078,0.040530127080273814
4474,19.92106437683105,19.967479572642333,0.04641519581128151
4475,19.85502243041992,19.898270005342056,0.04324757492213749
4476,19.86098289489746,19.828982348371937,0.03200054652552353
4477,19.726037979125977,19.79399013271177,0.06795215358579298
4478,19.68097686767578,19.710875912096526,0.029899044420744758
4479,19.58799362182617,19.642744853626937,0.05475123180076835
4480,19.577980041503903,19.567992595511896,0.009987445992006627
4481,19.49906349182129,19.524959825048427,0.025896333227137802
4482,19.455909729003903,19.460744309981237,0.004834580977334468
4483,19.40608024597168,19.404101146847097,0.001979099124582717
4484,19.34981346130371,19.34949501810479,0.0003184431989211589
4485,19.248008728027344,19.294053698558855,0.04604497053151135
4486,19.18506622314453,19.217648151425237,0.03258192828070605
4487,19.13094520568848,19.147457938743173,0.01651273305469303
4488,19.062042236328125,19.088609161372005,0.026566925043880474
4489,18.982887268066406,19.02298635650368,0.04009908843727317
4490,18.97501945495605,18.950198237916993,0.02482121703905804
4491,18.841028213500977,18.906555999365082,0.06552778586410568
4492,18.88298988342285,18.818921626916563,0.06406825650628889
4493,18.77093315124512,18.791649731383586,0.020716580138465446
4494,18.70894432067871,18.722818211927006,0.013873891248294967
4495,18.57805252075196,18.654333739050344,0.07628121829838364
4496,18.597841262817383,18.558801417611903,0.03903984520547965
4497,18.497943878173828,18.523286369827474,0.025342491653645993
4498,18.445968627929688,18.454915009670003,0.008946381740315701
4499,18.362998962402344,18.389717173477038,0.02671821107469441
4500,18.294811248779297,18.316571618697708,0.021760369918411016
4501,18.234968185424805,18.245216428795175,0.010248243370369892
4502,18.16701889038086,18.182248337552664,0.015229447171805077
4503,18.09906959533692,18.114339985459083,0.01527039012216136
4504,18.1119441986084,18.045547678411822,0.0663965201965766
4505,18.013954162597656,18.012653159075853,0.001301003521803068
4506,17.956972122192383,17.94748565384907,0.009486468343311572
4507,17.876148223876953,17.881813917256295,0.005665693379341974
4508,17.8220272064209,17.811909754072985,0.010117452347913058
4509,17.759084701538086,17.75205234639543,0.007032355142655433
4510,17.6849365234375,17.690231301912718,0.005294778475217754
4511,17.611980438232422,17.62197154630485,0.009991108072426869
4512,17.570018768310547,17.550524525631772,0.019494242678774754
4513,17.507076263427734,17.493407294523422,0.01366896890431235
4514,17.43006706237793,17.43322948459536,0.0031624222174286842
4515,17.35401153564453,17.361698173999685,0.0076866383551532635
4516,17.340898513793945,17.288533348164492,0.05236516562945326
4517,17.199993133544922,17.244591486587524,0.04459835304260196
4518,17.195940017700195,17.15326327166622,0.04267674603397609
4519,17.148971557617188,17.102010055282335,0.04696150233485241
4520,17.06099510192871,17.05291192945424,0.008083172474471212
4521,17.036914825439453,16.981688788177962,0.055226037261491
4522,16.926050186157227,16.930443112642024,0.004392926484797499
4523,16.89314842224121,16.85715981170688,0.03598861053433211
4524,16.885995864868164,16.804376892423534,0.08161897244463034
4525,16.748905181884766,16.779903573137744,0.030998391252978763
4526,16.685962677001953,16.710097105828936,0.024134428826982912
4527,16.61396026611328,16.63759302584822,0.02363275973493728
4528,16.58797264099121,16.5713121563158,0.01666048467541259
4529,16.509056091308594,16.518483908157577,0.009427816848983639
4530,16.48402214050293,16.432466419189495,0.05155572131343433
4531,16.39413833618164,16.387625667590555,0.006512668591085458
4532,16.31307601928711,16.324688200569426,0.01161218128231667
4533,16.268014907836914,16.376691815111144,0.10867690727422996
4534,16.18194580078125,16.845888003558684,0.6639422027774344
4535,21.1789608001709,20.066946373390238,1.1120144267806609
4536,21.013975143432617,21.054310818271915,0.04033567483929801
4537,21.036863327026367,20.90268011806984,0.1341832089565287
4538,20.96104621887207,20.921339192227606,0.03970702664446435
4539,20.882129669189453,20.844338085680647,0.03779158350880607
4540,20.833969116210938,20.826837285767397,0.007131830443540821
4541,20.74408531188965,20.775820265498623,0.03173495360897505
4542,20.704984664916992,20.748968143834645,0.043983478917652974
4543,20.63584327697754,20.66806758102757,0.032224304050032515
4544,20.552873611450195,20.575687836753787,0.02281422530359123
4545,20.516157150268555,20.539489420571044,0.023332270302489633
4546,20.43986320495605,20.481509348883264,0.04164614392721333
4547,20.366907119750977,20.417960779923305,0.05105366017232882
4548,20.30205726623535,20.345908815670555,0.043851549435203196
4549,20.29609680175781,20.278794598652894,0.017302203104915037
4550,20.142078399658203,20.24103003213895,0.09895163248074823
4551,20.132064819335938,20.14434831789913,0.012283498563192552
4552,20.06196975708008,20.08916506292735,0.02719530584726826
4553,19.989967346191406,20.031928016123857,0.0419606699324504
4554,19.91105079650879,19.962713086442818,0.051662289934029104
4555,19.86289024353028,19.888089525466057,0.025199281935776696
4556,19.77205276489257,19.82832344583585,0.05627068094327825
4557,19.70696449279785,19.753498795580526,0.046534302782674786
4558,19.639015197753903,19.68223208496056,0.04321688720665762
4559,19.63496208190918,19.61513596597797,0.019826115931209642
4560,19.55699920654297,19.573991423840198,0.016992217297229217
4561,19.49906349182129,19.513422997988528,0.014359506167238578
4562,19.43397521972656,19.45000312616685,0.016027906440289286
4563,19.364118576049805,19.3874459273502,0.023327351300395094
4564,19.28877830505371,19.32331688067279,0.0345385756190808
4565,19.20914649963379,19.254727003499283,0.04558050386549439
4566,19.13905143737793,19.181029123501503,0.04197768612357322
4567,19.08397674560547,19.110030867068417,0.026054121462948387
4568,19.00315284729004,19.04615050079883,0.0429976535087917
4569,19.047975540161133,18.973961795836658,0.07401374432447483
4570,18.90110969543457,18.953717467866227,0.052607772431656485
4571,18.901824951171875,18.86909926702174,0.03272568415013666
4572,18.85604858398437,18.822650660013096,0.03339792397127539
4573,18.75805854797364,18.778228195060365,0.02016964708672475
4574,18.685102462768555,18.707858175048386,0.02275571227983164
4575,18.618106842041016,18.635819951896337,0.017713109855321818
4576,18.54395866394043,18.570619099364194,0.026660435423764284
4577,18.481969833374023,18.50243156832221,0.02046173494818504
4578,18.41402053833008,18.435085595911005,0.021065057580923252
4579,18.41092109680176,18.369354370406654,0.04156672639510717
4580,18.2650089263916,18.327760728880094,0.0627518024884921
4581,18.26786994934082,18.235995815075512,0.031874134265308385
4582,18.20707321166992,18.18856689783388,0.0185063138360384
4583,18.110036849975582,18.134801322275962,0.02476447230037948
4584,18.04804801940918,18.05869405757221,0.010646038163031335
4585,17.985105514526367,17.988448042615346,0.0033425280889787246
4586,17.90904998779297,17.925151002827988,0.016101015035019373
4587,17.897844314575195,17.85504642066371,0.0427978939114837
4588,17.796993255615234,17.81124632702813,0.014253071412895224
4589,17.7919864654541,17.738929260076475,0.053057205377626815
4590,17.69399642944336,17.694257779567124,0.0002613501237647142
4591,17.631053924560547,17.625372971451725,0.0056809531088219956
4592,17.54903793334961,17.55879465736143,0.00975672401182237
4593,17.48514175415039,17.48569007452261,0.0005483203722178587
4594,17.428874969482422,17.419823365116827,0.009051604365595267
4595,17.333984375,17.357565454176438,0.023581079176437925
4596,17.282962799072266,17.27869321189246,0.004269587179805967
4597,17.27914810180664,17.21318435761532,0.0659637441913219
4598,17.14801788330078,17.175172870224742,0.027154986923960678
4599,17.15087890625,17.089878925617086,0.06099998063291423
4600,17.093896865844727,17.042990938534786,0.050905927309941035
4601,16.99995994567871,16.993002322351458,0.006957623327252804
4602,16.944169998168945,16.91993343285958,0.024236565309365687
4603,16.86382293701172,16.856457926337498,0.0073650106742206845
4604,16.80612564086914,16.796106425545076,0.010019215324064135
4605,16.746997833251953,16.740814247214075,0.006183586037877831
4606,16.662120819091797,16.688508914967315,0.026388095875518047
4607,16.6018009185791,16.622115016502903,0.020314097923801455
4608,16.51787757873535,16.553210518395645,0.03533293966029305
4609,16.541004180908203,16.46740461305285,0.0735995678553536
4610,16.393184661865234,16.42466002866172,0.031475366796485105
4611,16.374826431274414,16.34642722933677,0.028399201937645557
4612,16.312122344970703,16.324609754803987,0.012487409833283891
4613,16.241788864135742,16.506974395724683,0.26518553158894065
4614,16.26896858215332,18.020901673708067,1.751933091554747
4615,21.09813690185547,20.598358306870068,0.49977859498540056
4616,21.072864532470703,20.976444357529545,0.09642017494115862
4617,21.01612091064453,20.901082128602866,0.1150387820416654
4618,20.97606658935547,20.91778393378263,0.05828265557283885
4619,20.883798599243164,20.86679037392969,0.017008225313475123
4620,20.82490921020508,20.849143113991886,0.024233903786804234
4621,20.74193954467773,20.773645820099773,0.031706275422042296
4622,20.674943923950195,20.73923877424022,0.06429485029002535
4623,20.603179931640625,20.6519821144866,0.04880218284597504
4624,20.517826080322266,20.550128384002164,0.032302303679898614
4625,20.460128784179688,20.51329385540157,0.05316507122188341
4626,20.4770565032959,20.44559949581526,0.03145700748063973
4627,20.31087875366211,20.41648210342828,0.10560334976617014
4628,20.33400535583496,20.317609856647323,0.016395499187638052
4629,20.25604248046875,20.274024090667808,0.017981610199058196
4630,20.190954208374023,20.22073141006331,0.029777201689284993
4631,20.123958587646484,20.15491991642193,0.030961328775447328
4632,20.045042037963867,20.089540094431868,0.04449805646800087
4633,19.990205764770508,20.020176023535896,0.02997025876538828
4634,19.91510391235352,19.957811200129072,0.04270728777555277
4635,19.847869873046875,19.88951424300467,0.04164436995779397
4636,19.866943359375,19.82313534244895,0.043808016926050186
4637,19.72007751464844,19.7923358382468,0.07225832359835849
4638,19.708871841430664,19.706844742358953,0.002027099071710836
4639,19.61207389831543,19.652694751130184,0.04062085281475447
4640,19.5767879486084,19.583198631607956,0.006410682999558048
4641,19.51003074645996,19.530384878635232,0.020354132175270934
4642,19.49501037597656,19.467707026251446,0.027303349725112724
4643,19.369125366210938,19.42812796414728,0.05900259793634177
4644,19.31595802307129,19.344174530942837,0.028216507871547947
4645,19.23990249633789,19.2762318260975,0.03632932975961012
4646,19.170045852661133,19.209756067539274,0.039710214878141414
4647,19.083023071289062,19.13927762689127,0.05625455560220871
4648,19.079923629760746,19.061803290242096,0.01812033951864933
4649,18.970966339111328,19.017857239305158,0.04689090019383002
4650,18.96500587463379,18.94106291956632,0.023942955067468574
4651,18.815040588378903,18.894596382097006,0.07955579371810373
4652,18.809080123901367,18.799940977487495,0.009139146413872368
4653,18.73493194580078,18.74736786135145,0.012435915550668142
4654,18.657922744750977,18.686391391838697,0.028468647087720456
4655,18.61500740051269,18.615528367945444,0.0005209674327524283
4656,18.568038940429688,18.55610011830322,0.01193882212646713
4657,18.491029739379883,18.502260474861032,0.011230735481149168
4658,18.481969833374023,18.43678094610368,0.04518888727034209
4659,18.45693588256836,18.394774568832872,0.062161313735487056
4660,18.413066864013672,18.361363920348595,0.05170294366507733
4661,18.29814910888672,18.31581351211753,0.01766440323081042
4662,18.24593544006348,18.23829242221109,0.007643017852391409
4663,18.146991729736328,18.176467523517204,0.029475793780875392
4664,18.085956573486328,18.101582378903913,0.01562580541758507
4665,17.995119094848633,18.035533599913833,0.0404145050652005
4666,17.92597770690918,17.957292442815742,0.03131473590656242
4667,17.915010452270508,17.88266469247901,0.032345759791496675
4668,17.780780792236328,17.837442562495198,0.05666177025887009
4669,17.757177352905273,17.746799559290594,0.010377793614679831
4670,17.718791961669922,17.685968209207203,0.0328237524627184
4671,17.627954483032227,17.63564327120548,0.007688788173254579
4672,17.570972442626953,17.564299811510864,0.006672631116089178
4673,17.512083053588867,17.496744454888358,0.015338598700509465
4674,17.457008361816406,17.43605110232238,0.020957259494025493
4675,17.399072647094727,17.377221679794275,0.021850967300451885
4676,17.297983169555664,17.317237837232824,0.019254667677159887
4677,17.30203628540039,17.238062201499815,0.06397408390057535
4678,17.240047454833984,17.197510034861807,0.042537419972177304
4679,17.162084579467773,17.146667459542186,0.01541711992558703
4680,17.087936401367188,17.078415412356662,0.009520989010525227
4681,17.00592041015625,17.00640023068445,0.00047982052819861565
4682,16.978025436401367,16.93396904556721,0.044056390834157355
4683,16.871929168701172,16.884129821960414,0.012200653259242245
4684,16.797780990600586,16.811599516586284,0.013818525985698216
4685,16.783952713012695,16.74416003766055,0.039792675352146034
4686,16.660213470458984,16.706759023804807,0.046545553345822555
4687,16.633987426757812,16.63361723944945,0.00037018730836280156
4688,16.559123992919922,16.57375622892232,0.014632236002398713
4689,16.505956649780273,16.503434847379594,0.0025218024006790074
4690,16.451120376586914,16.425247984386715,0.0258723922001991
4691,16.375064849853516,16.371727591121044,0.003337258732472037
4692,16.288042068481445,16.321850747061717,0.03380867858027159
4693,16.232967376708984,16.42691689971798,0.19394952300899604
4694,16.18504524230957,17.280777334690356,1.0957320923807856
4695,21.11506462097168,20.2364086653688,0.8786559556028806
4696,21.064043045043945,21.047810942491196,0.016232102552748984
4697,20.96199989318848,20.966035641322378,0.004035748133897954
4698,20.92194557189941,20.912358545047027,0.009587026852383218
4699,20.863056182861328,20.839377213178523,0.023678969682805473
4700,20.78700065612793,20.827708672641165,0.040708016513235634
4701,20.74313163757324,20.75430069635331,0.011169058780073016
4702,20.67089080810547,20.733098848268128,0.06220804016265902
4703,20.60985565185547,20.64341303002948,0.0335573781740095
4704,20.54905891418457,20.546960892716015,0.002098021468555089
4705,20.5230712890625,20.522003702353686,0.0010675867088139057
4706,20.452022552490234,20.476512950608594,0.024490398118359735
4707,20.41101455688477,20.415541675902205,0.00452711901743541
4708,20.32399177551269,20.36274468036936,0.03875290485666838
4709,20.269155502319336,20.29513243223846,0.025976929919124814
4710,20.25294303894043,20.233665472460416,0.019277566480013775
4711,20.127058029174805,20.19560496955819,0.06854694038338494
4712,20.106077194213867,20.11263151143794,0.0065543172240722924
4713,20.016908645629883,20.058591113865987,0.04168246823610389
4714,20.001888275146484,19.99208318102319,0.009805094123294111
4715,19.86885070800781,19.94797123143144,0.07912052342362941
4716,19.86002922058105,19.85929488137117,0.0007343392098810853
4717,19.80185508728028,19.810016277915565,0.008161190635284754
4718,19.70696449279785,19.757060421852657,0.05009592905480531
4719,19.629955291748047,19.681570166085294,0.051614874337246874
4720,19.55509185791016,19.60560299357894,0.05051113566878129
4721,19.485950469970703,19.53296820556716,0.04701773559645517
4722,19.48213577270508,19.464559308744356,0.017576463960725874
4723,19.34480667114257,19.42302364795978,0.07821697681720963
4724,19.35887336730957,19.334414327659033,0.024459039650537306
4725,19.28591728210449,19.290397225177003,0.004479943072514203
4726,19.21606063842773,19.23508996515011,0.01902932672237867
4727,19.121885299682617,19.16993904978881,0.04805375010619173
4728,19.065141677856445,19.08980430198426,0.024662624127813615
4729,18.997907638549805,19.025101145416556,0.027193506866751704
4730,18.942832946777344,18.959938164698542,0.017105217921198346
4731,18.875837326049805,18.898123655617383,0.022286329567577923
4732,18.841981887817383,18.83306658191941,0.008915305897971848
4733,18.7380313873291,18.778670256324403,0.04063886899530189
4734,18.748044967651367,18.701983351775198,0.046061615876169526
4735,18.682003021240234,18.664935836113727,0.017067185126506956
4736,18.620967864990234,18.61272233463751,0.008245530352724018
4737,18.545150756835938,18.55268093027007,0.007530173434133758
4738,18.50581169128418,18.48551945727195,0.020292234012231347
4739,18.43118667602539,18.434281238796757,0.003094562771366327
4740,18.33796501159668,18.37200070531253,0.03403569371585036
4741,18.28789710998535,18.294470063665358,0.0065729536800063215
4742,18.200159072875977,18.23207490929235,0.03191583641637408
4743,18.171072006225582,18.15720819786293,0.013863808362653884
4744,18.073081970214844,18.104781206602638,0.03169923638779437
4745,18.01300048828125,18.027730330459235,0.01472984217798512
4746,18.002986907958984,17.95786169304847,0.04512521491051302
4747,17.880916595458984,17.915768177090285,0.03485158163130109
4748,17.853975296020508,17.834305234600834,0.019670061419674312
4749,17.782211303710938,17.776351974816862,0.005859328894075588
4750,17.781972885131836,17.713124813553804,0.06884807157803152
4751,17.66204833984375,17.679023758546464,0.016975418702713796
4752,17.62104034423828,17.599798939727407,0.021241404510874418
4753,17.529010772705078,17.53987316169514,0.010862388990062755
4754,17.453908920288086,17.466119814571357,0.012210894283271045
4755,17.43006706237793,17.39427136942595,0.03579569295197871
4756,17.344951629638672,17.345318363027218,0.00036673338854598114
4757,17.2879695892334,17.276368536045084,0.011601053188314836
4758,17.25602149963379,17.211098810435033,0.044922689198756416
4759,17.11893081665039,17.160816855266603,0.04188603861621232
4760,17.143964767456055,17.06936379741819,0.07460097003786359
4761,17.04096794128418,17.031215150382195,0.009752790901984554
4762,16.9980525970459,16.963467502137064,0.034585094908834435
4763,16.91412925720215,16.90467988942146,0.0094493677806895
4764,16.83187484741211,16.836674009027774,0.004799161615665071
4765,16.775131225585938,16.772771439150347,0.0023597864355906495
4766,16.75701141357422,16.715375112880793,0.041636300693426165
4767,16.659975051879883,16.68191343799208,0.021938386112196895
4768,16.62611961364746,16.615011872886498,0.01110774076096277
4769,16.508102416992188,16.560809682232502,0.05270726524031488
4770,16.46709442138672,16.46340239179267,0.0036920295940490178
4771,16.39699935913086,16.400371941927006,0.003372582796146162
4772,16.401052474975586,16.33184729308823,0.06920518188735514
4773,16.213178634643555,16.361136155978784,0.1479575213352291
4774,16.22295379638672,16.655636934387985,0.43268313800126634
4775,21.13795280456543,18.548218088881185,2.5897347156842443
4776,21.06499671936035,21.12300056978711,0.05800385042675771
4777,21.079063415527344,20.947985867678653,0.1310775478486903
4778,20.930051803588867,20.954716325832123,0.024664522243256215
4779,20.910978317260746,20.829507081089105,0.08147123617164098
4780,20.83992958068848,20.825650188726286,0.01427939196219441
4781,20.77794075012207,20.78119739280737,0.0032566426853009034
4782,20.708084106445312,20.759278661444114,0.05119455499880132
4783,20.6289291381836,20.683030299096572,0.054101160912971125
4784,20.54905891418457,20.57645231116112,0.02739339697654941
4785,20.49493789672852,20.540669814636203,0.04573191790768405
4786,20.43795585632324,20.476054467053473,0.03809861073023413
4787,20.35999298095703,20.41579002116123,0.0557970402041974
4788,20.28489112854004,20.34146139112636,0.056570262586319586
4789,20.2181339263916,20.26845827458601,0.05032434819440823
4790,20.14780044555664,20.199275184040744,0.051474738484103
4791,20.10393142700196,20.129517648456385,0.02558622145442513
4792,20.03002166748047,20.0707134458753,0.04069177839483018
4793,20.04098892211914,20.003023443223356,0.037965478895785054
4794,19.92201805114746,19.97019126156374,0.0481732104162802
4795,19.886016845703125,19.894500251666614,0.008483405963488622
4796,19.852876663208008,19.83625206094075,0.016624602267256705
4797,19.78302001953125,19.79375217706547,0.010732157534221187
4798,19.693851470947266,19.7364283267234,0.042576855776133016
4799,19.60897445678711,19.661223282582796,0.05224882579568657
4800,19.55294609069824,19.585299344271334,0.032353253573095486
4801,19.522905349731445,19.523055844729242,0.0001504949977970682
4802,19.379138946533203,19.474352691759123,0.09521374522591941
4803,19.443035125732425,19.379221040708217,0.06381408502420882
4804,19.288063049316406,19.356251282715675,0.06818823339926894
4805,19.237041473388672,19.27097803354627,0.03393656015759916
4806,19.23799514770508,19.199463647964876,0.03853149974020553
4807,19.13714408874512,19.164421495133865,0.02727740638874465
4808,19.057035446166992,19.096960734259483,0.03992528809249052
4809,19.00792121887207,19.01928765437333,0.01136643550125882
4810,18.91398429870605,18.958760451823764,0.04477615311771288
4811,18.85104179382324,18.88513848302864,0.03409668920540199
4812,18.811941146850582,18.813225940675693,0.0012847938251105973
4813,18.73707771301269,18.760836318506335,0.023758605493643614
4814,18.656015396118164,18.691827002612627,0.03581160649446247
4815,18.61405372619629,18.61606477359601,0.0020110473997192457
4816,18.53799819946289,18.558374940766953,0.020376741304062307
4817,18.53799819946289,18.49052708303134,0.04747111643155222
4818,18.36705207824707,18.452936458743352,0.08588438049628166
4819,18.378019332885746,18.350360985323277,0.02765834756246832
4820,18.290042877197266,18.302175804819854,0.012132927622587886
4821,18.230199813842773,18.237286137946285,0.007086324103511288
4822,18.17488670349121,18.173499780914426,0.0013869225767848548
4823,18.12410354614257,18.11055045800458,0.013553088137989278
4824,18.02706718444824,18.053982535775503,0.026915351327264858
4825,18.045902252197266,17.976666389358797,0.06923586283846817
4826,17.92287826538086,17.944690177728262,0.02181191234740254
4827,17.895936965942383,17.86917595882187,0.02676100712051266
4828,17.82703399658203,17.812306570249348,0.014727426332683535
4829,17.752885818481445,17.753046230154723,0.00016041167327784933
4830,17.702817916870117,17.68623029556693,0.016587621303187916
4831,17.606019973754883,17.62652873208026,0.02050875832537713
4832,17.564058303833008,17.5505484887708,0.013509815062207053
4833,17.494916915893555,17.49054101821912,0.0043758976744356914
4834,17.449140548706055,17.425519554080893,0.023620994625161984
4835,17.338991165161133,17.369460890449773,0.030469725288639893
4836,17.284154891967773,17.28427126090537,0.0001163689375971444
4837,17.283201217651367,17.21597840935374,0.06722280829762894
4838,17.14301109313965,17.17976248164632,0.03675138850667281
4839,17.13109016418457,17.090325176241095,0.04076498794347572
4840,17.03190803527832,17.03511871221508,0.0032106769367601373
4841,17.007112503051758,16.961063647386254,0.04604885566550365
4842,16.902923583984375,16.910973481117253,0.008049897132877959
4843,16.908884048461914,16.836036639801932,0.07284740865998174
4844,16.853809356689453,16.803824148269086,0.04998520842036669
4845,16.754865646362305,16.763835953270245,0.00897030690794054
4846,16.703128814697266,16.7021034718573,0.00102534283996647
4847,16.623973846435547,16.64174191660095,0.017768070165402605
4848,16.54791831970215,16.578650155452124,0.03073183574997529
4849,16.607999801635742,16.500942890388615,0.10705691124712757
4850,16.479969024658203,16.480095566890895,0.00012654223269237264
4851,16.378164291381836,16.401915553501567,0.02375126211973111
4852,16.368865966796875,16.32465705267805,0.044208914118826215
4853,16.206026077270508,16.341108438865604,0.1350823615950958
4854,21.20089530944824,16.669999400960478,4.530895908487761
4855,21.10886573791504,20.582531910349644,0.526333827565395
4856,21.008968353271484,20.873478268185863,0.1354900850856211
4857,20.95913887023925,20.802076492600463,0.1570623776387876
4858,20.892858505249023,20.770465928308113,0.12239257694091066
4859,20.828962326049805,20.768925919583126,0.06003640646667918
4860,20.86114883422852,20.744039110468293,0.1171097237602261
4861,20.692110061645508,20.77843576671512,0.08632570506961201
4862,20.711898803710938,20.683301434473833,0.02859736923710443
4863,20.643234252929688,20.615598361018783,0.02763589191090432
4864,20.57194709777832,20.60657481479211,0.03462771701379097
4865,20.514965057373047,20.539219625788974,0.02425456841592677
4866,20.431041717529297,20.47865857321085,0.047616855681553716
4867,20.38288116455078,20.41024498430488,0.027363819754100405
4868,20.28489112854004,20.350931355551438,0.06604022701139911
4869,20.22099494934082,20.273643026484933,0.052648077144112904
4870,20.207881927490234,20.20426253329788,0.003619394192355685
4871,20.06196975708008,20.159480621259718,0.09751086417963606
4872,20.04408836364746,20.066287806002947,0.0221994423554861
4873,19.993066787719727,20.006342086617224,0.013275298897497123
4874,19.91105079650879,19.95489741648271,0.04384661997391959
4875,19.852161407470703,19.88483389004614,0.032672482575435424
4876,19.79517936706543,19.816528219052998,0.021348851987568196
4877,19.72508430480957,19.757630845106178,0.03254654029660742
4878,19.6378231048584,19.69188403518274,0.054060930324340006
4879,19.567012786865234,19.615233494278073,0.04822070741283824
4880,19.498825073242188,19.54462937283097,0.04580429958878085
4881,19.44184303283692,19.473538615329744,0.031695582492822894
4882,19.423961639404297,19.410502824030118,0.013458815374178812
4883,19.306182861328125,19.366026232546574,0.05984337121844874
4884,19.321203231811523,19.283048752640752,0.03815447917077108
4885,19.171953201293945,19.245878069796163,0.07392486850221758
4886,19.16098594665528,19.155730751663214,0.005255194992066947
4887,19.10996437072754,19.1037682766364,0.006196094091137638
4888,19.016027450561523,19.052467720484856,0.03644026992333238
4889,18.970966339111328,18.979472312366852,0.008505973255523713
4890,18.897056579589844,18.917737065976326,0.02068048638648179
4891,18.82004737854004,18.85225803994217,0.032210661402132246
4892,18.77903938293457,18.78202124157724,0.0029818586426699767
4893,18.7070369720459,18.72348750407582,0.016450532029921305
4894,18.64409446716309,18.66055175469228,0.016457287529188847
4895,18.55397224426269,18.59271026478382,0.038738020521126515
4896,18.56708526611328,18.51635917932981,0.05072608678347024
4897,18.42284202575684,18.48269582865214,0.059853802895300845
4898,18.455028533935547,18.393391409745163,0.061637124190383474
4899,18.383026123046875,18.360920853638163,0.022105269408712047
4900,18.280982971191406,18.308155194517894,0.027172223326488165
4901,18.290042877197266,18.2294391315736,0.06060374562366633
4902,18.192052841186523,18.193024544416403,0.0009717032298794948
4903,18.15199851989746,18.129235673768562,0.022762846128898673
4904,18.08810234069824,18.073994270480398,0.014108070217840663
4905,18.03803443908692,18.014378505085915,0.023655934001006074
4906,17.93694496154785,17.961771371346913,0.024826409799061366
4907,17.8680419921875,17.88241048211603,0.014368489928529016
4908,17.802953720092773,17.812677244819497,0.009723524726723554
4909,17.78101921081543,17.745610451356697,0.035408759458732675
4910,17.660140991210938,17.698883503271645,0.03874251206070767
4911,17.589092254638672,17.61468691961454,0.02559466497586982
4912,17.552852630615234,17.535034367142543,0.017818263472690887
4913,17.490863800048828,17.479112611795244,0.011751188253583678
4914,17.40097999572754,17.41925930969046,0.01827931396292115
4915,17.38715171813965,17.341214717362163,0.04593700077748508
4916,17.297983169555664,17.29285065118802,0.005132518367645389
4917,17.328977584838867,17.22487485039892,0.10410273443994811
4918,17.221927642822266,17.201131987917506,0.02079565490475943
4919,17.155885696411133,17.13505463749243,0.020831058918702183
4920,17.08698272705078,17.06661038247148,0.02037234457930026
4921,16.97707176208496,17.000929177925173,0.023857415840211615
4922,16.89004898071289,16.919597362402783,0.029548381689892267
4923,16.85309410095215,16.837843259395413,0.015250841556735395
4924,16.78609848022461,16.785518320943993,0.000580159280616499
4925,16.77393913269043,16.73306803684227,0.04087109584816062
4926,16.592979431152344,16.694819850613385,0.10184041946104117
4927,16.643047332763672,16.59297022570172,0.05007710706195212
4928,16.559123992919922,16.558569212520524,0.0005547803993977141
4929,16.501188278198242,16.49011578280124,0.011072495397002058
4930,16.41988754272461,16.41741059259516,0.0024769501294485963
4931,16.35599136352539,16.35030046020347,0.0056909033219199046
4932,16.336917877197266,16.319578207799168,0.017339669398097612
4933,16.222000122070312,16.49740426370272,0.2754041416324071
4934,21.163225173950195,18.203556930529885,2.9596682434203103
4935,21.13509178161621,20.950052060015878,0.185039721600333
4936,21.027088165283203,20.869170935839065,0.15791722944413777
4937,21.005868911743164,20.896780493785627,0.10908841795753688
4938,20.949125289916992,20.842907670612476,0.10621761930451612
4939,20.862817764282227,20.847278010933223,0.01553975334900315
4940,20.795106887817383,20.793304307971994,0.0018025798453891184
4941,20.71094512939453,20.766722316238884,0.0557771868443524
4942,20.63202857971192,20.686665322955378,0.054636743243456465
4943,20.56097984313965,20.587838991559693,0.02685914842004422
4944,20.509004592895508,20.554745728986745,0.04574113609123742
4945,20.483970642089844,20.492114797434624,0.008144155344780302
4946,20.468950271606445,20.442832172193448,0.026118099412997253
4947,20.39504051208496,20.40631871614096,0.011278204055997776
4948,20.29299736022949,20.347105967175594,0.0541086069461052
4949,20.21002769470215,20.267369376142597,0.057341681440448156
4950,20.151853561401367,20.192867139030568,0.04101357762920088
4951,20.09296417236328,20.130135997987963,0.03717182562468224
4952,20.06196975708008,20.06817100709668,0.006201250016598436
4953,19.956111907958984,20.01705143129584,0.06093952333685593
4954,19.885778427124023,19.93719083520773,0.051412408083706396
4955,19.79804039001465,19.862512980125757,0.06447259011110873
4956,19.82712745666504,19.786470399139944,0.0406570575250953
4957,19.68002319335937,19.76011429769642,0.08009110433704691
4958,19.607067108154297,19.670721064358077,0.06365395620377967
4959,19.58298683166504,19.586352381793404,0.0033655501283647027
4960,19.53911781311035,19.536811021680478,0.002306791429873556
4961,19.42610740661621,19.490179088279547,0.06407168166333577
4962,19.423961639404297,19.405931729579606,0.01802990982469055
4963,19.34695243835449,19.3596037761381,0.012651337783612604
4964,19.309043884277344,19.300856884001405,0.008187000275938772
4965,19.221067428588867,19.248307228281192,0.027239799692324596
4966,19.145965576171875,19.180403400696378,0.0344378245245025
4967,19.08397674560547,19.10768113884842,0.023704393242951483
4968,19.115209579467773,19.042662272113375,0.07254730735439807
4969,18.98503303527832,19.024197584258218,0.03916454897989752
4970,18.9669132232666,18.947206364600788,0.019706858665813343
4971,18.91613006591797,18.893769067290123,0.02236099862784613
4972,18.841981887817383,18.845703199758645,0.003721311941262684
4973,18.77093315124512,18.784354882654952,0.013421731409831494
4974,18.685102462768555,18.718279291761064,0.0331768289925094
4975,18.630027770996094,18.644676594021803,0.014648823025709135
4976,18.555164337158203,18.581488980316863,0.026324643158659455
4977,18.48912239074707,18.512662655666645,0.023540264919574838
4978,18.445968627929688,18.44603691802149,6.829009180364665e-05
4979,18.3401107788086,18.386344571126756,0.046233792318155054
4980,18.330097198486328,18.30523856210675,0.024858636379576637
4981,18.219947814941406,18.256800344261137,0.03685252931973082
4982,18.16010475158692,18.178162203412285,0.018057451825363557
4983,18.10598373413086,18.107693482079412,0.001709747948552831
4984,18.101930618286133,18.045089865154296,0.05684075313183712
4985,17.959117889404297,18.010219978805253,0.051102089400956174
4986,17.95506477355957,17.918883887887205,0.03618088567236555
4987,17.89093017578125,17.86924717794136,0.02168299783988914
4988,17.841100692749023,17.81464306009184,0.02645763265718415
4989,17.756223678588867,17.759599227019862,0.003375548430994968
4990,17.69399642944336,17.68902292292296,0.004973506520400406
4991,17.609119415283203,17.62342424876806,0.014304833484857227
4992,17.6088809967041,17.550293272961426,0.058587723742675735
4993,17.455101013183594,17.512335912101662,0.05723489891806821
4994,17.487049102783203,17.417672547708207,0.06937655507499585
4995,17.314910888671875,17.380664914753652,0.06575402608177683
4996,17.30799674987793,17.28145073241194,0.02654601746598928
4997,17.29297637939453,17.22603672749301,0.06693965190152085
4998,17.197847366333008,17.189096291872374,0.00875107446063339
4999,17.16899871826172,17.120636201070738,0.048362517190980725
5000,17.09914207458496,17.065579632344452,0.03356244224050897
5001,17.010211944580078,17.006124822160018,0.004087122420060041
5002,16.942977905273438,16.93333134119257,0.009646564080867392
5003,16.855955123901367,16.864530906786968,0.008575782885600347
5004,16.859054565429688,16.797413170706932,0.06164139472275565
5005,16.724824905395508,16.765265195317625,0.04044028992211679
5006,16.752958297729492,16.69448922632455,0.05846907140494295
5007,16.67308807373047,16.663792529016064,0.009295544714404969
5008,16.601085662841797,16.610726576573143,0.00964091373134579
5009,16.53003692626953,16.547970383157917,0.01793345688838599
5010,16.464948654174805,16.464125014493902,0.0008236396809024882
5011,16.387939453125,16.397622695393466,0.00968324226846562
5012,16.356945037841797,16.32597255360224,0.030972484239555342
5013,16.26896858215332,16.35449870161665,0.08553011946332845
5014,16.198158264160156,16.689865345938415,0.4917070817782587
5015,21.17514610290528,19.20513336017393,1.970012742731349
5016,21.07405662536621,21.156848922601057,0.08279229723484605
5017,21.01683616638184,20.9728146960515,0.044021470330338985
5018,20.95508575439453,20.92498158935996,0.03010416503457236
5019,20.848989486694336,20.839590702962596,0.009398783731739968
5020,20.81012725830078,20.808121236314037,0.0020060219867445994
5021,20.827054977416992,20.753506058554194,0.07354891886279802
5022,20.672082901000977,20.77202269447298,0.09993979347200366
5023,20.65610885620117,20.67029799627562,0.014189140074453377
5024,20.59483528137207,20.577939031227288,0.016896250144782243
5025,20.49493789672852,20.564468395605218,0.06953049887669849
5026,20.47300338745117,20.48347901836678,0.010475630915610878
5027,20.40886878967285,20.432256216736278,0.023387427063426003
5028,20.31898498535156,20.376456958274503,0.05747197292294359
5029,20.26510238647461,20.29899066519647,0.03388827872186084
5030,20.206928253173828,20.235342557043623,0.02841430386979482
5031,20.142078399658203,20.177675179184007,0.03559677952580387
5032,20.04408836364746,20.11136029204863,0.06727192840116913
5033,20.068883895874023,20.031265091802197,0.03761880407182616
5034,19.916772842407227,20.0014928186647,0.08471997625747463
5035,19.9580192565918,19.911238588065316,0.04678066852648399
5036,19.84214782714844,19.88145927680307,0.03931144965462963
5037,19.78015899658203,19.81224736346121,0.032088366879179375
5038,19.70505714416504,19.743243577522662,0.03818643335762317
5039,19.68598365783692,19.67444289175546,0.011540766081459708
5040,19.596099853515625,19.632066677786497,0.035966824270872166
5041,19.534826278686523,19.563458032280323,0.028631753593799658
5042,19.43683624267578,19.49529815101414,0.058461908338358626
5043,19.450902938842773,19.417733324189612,0.03316961465316126
5044,19.34504508972168,19.38221458976841,0.03716950004672981
5045,19.34504508972168,19.313702802264743,0.0313422874569369
5046,19.25301551818848,19.27166743462294,0.018651916434460958
5047,19.199848175048828,19.205468844120333,0.0056206690715043806
5048,19.088029861450195,19.145221490816766,0.05719162936657085
5049,19.073963165283203,19.062947153088317,0.01101601219488657
5050,18.963098526000977,19.015284637134755,0.05218611113377847
5051,18.884897232055664,18.937452864292936,0.05255563223727222
5052,18.82195472717285,18.857569980809785,0.03561525363693363
5053,18.8138484954834,18.788790241842435,0.025058253640963812
5054,18.667221069335938,18.7466895201851,0.07946845084916276
5055,18.707990646362305,18.652535498176803,0.05545514818550146
5056,18.61000061035156,18.619494518816282,0.009493908464722978
5057,18.519163131713867,18.555608455017136,0.036445323303269106
5058,18.45693588256836,18.475242119393442,0.018306236825083033
5059,18.416166305541992,18.40677842574223,0.009387879799760412
5060,18.341064453125,18.35381905061695,0.012754597491948516
5061,18.259048461914062,18.28765984009806,0.02861137818399584
5062,18.24188232421875,18.212145956340464,0.02973636787828582
5063,18.16391944885254,18.16601356222236,0.002094113369821571
5064,18.058061599731445,18.10082092083576,0.04275932110431313
5065,17.999887466430664,18.017405066302672,0.01751759987200785
5066,17.940044403076172,17.946184606216775,0.006140203140603262
5067,17.919063568115234,17.882961634313688,0.03610193380154669
5068,17.78101921081543,17.837569248740692,0.056550037925262586
5069,17.768144607543945,17.74469113820487,0.023453469339074218
5070,17.69709587097168,17.68943113415844,0.00766473681323987
5071,17.631053924560547,17.627755376679488,0.0032985478810587665
5072,17.562150955200195,17.562985525501063,0.000834570300867199
5073,17.480850219726562,17.493547135359222,0.012696915632659511
5074,17.400026321411133,17.41971963656397,0.019693315152835567
5075,17.41194725036621,17.343533444318382,0.06841380604782898
5076,17.25006103515625,17.30941596701996,0.05935493186370877
5077,17.254114151000977,17.212136179750814,0.04197797125016223
5078,17.169952392578125,17.15991966193542,0.010032730642706156
5079,17.13395118713379,17.095076413170318,0.03887477396347094
5080,17.03500747680664,17.04110388322988,0.006096406423239387
5081,16.957998275756836,16.962141402132147,0.0041431263753111125
5082,16.923904418945312,16.889408415522666,0.03449600342264603
5083,16.834020614624023,16.83562599873767,0.0016053841136454139
5084,16.794919967651367,16.77516381505484,0.01975615259652841
5085,16.710996627807617,16.7247151233596,0.013718495551984233
5086,16.662120819091797,16.66252340430674,0.0004025852149425191
5087,16.62898063659668,16.606989332331068,0.02199130426561169
5088,16.483068466186523,16.556757733269478,0.07368926708295476
5089,16.48092269897461,16.446183514858603,0.03473918411600607
5090,16.42894744873047,16.39744588345593,0.031501565274538734
5091,16.354084014892578,16.343366964719053,0.010717050173525422
5092,16.28398895263672,16.35262725167763,0.0686382990409129
5093,16.206979751586914,16.666709664150403,0.45972991256348905
5094,21.19612693786621,18.803922210054225,2.3922047278119862
5095,21.13485336303711,21.06224446060878,0.07260890242832829
5096,21.058082580566406,20.962657676591334,0.09542490397507208
5097,20.97487449645996,20.93643697526204,0.03843752119792043
5098,20.917892456054688,20.841795982050826,0.07609647400386166
5099,20.855188369750977,20.83856213130275,0.016626238448225195
5100,20.776987075805664,20.791234093849198,0.014247018043533899
5101,20.752906799316406,20.768457381564076,0.015550582247669809
5102,20.68090438842773,20.70353939461711,0.02263500618937897
5103,20.610809326171875,20.61549412974273,0.004684803570853546
5104,20.547866821289062,20.586145484685403,0.03827866339634056
5105,20.47896385192871,20.522113296010502,0.043149444081791444
5106,20.431995391845703,20.456595727864624,0.024600336018920643
5107,20.36404609680176,20.398738655785564,0.03469255898380297
5108,20.251035690307617,20.335457200417295,0.08442151010967791
5109,20.219087600708008,20.24761101392869,0.028523413220682414
5110,20.19596099853516,20.18853332992876,0.007427668606400317
5111,20.06816864013672,20.14822029195784,0.0800516518211225
5112,20.066022872924805,20.060208877112018,0.005813995812786743
5113,19.98496055603028,20.011422272091295,0.02646171606101433
5114,19.908905029296875,19.951435329403466,0.04253030010659131
5115,19.85001564025879,19.87992396016125,0.02990831990246079
5116,19.77801322937012,19.815442336948763,0.03742910757864237
5117,19.68693733215332,19.74994755892112,0.06301022676780121
5118,19.62494850158692,19.670147624765377,0.04519912317845609
5119,19.56796646118164,19.600875719788746,0.032909258607105585
5120,19.5620059967041,19.538927151188545,0.023078845515556168
5121,19.47593688964844,19.49858596071863,0.022649071070187432
5122,19.39988136291504,19.434058086972072,0.034176724057033425
5123,19.31619644165039,19.360734568181215,0.04453812653082423
5124,19.262075424194336,19.285975607090222,0.023900182895886246
5125,19.20604705810547,19.224479489366786,0.018432431261317106
5126,19.13094520568848,19.16493527824059,0.03399007255211117
5127,19.10710334777832,19.095321856639202,0.011781491139117861
5128,18.9969539642334,19.045857915898523,0.04890395166512462
5129,18.930912017822266,18.966175618970738,0.035263601148471935
5130,18.848180770874023,18.89433446331168,0.04615369243765599
5131,18.78499984741211,18.81855011447442,0.03355026706231001
5132,18.759965896606445,18.750138871610034,0.009827024996411637
5133,18.685102462768555,18.700171034652158,0.015068571883603
5134,18.66292953491211,18.63533733762779,0.02759219728432072
5135,18.52893829345703,18.58730515255047,0.058366859093439416
5136,18.52703094482422,18.497241286468125,0.02978965835609415
5137,18.49007606506348,18.452176508844786,0.037899556218693675
5138,18.38994026184082,18.409848556302677,0.019908294461856713
5139,18.311023712158203,18.337311296590997,0.026287584432793665
5140,18.247127532958984,18.2598677936312,0.012740260672217119
5141,18.233060836791992,18.193807787156402,0.03925304963559029
5142,18.07999610900879,18.153790685573767,0.07379457656497834
5143,18.09406280517578,18.055997282772296,0.038065522403485375
5144,18.014907836914062,18.012091952414266,0.002815884499796084
5145,17.925024032592773,17.949808067442063,0.024784034849290038
5146,17.915964126586914,17.873684045298432,0.0422800812884816
5147,17.82393455505371,17.827833008595917,0.0038984535422059707
5148,17.76885986328125,17.760218079274637,0.008641784006613307
5149,17.679929733276367,17.696024181304892,0.01609444802852522
5150,17.611980438232422,17.621191655052826,0.009211216820403934
5151,17.50779151916504,17.552305506342236,0.04451398717719712
5152,17.493009567260742,17.46534620735929,0.027663359901453077
5153,17.462968826293945,17.415657884498614,0.04731094179533102
5154,17.332077026367188,17.37130177900781,0.039224752640620864
5155,17.314910888671875,17.280600040976424,0.03431084769545123
5156,17.26698875427246,17.225189806481467,0.041798947790994134
5157,17.18306541442871,17.175007222931526,0.008058191497184453
5158,17.10796356201172,17.106387098579035,0.0015764634326842497
5159,17.06385612487793,17.031757588711116,0.032098536166813574
5160,16.97397232055664,16.97466482346499,0.0006925029083504342
5161,16.9069766998291,16.902413361890467,0.004563337938634504
5162,16.830921173095703,16.834899815080462,0.003978641984758724
5163,16.772031784057617,16.771703152357986,0.0003286316996309324
5164,16.68691635131836,16.716758942266097,0.029842590947737335
5165,16.689062118530273,16.647097929535448,0.041964188994825236
5166,16.613006591796875,16.61006557935707,0.0029410124398054904
5167,16.53599739074707,16.552336282757096,0.01633889201002603
5168,16.448974609375,16.46991328559011,0.020938676215109808
5169,16.402006149291992,16.389944666855172,0.01206148243682037
5170,16.321897506713867,16.332816920453297,0.010919413739429729
5171,16.247987747192383,16.349426308352122,0.10143856115973904
5172,16.160964965820312,16.704808206441157,0.5438432406208449
5173,16.199111938476562,19.119207241146796,2.9200953026702337
5174,21.09503746032715,20.890510530080064,0.20452693024708424
5175,21.0268497467041,21.337757216315367,0.3109074696112657
5176,20.9500789642334,20.985193752039777,0.035114787806378445
5177,20.875215530395508,20.892554937745444,0.017339407349936664
5178,20.807981491088867,20.827250189086044,0.019268697997176787
5179,20.74980735778809,20.823772350013314,0.07396499222522479
5180,20.704984664916992,20.74054350850929,0.03555884359229822
5181,20.611047744750977,20.712413129331253,0.10136538458027644
5182,20.542144775390625,20.603965346253972,0.0618205708633468
5183,20.55597305297852,20.490089493250707,0.06588355972781201
5184,20.43795585632324,20.496894354437245,0.05893849811400642
5185,20.390987396240234,20.421383989742026,0.030396593501791358
5186,20.38192749023437,20.354990342639212,0.026937147595159416
5187,20.273208618164062,20.321359836543706,0.04815121837964398
5188,20.206928253173828,20.248390234883118,0.04146198170928983
5189,20.13111114501953,20.17697270730423,0.045861562284699176
5190,20.11394500732422,20.10976498377204,0.004180023552180501
5191,19.98209953308105,20.065231081844104,0.08313154876305262
5192,19.956111907958984,19.97644379753183,0.020331889572844375
5193,19.901037216186523,19.918752288958785,0.01771507277226192
5194,19.84882354736328,19.86292387255162,0.014100325188337592
5195,19.77992057800293,19.80613626028571,0.026215682282781927
5196,19.754886627197266,19.741303401133337,0.013583226063929033
5197,19.695043563842773,19.694702636570582,0.00034092727219103836
5198,19.659996032714844,19.641652938844345,0.018343093870498706
5199,19.58584785461425,19.594434830196406,0.008586975582154821
5200,19.50693130493164,19.535457690835756,0.02852638590411516
5201,19.446849822998047,19.46593610000491,0.019086277006863384
5202,19.366025924682617,19.405021130296518,0.03899520561390091
5203,19.31190490722656,19.336135316734726,0.024230409508167128
5204,19.312143325805664,19.274028893050854,0.03811443275480997
5205,19.1650390625,19.239574256062042,0.07453519356204197
5206,19.13905143737793,19.14881629681986,0.00976485944192973
5207,19.09804344177246,19.087752185896534,0.010291255875927163
5208,19.01698112487793,19.039650625018112,0.02266950014018221
5209,18.940210342407227,18.973730208017514,0.033519865610287525
5210,18.8589096069336,18.899784317909507,0.040874710975906225
5211,18.805980682373047,18.825111992782695,0.019131310409647995
5212,18.73612403869629,18.761922703333767,0.025798664637477486
5213,18.64790916442871,18.695143802688108,0.04723463825939689
5214,18.66316795349121,18.618013496279673,0.0451544572115381
5215,18.53489875793457,18.58096363457662,0.04606487664204906
5216,18.5239315032959,18.499871199082918,0.024060304212980554
5217,18.38397979736328,18.449842700192676,0.06586290282939444
5218,18.40996742248535,18.357613102580217,0.052354319905134616
5219,18.346071243286133,18.32342340071591,0.022647842570222565
5220,18.24498176574707,18.27233616677404,0.027354401026968844
5221,18.177032470703125,18.194670125012635,0.017637654309510253
5222,18.15009117126465,18.121036761158393,0.02905441010625509
5223,18.07093620300293,18.07369196626496,0.0027557632620300865
5224,17.99607276916504,18.011161914500917,0.015089145335878129
5225,17.934083938598633,17.9380287602271,0.003944821628465434
5226,17.85588264465332,17.872705243235032,0.016822598581711645
5227,17.82703399658203,17.80029567521524,0.02673832136679266
5228,17.759084701538086,17.750065584323238,0.009019117214847938
5229,17.68803596496582,17.688441942482314,0.0004059775164932944
5230,17.66204833984375,17.619423074847873,0.04262526499587693
5231,17.53711700439453,17.57070349958667,0.03358649519213941
5232,17.525911331176758,17.486457146333123,0.03945418484363472
5233,17.45891571044922,17.436464424577025,0.022451285872193694
5234,17.38595962524414,17.378877398641634,0.007082226602506125
5235,17.312049865722656,17.312017643348554,3.222237410227535e-05
5236,17.23790168762207,17.240311887803728,0.002410200181657274
5237,17.169952392578125,17.17058074518718,0.0006283526090555824
5238,17.096996307373047,17.101077922689,0.004081615315953968
5239,17.042875289916992,17.028907734697896,0.013967555219096539
5240,17.027854919433594,16.964637925525494,0.06321699390809954
5241,16.885995864868164,16.92145777337828,0.03546190851011488
5242,16.932010650634766,16.834502077244906,0.09750857338985952
5243,16.764163970947266,16.80864275010663,0.0444787791593626
5244,16.76487922668457,16.73294327770236,0.031935948982209084
5245,16.690969467163086,16.690843226342622,0.0001262408204638632
5246,16.65496826171875,16.631692312330415,0.023275949388334993
5247,16.560792922973633,16.587546345135706,0.026753422162073548
5248,16.47496223449707,16.509133466172443,0.03417123167537284
5249,16.401052474975586,16.416614488520054,0.015562013544467845
5250,16.376018524169922,16.35260502712299,0.023413497046931298
5251,16.314029693603516,16.32458432538897,0.010554631785453239
5252,16.2961483001709,16.488334571675978,0.19218627150507928
5253,21.17514610290528,17.693053422362937,3.482092680542344
5254,21.110057830810547,20.882100641301804,0.22795718950874289
5255,21.04496955871582,20.983981518838846,0.06098803987697465
5256,20.95198631286621,20.910711623855605,0.04127468901060638
5257,20.88189125061035,20.81382178221247,0.06806946839787997
5258,20.832061767578125,20.804011641757825,0.02805012582030031
5259,20.8120346069336,20.760768062700663,0.05126654423293786
5260,20.68209648132324,20.760672545293346,0.07857606397010741
5261,20.68090438842773,20.668761003889813,0.012143384537917967
5262,20.611047744750977,20.593078707861423,0.017969036889553536
5263,20.552873611450195,20.580526379944786,0.02765276849459042
5264,20.54882049560547,20.517986608865613,0.030833886739856098
5265,20.388126373291016,20.48375182948803,0.09562545619701268
5266,20.34807205200196,20.38841506737299,0.04034301537102891
5267,20.286083221435547,20.320450913004606,0.03436769156905939
5268,20.21503448486328,20.263355969291297,0.04832148442801554
5269,20.14899253845215,20.19652093122204,0.04752839276989107
5270,20.06816864013672,20.124560462591035,0.05639182245431584
5271,20.056962966918945,20.051655209499586,0.005307757419359405
5272,19.92201805114746,20.00678984541082,0.08477179426336079
5273,19.92106437683105,19.91742610516667,0.003638271664382131
5274,19.782066345214844,19.87054616165551,0.08847981644066749
5275,19.77992057800293,19.77930960993035,0.0006109680725785438
5276,19.694089889526367,19.731437961127085,0.03734807160071796
5277,19.60897445678711,19.66440116348167,0.05542670669456129
5278,19.55294609069824,19.587602486808464,0.03465639611022553
5279,19.46711540222168,19.520178592301818,0.053063190080138156
5280,19.412994384765625,19.44630844582207,0.03331406105644419
5281,19.32215690612793,19.38244249095078,0.06028558482285007
5282,19.288063049316406,19.302273557968874,0.014210508652467979
5283,19.24896240234375,19.246685778398387,0.0022766239453630988
5284,19.143104553222656,19.193875712062436,0.05077115883977967
5285,19.12093162536621,19.11526890762616,0.005662717740051448
5286,19.0579891204834,19.061442670135875,0.003453549652476795
5287,19.017934799194336,19.004151664375968,0.013783134818368126
5288,18.957853317260746,18.95365010295791,0.00420321430283721
5289,18.84603500366211,18.89584045443371,0.04980545077160059
5290,18.79405975341797,18.813261801597037,0.019202048179067788
5291,18.72086524963379,18.74699031623095,0.026125066597160185
5292,18.63908767700196,18.681143129242628,0.042055452240667535
5293,18.60189437866211,18.607184000757115,0.005289622095006052
5294,18.52297782897949,18.5477827305931,0.024804901613610042
5295,18.447160720825195,18.479120796428106,0.031960075602910365
5296,18.376827239990234,18.404536447860664,0.027709207870429964
5297,18.372058868408203,18.332775392764233,0.03928347564396972
5298,18.23115348815918,18.29304350280836,0.06189001464917965
5299,18.23091506958008,18.200998237034582,0.02991683254549926
5300,18.171072006225582,18.152564376123337,0.018507630102245543
5301,18.10288429260254,18.09889113405916,0.003993158543380559
5302,18.12100410461425,18.03547679219264,0.08552731242161116
5303,17.9750919342041,18.008576576676205,0.03348464247210359
5304,17.889976501464844,17.92394111566864,0.03396461420379637
5305,17.88187026977539,17.839423459463433,0.04244681031195796
5306,17.731904983520508,17.797089306668568,0.06518432314805978
5307,17.759084701538086,17.70569841892211,0.05338628261597478
5308,17.618894577026367,17.665412863152596,0.046518286126229214
5309,17.634153366088867,17.578848955963622,0.05530441012524534
5310,17.540931701660156,17.537941364025755,0.0029903376344009303
5311,17.46511459350586,17.469721155976004,0.0046065624701441266
5312,17.410993576049805,17.39858984547027,0.012403730579535477
5313,17.323017120361328,17.333338469256887,0.010321348895558913
5314,17.250776290893555,17.260641762504747,0.009865471611192334
5315,17.199039459228516,17.188296040330897,0.01074341889761854
5316,17.132997512817383,17.123967412544516,0.009030100272866548
5317,17.138957977294922,17.059257301639263,0.07970067565565842
5318,17.06695556640625,17.022856706944367,0.04409885946188297
5319,16.983985900878906,16.968112413110248,0.01587348776865838
5320,16.910076141357422,16.896745576786998,0.01333056457042403
5321,16.832828521728516,16.83005448512631,0.0027740366022044327
5322,16.761064529418945,16.770085808047952,0.009021278629006702
5323,16.695022583007812,16.710547126876918,0.0155245438691054
5324,16.632795333862305,16.648569735480123,0.015774401617818512
5325,16.61992073059082,16.584525732810107,0.03539499778071331
5326,16.499042510986328,16.541355970275617,0.04231345928928931
5327,16.48688316345215,16.440916504876668,0.045966658575480324
5328,16.44587516784668,16.39321014727102,0.05266502057565958
5329,16.34693145751953,16.347203727207216,0.0002722696876844566
5330,16.308069229125977,16.350750334623854,0.04268110549787707
5331,16.206979751586914,16.70300937905722,0.4960296274703069
5332,21.21710777282715,19.518833640177036,1.6982741326501127
5333,21.132946014404297,20.98532177888046,0.14762423552383552
5334,21.05903625488281,20.929932742546953,0.12910351233585615
5335,20.987987518310547,20.92108682518301,0.06690069312753621
5336,20.951032638549805,20.83934704978674,0.11168558876306633
5337,20.869016647338867,20.853988360158837,0.01502828718003002
5338,20.78509330749512,20.80204766980387,0.016954362308748472
5339,20.732879638671875,20.77665981323662,0.04378017456474481
5340,20.672082901000977,20.699657030945673,0.027574129944696324
5341,20.587921142578125,20.612850140878436,0.024928998300310923
5342,20.576953887939453,20.57757941656746,0.0006255286280065775
5343,20.457029342651367,20.53186880721114,0.07483946455977275
5344,20.44320106506348,20.45044206079183,0.00724099572834902
5345,20.38502693176269,20.398308995027037,0.013282063264345112
5346,20.325899124145508,20.34684756745264,0.020948443307133857
5347,21.136045455932617,20.28610050729185,0.8499449486407684
5348,20.190954208374023,20.594323115346924,0.40336890697290073
5349,20.08318901062012,20.315478645443363,0.2322896348232426
5350,20.07889747619629,20.115548981721076,0.03665150552478735
5351,19.958972930908203,20.08570264069931,0.12672970979110687
5352,19.95706558227539,20.023787922127667,0.06672233985227649
5353,19.815921783447266,19.95613780218264,0.14021601873537293
5354,19.78898048400879,19.843220139591722,0.054239655582932755
5355,19.76299285888672,19.770603784763807,0.007610925877088448
5356,19.665002822875977,19.7166408065641,0.05163798368812422
5357,19.60897445678711,19.66156379376116,0.05258933697405155
5358,19.54197883605957,19.569325482279964,0.027346646220394177
5359,19.509077072143555,19.504493628573982,0.00458344356957241
5360,19.43206787109375,19.457701158899,0.025633287805248983
5361,19.349098205566406,19.391024981359806,0.04192677579339943
5362,19.26589012145996,19.31858357420424,0.05269345274427906
5363,19.190073013305664,19.239971072238404,0.04989805893274024
5364,19.21296119689941,19.16693645171108,0.046024745188329774
5365,19.060134887695312,19.139328569508507,0.07919368181319442
5366,19.041061401367188,19.046402867843426,0.0053414664762385655
5367,18.98407936096192,18.9867369977037,0.0026576367417803226
5368,18.922090530395508,18.930167567305034,0.008077036909526214
5369,18.857955932617188,18.87096889458917,0.013012961971980985
5370,18.786191940307617,18.805998456855377,0.01980651654776011
5371,18.71490478515625,18.73856919996797,0.023664414811719325
5372,18.6460018157959,18.66971254435157,0.023710728555670357
5373,18.5549259185791,18.60134235721489,0.04641643863578793
5374,18.57900619506836,18.52476085696253,0.05424533810582943
5375,18.445968627929688,18.492233157985538,0.04626453005585063
5376,18.43404769897461,18.410655929756103,0.023391769218505942
5377,18.36681365966797,18.358860861553694,0.007952798114274628
5378,18.312931060791016,18.300170106840596,0.012760953950419207
5379,18.25404167175293,18.243451367652597,0.010590304100333015
5380,18.190860748291016,18.183415660814717,0.007445087476298795
5381,18.09310913085937,18.123050502708793,0.029941371849421472
5382,18.03016662597656,18.04476611141581,0.014599485439251936
5383,18.02992820739746,17.975234633695436,0.05469357370202488
5384,17.88806915283203,17.94132729469311,0.05325814186107891
5385,17.893075942993164,17.850455049710945,0.042620893282219185
5386,17.819881439208984,17.80465998285763,0.0152214563513553
5387,17.774105072021484,17.745890468177095,0.028214603844389785
5388,17.706871032714844,17.69129255058033,0.01557848213451507
5389,17.62700080871582,17.628260613491875,0.001259804776054807
5390,17.566919326782227,17.55894312827877,0.007976198503456544
5391,17.479896545410156,17.494173360887544,0.014276815477387572
5392,17.431974411010742,17.42078507459155,0.011189336419192841
5393,17.33708381652832,17.360318282612752,0.023234466084431915
5394,17.28200912475586,17.28117398329232,0.0008351414635399124
5395,17.284870147705078,17.214770700661575,0.07009944704350346
5396,17.14491844177246,17.178917068804367,0.033998627031905926
5397,17.143964767456055,17.090095431740338,0.05386933571571717
5398,17.055034637451172,17.040278411741383,0.01475622570978885
5399,16.993999481201172,16.973803993778347,0.020195487422824954
5400,16.956090927124023,16.910051738136644,0.04603918898737902
5401,16.897916793823242,16.8576321201499,0.040284673673340876
5402,16.80898666381836,16.810930810947866,0.0019441471295067458
5403,16.748905181884766,16.745378471114236,0.003526710770529462
5404,16.68691635131836,16.691487298544416,0.004570947226056887
5405,16.588926315307617,16.63420567695084,0.04527936164322455
5406,16.53003692626953,16.554866321030204,0.024829394760672585
5407,16.518115997314453,16.4774800447276,0.04063595258685382
5408,16.397953033447266,16.42087571696038,0.02292268351311577
5409,16.38317108154297,16.347958943129015,0.03521213841395365
5410,16.33000373840332,16.327294987917185,0.0027087504861356138
5411,16.282081604003906,16.511805817003733,0.2297242129998267
5412,16.216039657592773,17.82814704301927,1.6121073854264978
5413,21.10910415649414,20.565541542055144,0.5435626144389971
5414,21.04496955871582,21.005187053560803,0.039782505155017134
5415,20.962953567504883,20.8704106512414,0.09254291626348277
5416,20.905017852783203,20.86445639770318,0.040561455080023734
5417,20.87998390197754,20.803073225124535,0.07691067685300368
5418,20.771026611328125,20.821762462674087,0.050735851345962146
5419,20.694971084594727,20.734446146434493,0.03947506183976657
5420,20.6298828125,20.692047812644887,0.06216500014488702
5421,20.6289291381836,20.607253826256056,0.021675311927545238
5422,20.521879196166992,20.54337480058166,0.02149560441466747
5423,20.483970642089844,20.506099886461016,0.022129244371171808
5424,20.42698860168457,20.44515207217046,0.018163470485887956
5425,20.374059677124023,20.39015180844217,0.01609213131814613
5426,20.366191864013672,20.33371275092577,0.03247911308790208
5427,20.23792266845703,20.299670682106807,0.06174801364977611
5428,20.21002769470215,20.217912473526667,0.007884778824518435
5429,20.17402648925781,20.162371279639046,0.011655209618762541
5430,20.061016082763672,20.120990457598964,0.05997437483529211
5431,20.004987716674805,20.043194713252888,0.03820699657808291
5432,19.936084747314453,19.97330445874468,0.03721971143022529
5433,19.849777221679688,19.91003674447711,0.060259522797423415
5434,19.79899406433105,19.834745567095524,0.03575150276447303
5435,19.76895332336425,19.76969988845667,0.000746565092420326
5436,19.67000961303711,19.722731800811744,0.05272218777463422
5437,19.61302757263184,19.645170325475192,0.03214275284335244
5438,19.603967666625977,19.577357323214528,0.02661034341144841
5439,19.476890563964844,19.540099166533764,0.06320860256892047
5440,19.455909729003903,19.457135092579847,0.0012253635759442716
5441,19.390106201171875,19.402201188313484,0.012094987141608726
5442,19.330978393554688,19.34443293066579,0.013454537111101672
5443,19.27781105041504,19.28447950285772,0.0066684524426818825
5444,19.18792724609375,19.226048656037165,0.03812140994341462
5445,19.13309097290039,19.153966193243832,0.02087522034344147
5446,19.081830978393555,19.0891832712623,0.00735229286874528
5447,19.08087730407715,19.03220160784258,0.04867569623456802
5448,19.004106521606445,19.000984843387414,0.0031216782190313097
5449,18.90707015991211,18.94111201886517,0.03404185895306
5450,18.898963928222656,18.863341410678913,0.035622517543743015
5451,18.82195472717285,18.821179691940415,0.000775035232436494
5452,18.80192756652832,18.764343147950058,0.03758441857826256
5453,18.69797706604004,18.72241217915871,0.024435113118670415
5454,18.59712600708008,18.648562644330013,0.05143663724993175
5455,18.56708526611328,18.56397879623728,0.0031064698760019382
5456,18.478870391845703,18.509083098933843,0.030212707088139723
5457,18.40806007385254,18.44087981589837,0.032819742045830935
5458,18.31793785095215,18.36734431549303,0.049406464540879824
5459,18.268823623657227,18.284786777030604,0.01596315337337728
5460,18.20683479309082,18.220832510451146,0.013997717360325623
5461,18.13817024230957,18.155059056198297,0.016888813888726872
5462,18.124818801879883,18.08695145814454,0.03786734373534273
5463,18.013954162597656,18.041111816501143,0.02715765390348679
5464,17.98105239868164,17.962132996899527,0.01891940178211371
5465,17.94600486755371,17.905212162986572,0.04079270456713857
5466,17.89689064025879,17.858679266055333,0.038211374203456216
5467,17.807960510253906,17.80918365375328,0.0012231434993736912
5468,17.71712303161621,17.73748979599077,0.020366764374557533
5469,17.634153366088867,17.659525471799498,0.02537210571063042
5470,17.55499839782715,17.582996254759564,0.027997856932415743
5471,17.49110221862793,17.507765571735945,0.016663353108015144
5472,17.498016357421875,17.438319054235762,0.05969730318611255
5473,17.37499237060547,17.401198476136415,0.026206105530945933
5474,17.369985580444336,17.31893033866072,0.0510552417836152
5475,17.236948013305664,17.27050552676701,0.03355751346134639
5476,17.213106155395508,17.182926872806092,0.03017928258941538
5477,17.131805419921875,17.126767413174093,0.005038006747781765
5478,17.094850540161133,17.058024708148878,0.03682583201225498
5479,17.040014266967773,17.003426539190514,0.036587727777259715
5480,16.91889762878418,16.94524990273294,0.02635227394875983
5481,16.85309410095215,16.86116894541101,0.008074844458860753
5482,16.8609619140625,16.79039507109792,0.07056684296458116
5483,16.769886016845703,16.76588555574199,0.00400046110371477
5484,16.689062118530273,16.714728610850216,0.025666492319942336
5485,16.64876937866211,16.64317652102909,0.005592857633018866
5486,16.61396026611328,16.58814031259226,0.0258199535210224
5487,16.489028930664062,16.540504357180907,0.05147542651684489
5488,16.480207443237305,16.436021593847272,0.04418584939003267
5489,16.41702651977539,16.389994457398416,0.027032062376974864
5490,16.33596420288086,16.333493711556457,0.0024704913244022464
5491,16.283035278320312,16.362987769298343,0.07995249097803026
5492,16.212940216064453,16.74982639838163,0.5368861823171756
5493,21.16608619689941,19.57286565902905,1.593220537870362
5494,21.0871696472168,21.033464898209786,0.053704749007014385
5495,21.027088165283203,20.940213096764637,0.08687506851856597
5496,20.967960357666016,20.916655822929897,0.05130453473611851
5497,20.914077758789062,20.834798410305666,0.07927934848339646
5498,20.844221115112305,20.834713282511075,0.009507832601229893
5499,20.77817916870117,20.782150555987755,0.003971387286586747
5500,20.676851272583008,20.76170547388756,0.08485420130455168
5501,20.730018615722656,20.666246717610193,0.06377189811246353
5502,20.607948303222656,20.617219140603993,0.009270837381336605
5503,20.576000213623047,20.587417374372308,0.011417160749260802
5504,20.41888236999512,20.528301148260653,0.10941877826553181
5505,20.42508125305176,20.43043937510447,0.0053581220527085804
5506,20.38097381591797,20.38362109897207,0.002647283054102445
5507,20.28894424438477,20.341524399100308,0.052580154715538896
5508,20.203113555908203,20.266270758384053,0.06315720247584977
5509,20.149946212768555,20.18561183786005,0.03566562509149662
5510,20.08819580078125,20.122705078847503,0.03450927806625259
5511,20.04098892211914,20.062947713086032,0.021958790966891684
5512,19.942045211791992,20.003505722343107,0.06146051055111457
5513,19.8819637298584,19.925339973724476,0.04337624386607786
5514,19.822120666503903,19.853738114306907,0.03161744780300424
5515,19.742965698242188,19.792606303326465,0.04964060508427792
5516,19.6990966796875,19.721861754533165,0.022765074845665367
5517,19.71602439880371,19.661090898807743,0.054933499995968305
5518,19.578933715820312,19.635903796370258,0.056970080549945123
5519,19.542932510375977,19.55337038862126,0.010437878245284082
5520,19.49906349182129,19.490828271500504,0.00823522032078472
5521,19.42300796508789,19.44325959721027,0.020251632122381125
5522,19.35887336730957,19.38122992260105,0.022356555291480618
5523,19.29616928100586,19.31588596153233,0.019716680526471464
5524,19.21391487121582,19.25362570455036,0.03971083333453862
5525,19.165992736816406,19.181501683306124,0.015508946489717346
5526,19.09208297729492,19.121387048926408,0.029304071631489848
5527,19.09685134887696,19.0560692294639,0.04078211941305909
5528,18.91303062438965,19.01924542562483,0.10621480123518268
5529,18.95904541015625,18.91152039092958,0.04752501922666852
5530,18.841028213500977,18.878097341939792,0.037069128438815824
5531,18.81098747253418,18.805394853870894,0.005592618663285975
5532,18.774986267089844,18.75064963837758,0.02433662871226261
5533,18.687963485717773,18.702557294091093,0.014593808373319916
5534,18.616914749145508,18.634932142731486,0.018017393585978425
5535,18.5549259185791,18.56504440183926,0.010118483260157518
5536,18.46909523010254,18.501224865076438,0.032129634973898646
5537,18.4171199798584,18.430085175850763,0.012965195992364897
5538,18.362998962402344,18.363745487704364,0.000746525302020018
5539,18.27788352966309,18.306766170326227,0.02888264066313795
5540,18.198013305664062,18.23144700802004,0.03343370235597831
5541,18.186092376708984,18.15453857011562,0.03155380659336515
5542,18.064022064208984,18.10981916332821,0.045797099119226914
5543,18.06902885437012,18.02576501791009,0.04326383646003151
5544,18.0051326751709,17.982095632305573,0.02303704286532593
5545,17.910003662109375,17.92784677218151,0.01784311007213546
5546,17.843961715698242,17.85139413664183,0.0074324209435872035
5547,17.773866653442383,17.780507652332744,0.006640998890361516
5548,17.785072326660156,17.714166791165553,0.0709055354946031
5549,17.750024795532227,17.683132180081884,0.06689261545034242
5550,17.58718490600586,17.64507117445646,0.057886268450602074
5551,17.52185821533203,17.54377337204005,0.021915156708018912
5552,17.444133758544922,17.462120400182357,0.01798664163743524
5553,17.457962036132812,17.392391100884197,0.06557093524861557
5554,17.297029495239258,17.36126960247475,0.06424010723549145
5555,17.332077026367188,17.261559567486984,0.07051745888020378
5556,17.222166061401367,17.224040665041684,0.0018746036403172184
5557,17.158031463623047,17.15189117248883,0.0061402911342156585
5558,17.07601547241211,17.082669288470242,0.0066538160581330885
5559,17.019987106323242,17.00616353184614,0.01382357447710092
5560,16.969919204711914,16.941579520675987,0.02833968403592735
5561,16.891956329345703,16.883745406289563,0.008210923056140018
5562,16.81995391845703,16.818828759937787,0.0011251585192439961
5563,16.772031784057617,16.75744056012718,0.014591223930437991
5564,16.681909561157227,16.707905735415807,0.02599617425858014
5565,16.679048538208008,16.641676646372616,0.03737189183539158
5566,16.56508445739746,16.600484513105584,0.035400055708123546
5567,16.546010971069336,16.522602384156926,0.0234085869124101
5568,16.4639949798584,16.459424259352318,0.004570720506080761
5569,16.395092010498047,16.391548186277305,0.0035438242207419535
5570,16.32404327392578,16.330875864298378,0.006832590372596314
5571,16.24608039855957,16.357831253685617,0.1117508551260471
5572,16.24298095703125,16.75236414507708,0.509383188045831
5573,21.136045455932617,19.544123968444183,1.5919214874884347
5574,21.10600471496582,21.088350205900497,0.01765450906532351
5575,21.029949188232425,20.98219249455724,0.04775669367518631
5576,20.969152450561523,20.941175308962556,0.027977141598967137
5577,20.8890438079834,20.858548394699028,0.030495413284370443
5578,20.826101303100582,20.835868540416413,0.009767237315831068
5579,20.75481414794922,20.777001665010175,0.022187517060956452
5580,20.67804336547852,20.749861985677853,0.07181862019933405
5581,20.60508728027344,20.66014432830343,0.05505704802999034
5582,20.56193351745605,20.55544149789057,0.0064920195654813995
5583,20.480871200561523,20.536967761017877,0.05609656045635347
5584,20.47610282897949,20.466406873765663,0.009695955213825158
5585,20.373106002807617,20.42363484906673,0.05052884625911247
5586,20.35117149353028,20.351545683297445,0.00037418976716452335
5587,20.267963409423828,20.300181113725557,0.0322177043017291
5588,20.215988159179688,20.236831623151375,0.020843463971687015
5589,20.13421058654785,20.17677396406725,0.04256337751940009
5590,20.059823989868164,20.108023215470894,0.04819922560272971
5591,19.95706558227539,20.03680644202177,0.07974085974638001
5592,19.882917404174805,19.953000474288274,0.07008307011346915
5593,19.83022689819336,19.874806908319442,0.044580010126082925
5594,19.85788345336914,19.81145574200127,0.04642771136786905
5595,19.71292495727539,19.78598543882981,0.07306048155442113
5596,19.71316337585449,19.698036361660343,0.015127014194145971
5597,19.577980041503903,19.647941335733776,0.06996129422987352
5598,19.59395408630371,19.56384714003434,0.030106946269370383
5599,19.510984420776367,19.528113575233874,0.017129154457506957
5600,19.45018768310547,19.46748549289623,0.017297809790761676
5601,19.364118576049805,19.404543543259933,0.04042496721012867
5602,19.30093765258789,19.329750732140383,0.028813079552492127
5603,19.23203468322754,19.264484860741504,0.03245017751396517
5604,19.179105758666992,19.199885935449856,0.020780176782864146
5605,19.095897674560547,19.13699962051396,0.04110194595341454
5606,19.025087356567383,19.0654386492497,0.04035129268231685
5607,18.95904541015625,18.990910940829053,0.03186553067280329
5608,18.961191177368164,18.92366283186675,0.03752834550141415
5609,18.82290840148925,18.887110833702536,0.06420243221328548
5610,18.811941146850582,18.798924136035566,0.01301701081501605
5611,18.67985725402832,18.745695971574605,0.0658387175462849
5612,18.66006851196289,18.65745263376084,0.002615878202050226
5613,18.59307289123535,18.603072562882517,0.009999671647165087
5614,18.53489875793457,18.542244229138305,0.007345471203734633
5615,18.470048904418945,18.479892979257784,0.009844074838838424
5616,18.38898658752441,18.413755720985137,0.024769133460726067
5617,18.3258056640625,18.3410864126472,0.015280748584700632
5618,18.259048461914062,18.275090252018344,0.016041790104281972
5619,18.27096939086914,18.206739503511926,0.06422988735721447
5620,18.110036849975582,18.177352651491674,0.06731580151609151
5621,18.108129501342773,18.079358662134837,0.02877083920793666
5622,18.040895462036133,18.028512400178442,0.012383061857690336
5623,17.953157424926758,17.971429856970644,0.01827243204388651
5624,17.88187026977539,17.898719325330603,0.016849055555212544
5625,17.82393455505371,17.825007369083323,0.0010728140296123456
5626,17.763137817382812,17.761679495606586,0.0014583217762265122
5627,17.68803596496582,17.698523721037418,0.010487756071597687
5628,17.616987228393555,17.62786279186912,0.010875563475565286
5629,17.540931701660156,17.557451380980638,0.016519679320481373
5630,17.482995986938477,17.482457648156924,0.0005383387815527385
5631,17.48204231262207,17.41767212877221,0.06437018384986004
5632,17.385005950927734,17.380848743869137,0.004157207058597123
5633,17.328977584838867,17.31092614750196,0.01805143733690784
5634,17.254114151000977,17.245224582666197,0.008889568334780051
5635,17.18592643737793,17.177493943222544,0.008432494155385939
5636,17.096996307373047,17.111499793486473,0.014503486113426334
5637,17.030954360961914,17.03333438001664,0.00238001905472629
5638,16.956806182861328,16.96148258338326,0.004676400521930191
5639,16.90983772277832,16.89076417619617,0.019073546582148992
5640,16.828060150146484,16.831658172122843,0.003598021976358723
5641,16.76487922668457,16.769407383094403,0.004528156409833173
5642,16.695022583007812,16.71062672471635,0.01560414170853619
5643,16.660213470458984,16.64728368575652,0.01292978470246453
5644,16.53599739074707,16.596664487110502,0.06066709636343148
5645,16.55101776123047,16.504925547337734,0.046092213892734435
5646,16.482830047607422,16.452954421282584,0.029875626324837867
5647,16.414880752563477,16.396730927283443,0.018149825280033838
5648,16.45803451538086,16.339953390428263,0.11808112495259593
5649,16.314029693603516,16.384879353608994,0.07084966000547865
5650,16.260147094726562,16.688254788391532,0.4281076936649697
5651,21.21591567993164,19.51255127596596,1.7033644039656792
5652,21.090984344482425,20.901540947306785,0.18944339717564063
5653,21.067142486572266,20.84433640993666,0.2228060766356066
5654,20.98917961120605,20.855282034517586,0.13389757668846514
5655,20.910024642944336,20.820752994495706,0.08927164844863
5656,20.82085609436035,20.815812901219033,0.005043193141318625
5657,20.756006240844727,20.752450004692946,0.0035562361517804675
5658,20.665884017944336,20.722724317238317,0.056840299293980934
5659,20.60508728027344,20.656343405789812,0.05125612551637104
5660,20.54595947265625,20.55852922376289,0.01256975110663916
5661,20.53403854370117,20.53303244383642,0.0010060998647496433
5662,20.40410041809082,20.487816178956564,0.0837157608657435
5663,20.41506767272949,20.40034301307969,0.01472465964979719
5664,20.339012145996094,20.357893066375254,0.01888092037916067
5665,20.312070846557617,20.302596531109884,0.009474315447732806
5666,20.22290229797364,20.25437364636673,0.03147134839309018
5667,20.155906677246094,20.187812760013912,0.03190608276781859
5668,20.06196975708008,20.121335996009293,0.059366238929211335
5669,20.00093460083008,20.045903385835118,0.04496878500503598
5670,19.98281478881836,19.97843055960402,0.00438422921433812
5671,19.834041595458984,19.935889787575434,0.10184819211644935
5672,19.809961318969727,19.837206564716325,0.027245245746598812
5673,19.762039184570312,19.775525109707814,0.013485925137501908
5674,19.717931747436523,19.72259506010232,0.004663312665798003
5675,19.667863845825195,19.671575693791965,0.00371184796676971
5676,19.56105232238769,19.61395858825199,0.05290626586429781
5677,19.50001716613769,19.53429807599605,0.03428090985835652
5678,19.418954849243164,19.465521185793477,0.04656633655031328
5679,19.35887336730957,19.394541027395462,0.03566766008589184
5680,19.28591728210449,19.330684791839303,0.04476750973481458
5681,19.207000732421875,19.257615986134624,0.05061525371274911
5682,19.22082901000977,19.18319854166839,0.03763046834137995
5683,19.08087730407715,19.148880980537797,0.06800367646064842
5684,19.0579891204834,19.061480877098802,0.003491756615403574
5685,19.01102066040039,19.003301391876448,0.007719268523942446
5686,18.952131271362305,18.950883282059294,0.0012479893030103995
5687,18.91708374023437,18.89482545630017,0.02225828393420315
5688,18.82791519165039,18.84501715016995,0.017101958519560867
5689,18.73707771301269,18.776653666009224,0.03957595299653249
5690,18.696069717407227,18.698347992767594,0.002278275360367843
5691,18.596887588500977,18.64051521897636,0.04362763047538465
5692,18.599987030029297,18.566300539532676,0.033686490496620536
5693,18.4628963470459,18.524109662848787,0.061213315802888246
5694,18.49198341369629,18.436123049013986,0.05586036468230304
5695,18.41282844543457,18.402126728005896,0.010701717428673874
5696,18.32890510559082,18.344741377859464,0.01583627226864337
5697,18.253087997436523,18.273124436746002,0.020036439309478737
5698,18.185853958129883,18.19897226255307,0.01311830442318751
5699,18.114089965820312,18.132642796444998,0.018552830624685157
5700,18.077850341796875,18.064474536458874,0.013375805338000646
5701,18.002033233642578,18.009328985726825,0.007295752084246487
5702,17.956972122192383,17.943660097898828,0.013312024293554714
5703,17.83299446105957,17.883239137518103,0.05024467645853292
5704,17.82512664794922,17.79482789015674,0.03029875779247959
5705,17.782926559448242,17.745172747027027,0.037753812421215116
5706,17.70305633544922,17.69833184835079,0.0047244870984286536
5707,17.611980438232422,17.631658687150775,0.019678248918353347
5708,17.54283905029297,17.551390885273577,0.008551834980607964
5709,17.47298240661621,17.480412737768347,0.007430331152136205
5710,17.400026321411133,17.41252474596422,0.012498424553086807
5711,17.338037490844727,17.341137800713113,0.00310030986838683
5712,17.321109771728516,17.273243189720233,0.04786658200828242
5713,17.184019088745117,17.22685323375117,0.042834145006054314
5714,17.210960388183594,17.135589786335004,0.07537060184859001
5715,17.132997512817383,17.098817427836366,0.03418008498101699
5716,17.04096794128418,17.041746531049284,0.000778589765104698
5717,16.991853713989258,16.964270267294523,0.027583446694734448
5718,16.893863677978516,16.901402469329696,0.007538791351180407
5719,16.821861267089844,16.830736010206238,0.008874743116393802
5720,16.837120056152344,16.763651034921168,0.07346902123117616
5721,16.687870025634766,16.74157553770783,0.05370551207306562
5722,16.695022583007812,16.665110836811436,0.029911746196376043
5723,16.595125198364258,16.618579280475387,0.023454082111129537
5724,16.530990600585938,16.550100588915484,0.019109988329546468
5725,16.4639949798584,16.47108515430773,0.0070901744493312435
5726,16.405105590820312,16.39677162691555,0.008333963904760822
5727,16.32094383239746,16.337636150694834,0.016692318297373276
5728,16.25204086303711,16.343838351502882,0.0917974884657724
5729,16.210079193115234,16.669318378603748,0.4592391854885136
5730,21.17395401000977,18.296720587841264,2.877233422168505
5731,21.136999130249023,21.124096171206475,0.0129029590425489
5732,21.090030670166016,21.055523386621644,0.0345072835443716
5733,21.003007888793945,20.984060278806282,0.018947609987662872
5734,20.94888687133789,20.88799255716367,0.0608943141742202
5735,20.86997032165528,20.876782835330232,0.006812513674951504
5736,20.77007293701172,20.821055298711144,0.05098236169942538
5737,20.767927169799805,20.782011134087952,0.0140839642881474
5738,20.6298828125,20.71645770502073,0.08657489252072992
5739,20.6289291381836,20.600238491624623,0.028690646558978017
5740,20.53499221801757,20.58831456770349,0.053322349685920756
5741,20.47300338745117,20.520994569324102,0.04799118187293416
5742,20.41506767272949,20.45082647646268,0.03575880373319151
5743,20.33710479736328,20.38803333289252,0.050928535529237706
5744,20.272016525268555,20.318304284955957,0.046287759687402286
5745,20.212888717651367,20.249571299245872,0.03668258159450488
5746,20.122766494750977,20.18541342977187,0.06264693502089358
5747,20.051002502441406,20.109901054183865,0.05889855174245895
5748,20.009994506835938,20.033909415815288,0.023914908979350002
5749,20.021915435791016,19.977955653757817,0.04395978203319828
5750,19.876956939697266,19.950354809679993,0.07339786998272757
5751,19.882917404174805,19.861265891449875,0.02165151272492949
5752,19.784927368164062,19.81613240832303,0.031205040158965858
5753,19.7141170501709,19.751462766635086,0.03734571646418772
5754,19.636869430541992,19.68248947923712,0.04562004869512748
5755,19.572973251342773,19.61034635451142,0.037373103168647503
5756,19.485950469970703,19.544881404726766,0.058930934756062925
5757,19.483089447021484,19.467857172912773,0.015232274108711863
5758,19.33503150939941,19.425538604536996,0.09050709513758548
5759,19.3328857421875,19.3325170503158,0.0003686918716994114
5760,19.25802230834961,19.2788607332659,0.020838424916291842
5761,19.2110538482666,19.218469265979365,0.007415417712763883
5762,19.077777862548828,19.160586722591688,0.08280886004286003
5763,19.079923629760746,19.06513232324869,0.014791306512055513
5764,19.00601387023925,19.01904701753665,0.013033147297399239
5765,18.928050994873047,18.95986443196307,0.03181343709002249
5766,18.86892318725586,18.887825538513425,0.018902351257565897
5767,18.7990665435791,18.82255916439135,0.023492620812248788
5768,18.735885620117188,18.754079216023456,0.018193595906268456
5769,18.73087882995605,18.690117241021653,0.04076158893439796
5770,18.61882209777832,18.65184358348415,0.033021485705830855
5771,18.53609085083008,18.576209716457015,0.04011886562693334
5772,18.47386360168457,18.49430521542672,0.020441613742150366
5773,18.472909927368164,18.427910562877514,0.044999364490649896
5774,18.33105087280273,18.39301570794305,0.06196483514031925
5775,18.325090408325195,18.302328129948364,0.02276227837683109
5776,18.271923065185547,18.250825646646263,0.021097418539284263
5777,18.1879997253418,18.19907431536194,0.011074590020140107
5778,18.128156661987305,18.129731693989015,0.0015750320017104968
5779,18.05901527404785,18.064516597632974,0.005501323585122009
5780,17.991065979003906,17.99857590413012,0.007509925126214512
5781,18.007993698120117,17.931735336105703,0.07625836201441416
5782,17.857074737548828,17.903713712712488,0.04663897516365978
5783,17.878055572509766,17.815077077784736,0.06297849472503003
5784,17.734050750732422,17.775041207869435,0.040990457137013436
5785,17.741918563842773,17.68908827693849,0.05283028690428182
5786,17.664194107055664,17.64802467323534,0.01616943382032332
5787,17.59815216064453,17.587636389862382,0.010515770782149048
5788,17.53687858581543,17.52377378647907,0.013104799336360884
5789,17.467975616455078,17.459233093291004,0.008742523164073646
5790,17.39215850830078,17.39499026359681,0.0028317552960288594
5791,17.34304428100586,17.325854847968003,0.01718943303785636
5792,17.25292205810547,17.264540799828865,0.011618741723395942
5793,17.266035079956055,17.191200607385326,0.0748344725707284
5794,17.125844955444336,17.155413586351642,0.029568630907306215
5795,17.13109016418457,17.068823788918053,0.06226637526651757
5796,17.06099510192871,17.02333446155535,0.037660640373360366
5797,16.983985900878906,16.96665485098947,0.017331049889435235
5798,16.92485809326172,16.90055471044616,0.024303382815560326
5799,16.882896423339844,16.838132492807745,0.04476393053209904
5800,16.81804656982422,16.795390463926196,0.02265610589802236
5801,16.737937927246094,16.74433054461133,0.0063926173652362195
5802,16.652822494506836,16.68555214848766,0.03272965398082306
5803,16.644954681396484,16.614160511153386,0.03079417024309805
5804,16.602039337158203,16.569364774227324,0.03267456293087889
5805,16.51287078857422,16.522646875159808,0.009776086585588928
5806,16.45803451538086,16.434624463244063,0.023410052136796367
5807,16.384124755859375,16.37739577421371,0.006728981645665044
5808,16.386032104492188,16.319741802305998,0.06629030218618936
5809,16.247034072875977,16.397007843977462,0.1499737711014859
5810,16.23392105102539,17.172625906937355,0.9387048559119648
5811,21.139144897460938,20.07443862476066,1.0647062727002776
5812,21.075963973999023,20.942079205269692,0.13388476872933097
5813,20.99800109863281,20.931842420395697,0.06615867823711241
5814,20.90311050415039,20.91241686093781,0.009306356787419645
5815,20.852088928222656,20.80360812260551,0.04848080561714596
5816,20.879030227661133,20.794669033875834,0.08436119378529838
5817,20.713090896606445,20.778852021521743,0.06576112491529784
5818,20.70784568786621,20.724291137867112,0.016445450000901474
5819,20.65396308898925,20.656121872434596,0.002158783445345591
5820,20.591020584106445,20.576028012783354,0.014992571323091397
5821,20.505905151367188,20.55678242822978,0.050877276862593135
5822,20.44987678527832,20.483991460878315,0.03411467559999437
5823,20.36404609680176,20.421763378180913,0.05771728137915133
5824,20.30491828918457,20.349313592305407,0.044395303120836616
5825,20.24388313293457,20.282480900277733,0.03859776734316256
5826,20.179033279418945,20.220677451106894,0.04164417168794898
5827,20.1101303100586,20.152357368715457,0.04222705865685583
5828,20.089149475097656,20.084992795545986,0.004156679551670095
5829,19.953012466430664,20.038664171806886,0.0856517053762218
5830,19.946813583374023,19.94834726838235,0.0015336850083258469
5831,19.866943359375,19.89742040314013,0.030477043765131384
5832,19.800901412963867,19.83594305374936,0.035041640785493655
5833,19.758939743041992,19.768666289564862,0.009726546522870194
5834,19.65618133544922,19.71221617213814,0.05603483668892295
5835,19.59395408630371,19.635578366887785,0.04162428058407386
5836,19.541025161743164,19.565227953080466,0.024202791337302187
5837,19.437074661254883,19.50470946439964,0.067634803144756
5838,19.48094367980957,19.42485691188267,0.05608676792689948
5839,19.34289932250977,19.39885807905739,0.05595875654762139
5840,19.37508583068848,19.319177122724795,0.055908707963684634
5841,19.209861755371094,19.287776696728542,0.0779149413574487
5842,19.210100173950195,19.193449402791884,0.016650771158310818
5843,19.137859344482425,19.14680406343905,0.008944718956623632
5844,19.06704902648925,19.088259601176105,0.0212105746868545
5845,19.010066986083984,19.02367408183636,0.013607095752377063
5846,18.934965133666992,18.960522329052765,0.025557195385772502
5847,18.8748836517334,18.89189994244589,0.017016290712490445
5848,18.8140869140625,18.829960087714426,0.015873173651925754
5849,18.70298385620117,18.7650925406615,0.062108684460330466
5850,18.69416236877441,18.681275345443282,0.012887023331128233
5851,18.60594749450684,18.62990424046984,0.02395674596300168
5852,18.62311363220215,18.56309618187879,0.06001745032335748
5853,18.531084060668945,18.531570577806633,0.0004865171376877697
5854,18.47982406616211,18.467208267566093,0.012615798596016248
5855,18.38397979736328,18.40781353280363,0.02383373544034839
5856,18.326997756958008,18.332364332763973,0.0053665758059651125
5857,18.33796501159668,18.269937339255193,0.06802767234148632
5858,18.19109916687012,18.242311526591948,0.05121235972182703
5859,18.167972564697266,18.153578368810486,0.014394195886779926
5860,18.096923828125,18.0959485276162,0.0009753005087986821
5861,18.05591583251953,18.03340021024269,0.022515622276841896
5862,17.93694496154785,17.98248457248519,0.0455396109373396
5863,17.917156219482422,17.894887401553206,0.02226881792921631
5864,17.83895492553711,17.842007624267353,0.003052698730243719
5865,17.789125442504883,17.776395041437354,0.012730401067528874
5866,17.69423484802246,17.716876301619777,0.022641453597316286
5867,17.65608787536621,17.639880054730384,0.016207820635827375
5868,17.5631046295166,17.58050894795815,0.01740431844154955
5869,17.528057098388672,17.506323510247057,0.021733588141614746
5870,17.435789108276367,17.449728189603775,0.01393908132740762
5871,17.36593246459961,17.37535984443639,0.009427379836779437
5872,17.299175262451172,17.30204788827905,0.002872625827876618
5873,17.282962799072266,17.233324789458493,0.04963800961377274
5874,17.206907272338867,17.188777314004255,0.01812995833461173
5875,17.172813415527344,17.125180316043043,0.047633099484301056
5876,17.086029052734375,17.071851942091598,0.014177110642776825
5877,17.03500747680664,17.002700942043703,0.0323065347629381
5878,16.95084571838379,16.942217811561022,0.008627906822766818
5879,16.89004898071289,16.874055332891658,0.015993647821233026
5880,16.797780990600586,16.813309613326055,0.015528622725469177
5881,16.79205894470215,16.746315630939534,0.04574331376261398
5882,16.669034957885742,16.71279136701287,0.04375640912712697
5883,16.622066497802734,16.637979284837456,0.015912787034721987
5884,16.54195785522461,16.572861088377522,0.030903233152912435
5885,16.54219627380371,16.494251602750865,0.04794467105284639
5886,16.418933868408203,16.438880496878028,0.019946628469824645
5887,16.387939453125,16.36585777413302,0.02208167899198088
5888,16.329050064086914,16.3250834038422,0.003966660244714149
5889,16.282081604003906,16.433294697549172,0.15121309354526602
5890,21.19588851928711,17.220216365899432,3.975672153387677
5891,21.109819412231445,20.820871972318855,0.2889474399125902
5892,21.06189727783203,20.879980154859368,0.1819171229726635
5893,20.94888687133789,20.86698744142268,0.08189942991521093
5894,20.910978317260746,20.79862982236591,0.11234849489483523
5895,20.893096923828125,20.79886643741702,0.09423048641110654
5896,20.77603340148925,20.791700285826664,0.015666884337413478
5897,20.72310447692871,20.75877560309891,0.035671126170200296
5898,20.652055740356445,20.683597706010914,0.031541965654469095
5899,20.667076110839844,20.5932077401485,0.07386837069134344
5900,20.53189277648925,20.606348924502527,0.07445614801327594
5901,20.511150360107425,20.52259591027905,0.01144555017162574
5902,20.46418190002441,20.466815085001144,0.0026331849767338156
5903,20.36881446838379,20.420019263838185,0.051204795454395935
5904,20.38192749023437,20.346128673281783,0.03579881695258891
5905,20.219087600708008,20.314486940151255,0.0953993394432473
5906,20.22695541381836,20.219965595060785,0.00698981875757454
5907,20.164012908935547,20.173338018594222,0.009325109658675501
5908,20.077943801879883,20.12347592108199,0.045532119202107424
5909,20.0040340423584,20.05282923573759,0.048795193379191915
5910,19.966840744018555,19.97747706127484,0.01063631725628511
5911,19.867897033691406,19.925872525163868,0.057975491472461727
5912,19.804000854492188,19.85084980196916,0.04684894747697399
5913,19.74701881408692,19.778195575327118,0.031176761240196527
5914,19.66714859008789,19.717452536951896,0.05030394686400541
5915,19.598960876464844,19.643719466330367,0.04475858986552339
5916,19.59705352783203,19.57374341372997,0.023310114102059742
5917,19.454002380371094,19.535170803465007,0.08116842309391359
5918,19.456148147583008,19.44413534101841,0.012012806564598577
5919,19.387006759643555,19.39574253583487,0.00873577619131538
5920,19.29616928100586,19.340084710165684,0.04391542915982427
5921,19.273042678833008,19.264941668552638,0.008101010280370247
5922,19.18911933898925,19.213779528854502,0.024660189865251425
5923,19.11616325378418,19.148701005633484,0.032537751849304186
5924,19.05989646911621,19.07780597503006,0.01790950591384899
5925,18.94688606262207,19.014574456832634,0.06768839421056327
5926,18.918991088867188,18.930509921801786,0.011518832934598322
5927,18.841028213500977,18.87066524977854,0.02963703627756331
5928,18.841028213500977,18.804436328309748,0.03659188519122836
5929,18.711090087890625,18.765550186344626,0.05446009845400113
5930,18.693208694458008,18.678916065482554,0.014292628975454136
5931,18.65506172180176,18.626122253863286,0.028939467938474905
5932,18.57209205627441,18.580435775220394,0.008343718945983625
5933,18.52607727050781,18.51533831609231,0.010738954415497659
5934,18.446922302246094,18.45756134457588,0.010639042329785298
5935,18.3711051940918,18.390328987607063,0.0192237935152626
5936,18.297195434570312,18.321083056662246,0.023887622091933736
5937,18.23592185974121,18.249578055247184,0.013656195505973301
5938,18.19014549255371,18.185808790804003,0.004336701749707572
5939,18.085956573486328,18.12669222954355,0.040735656057222513
5940,18.119096755981445,18.045835068505767,0.07326168747567863
5941,17.921924591064453,18.017794676779886,0.09587008571543265
5942,17.96698570251465,17.906948904055753,0.060036798458895646
5943,17.904043197631836,17.870907840233485,0.03313535739835061
5944,17.821073532104492,17.822277246978047,0.0012037148735544179
5945,17.746925354003906,17.753641789568064,0.006716435564158019
5946,17.695188522338867,17.679576083764914,0.015612438573953114
5947,17.601966857910156,17.621386208929835,0.019419351019678288
5948,17.555952072143555,17.546512543162862,0.009439528980692558
5949,17.45891571044922,17.484501553099108,0.025585842649888946
5950,17.4710750579834,17.407526085435165,0.063548972548233
5951,17.30489730834961,17.368877312605946,0.06398000425633654
5952,17.36593246459961,17.26999786012584,0.09593460447376856
5953,17.194032669067383,17.245289517745732,0.05125684867834934
5954,17.199039459228516,17.149676593021468,0.04936286620704777
5955,17.14777946472168,17.100843402317878,0.04693606240380177
5956,17.066001892089844,17.05017510437301,0.01582678771683277
5957,16.987085342407227,16.983410196189652,0.0036751462175743654
5958,16.94202423095703,16.908155801388602,0.03386842956842884
5959,16.852140426635742,16.853878202255146,0.001737775619403692
5960,16.835927963256836,16.789477266115682,0.046450697141153796
5961,16.739845275878906,16.74964583696692,0.009800561088013637
5962,16.666173934936523,16.691666100427938,0.025492165491414198
5963,16.595840454101562,16.62313763927159,0.02729718517002766
5964,16.59083366394043,16.551504108292647,0.0393295556477824
5965,16.418933868408203,16.508139163477153,0.08920529506895036
5966,16.431093215942383,16.392233104738807,0.0388601112035758
5967,16.375064849853516,16.34881700783808,0.026247842015436618
5968,16.305923461914062,16.346864158634844,0.04094069672078149
5969,16.208887100219727,16.597433150877805,0.38854605065807846
5970,16.177892684936523,17.74534568380659,1.567452998870067
5971,21.13986015319824,20.694512161753664,0.4453479914445744
5972,21.05998992919922,21.112392775194166,0.05240284599494771
5973,20.97797393798828,20.953497054506443,0.02447688348183874
5974,20.926952362060547,20.907839063511346,0.019113298549200408
5975,20.86710929870605,20.835606789205485,0.03150250950056588
5976,20.77603340148925,20.83783787475113,0.06180447326187988
5977,20.728111267089844,20.75367731958977,0.025566052499925718
5978,20.66612243652344,20.728059886096162,0.06193744957272074
5979,20.643949508666992,20.641967198116618,0.0019823105503746774
5980,20.50495147705078,20.562443761718896,0.057492284668114735
5981,20.529985427856445,20.507113711573766,0.0228717162826797
5982,20.42984962463379,20.470441059842415,0.040591435208625626
5983,20.35307884216309,20.40652851928826,0.053449677125168904
5984,20.32089233398437,20.33029356289262,0.009401228908249237
5985,20.21193504333496,20.27947763190241,0.06754258856744855
5986,20.14899253845215,20.200770953124447,0.05177841467229882
5987,20.09415626525879,20.12853834366979,0.034382078410999384
5988,19.989013671875,20.067417592599668,0.07840392072466784
5989,19.987106323242188,19.985298763913306,0.0018075593288813252
5990,19.87290382385254,19.936861719088483,0.0639578952359443
5991,19.861936569213867,19.860193415297545,0.0017431539163226262
5992,19.79303359985352,19.809719671229686,0.016686071376167178
5993,19.74010467529297,19.750538761400094,0.01043408610712504
5994,19.665002822875977,19.693661999554024,0.028659176678047515
5995,19.64116096496582,19.62544916477782,0.01571180018800078
5996,19.550085067749023,19.5810251916555,0.030940123906475492
5997,19.5767879486084,19.513847296366293,0.06294065224210499
5998,19.43397521972656,19.488294211441826,0.05431899171526666
5999,19.437074661254883,19.407427163514512,0.029647497740370454
6000,19.332170486450195,19.363838716344617,0.03166822989442153
6001,19.2861557006836,19.295230070838443,0.009074370154841915
6002,19.215106964111328,19.237210451592546,0.0221034874812176
6003,19.149065017700195,19.172823005192186,0.023757987491990207
6004,19.098997116088867,19.108068235709652,0.009071119620784884
6005,19.00911331176757,19.04994606093169,0.04083274916411739
6006,18.95618438720703,18.975097950260533,0.018913563053502003
6007,18.952131271362305,18.912851099230465,0.03928017213183921
6008,18.7978744506836,18.87469541406972,0.07682096338611899
6009,18.79596710205078,18.781207835445457,0.014759266605324228
6010,18.751859664916992,18.72902349191463,0.022836173002360738
6011,18.66006851196289,18.683482635424298,0.023414123461407144
6012,18.598079681396484,18.61275048713651,0.014670805740024662
6013,18.49818229675293,18.544177870126077,0.045995573373147636
6014,18.45097541809082,18.46441614293326,0.013440724842439522
6015,18.390893936157227,18.401152618025662,0.010258681868435815
6016,18.31221580505371,18.339233039796454,0.027017234742743312
6017,18.26810836791992,18.26866829833307,0.000559930413150056
6018,18.197059631347656,18.20557988867222,0.008520257324562408
6019,18.198013305664062,18.14073764535351,0.05727566031055176
6020,18.049955368041992,18.104819581139964,0.054864213097971515
6021,18.02802085876465,18.01224394239398,0.015776916370668914
6022,17.987966537475586,17.95448205257344,0.033484484902146505
6023,17.90595054626465,17.906670730553742,0.000720184289093595
6024,17.817020416259766,17.841494176309425,0.024473760049659177
6025,17.778873443603516,17.76201866618976,0.016854777413755073
6026,17.693042755126953,17.70510302708317,0.012060271956215729
6027,17.628908157348633,17.635132001714737,0.0062238443661044585
6028,17.60697364807129,17.566176477203044,0.0407971708682453
6029,17.56000518798828,17.51978283459721,0.04022235339107283
6030,17.44985580444336,17.46878885580827,0.01893305136491108
6031,17.47298240661621,17.387531610893348,0.0854507957228634
6032,17.34304428100586,17.35648962653613,0.01344534553027188
6033,17.370939254760742,17.278517426348117,0.09242182841262547
6034,17.288923263549805,17.248912141099026,0.0400111224507782
6035,17.20285415649414,17.19358569380347,0.009268462690670276
6036,17.12489128112793,17.122101974337056,0.0027893067908735247
6037,17.06385612487793,17.048548543471043,0.015307581406887039
6038,17.013072967529297,16.986041784548433,0.027031182980863377
6039,16.98589324951172,16.927495478967103,0.05839777054461592
6040,16.859054565429688,16.8824259254734,0.02337136004371132
6041,16.87002182006836,16.80304031901869,0.06698150104966771
6042,16.769886016845703,16.768271396244927,0.0016146206007761066
6043,16.705989837646484,16.715398154360628,0.009408316714143439
6044,16.6170597076416,16.654686452397982,0.037626744756380504
6045,16.56198501586914,16.5775488983968,0.01556388252765828
6046,16.568899154663086,16.511345573917424,0.05755358074566175
6047,16.405105590820312,16.464119254123943,0.05901366330363089
6048,16.418933868408203,16.37115182643356,0.0477820419746422
6049,16.30997657775879,16.33492655645341,0.024949978694621677
6050,16.293048858642578,16.388228244181846,0.09517938553926797
6051,16.25990867614746,16.84812587586748,0.5882171997200203
6052,21.14701271057129,19.888009089754632,1.2590036208166566
6053,21.09384536743164,21.080730597986985,0.013114769444655394
6054,21.05283737182617,20.91464895192985,0.13818841989631991
6055,20.978212356567383,20.948536852301913,0.0296755042654695
6056,20.869016647338867,20.84591630136856,0.02310034597030608
6057,20.83992958068848,20.825016757498815,0.014912823189664692
6058,20.737171173095703,20.77090664897696,0.033735475881258026
6059,20.67399024963379,20.74266500039812,0.06867475076433038
6060,20.673036575317383,20.65139057685883,0.02164599845855264
6061,20.54405212402344,20.584570285336667,0.040518161313226386
6062,20.519018173217773,20.54149696186869,0.022478788650914794
6063,20.457983016967773,20.481808971908322,0.0238259549405484
6064,20.41792869567871,20.42706643760539,0.009137741926679155
6065,20.31898498535156,20.374305973291484,0.05532098793992546
6066,20.22790908813477,20.29763699920295,0.06972791106818121
6067,20.16901969909668,20.217035724272137,0.04801602517545689
6068,20.183086395263672,20.15018526935819,0.03290112590548233
6069,20.083904266357425,20.121034697240248,0.037130430882822196
6070,20.03192901611328,20.054189269558265,0.02226025344498339
6071,19.97208595275879,19.986989254448417,0.014903301689628279
6072,19.9429988861084,19.930431554257666,0.012567331850732444
6073,19.77181434631348,19.88605718315739,0.11424283684391057
6074,19.783973693847656,19.780764490860747,0.0032092029869090766
6075,19.706010818481445,19.733091250145662,0.02708043166421703
6076,19.627094268798828,19.673901291298534,0.04680702249970636
6077,19.5620059967041,19.601384810812306,0.0393788141082041
6078,19.49501037597656,19.53133904726201,0.03632867128544959
6079,19.453048706054688,19.46461025136159,0.011561545306904009
6080,19.416093826293945,19.409063359944412,0.007030466349533526
6081,19.29903030395508,19.35957897512708,0.060548671171996915
6082,19.22893524169922,19.27708343919221,0.04814819749299204
6083,19.201993942260746,19.198190082533984,0.0038038597267622265
6084,19.09804344177246,19.1504608719697,0.05241743019723799
6085,19.032001495361328,19.073750339430262,0.04174884406893398
6086,19.02294158935547,18.999594981323753,0.023346608031715732
6087,18.897056579589844,18.957022035010596,0.05996545542075182
6088,18.89491081237793,18.87276026491236,0.022150547465571435
6089,18.83220672607422,18.825852504051,0.006354222023219336
6090,18.74709129333496,18.77185081616517,0.02475952283020888
6091,18.67604255676269,18.69958620000034,0.023543643237648126
6092,18.606185913085938,18.62820134942922,0.02201543634328118
6093,18.53609085083008,18.561766981747496,0.025676130917414497
6094,18.50414276123047,18.4927558225354,0.011386938695068238
6095,18.466949462890625,18.44046473411254,0.02648472877808672
6096,18.3868408203125,18.393930831734906,0.007090011422405951
6097,18.312931060791016,18.32516868807943,0.012237627288413933
6098,18.2650089263916,18.25552191917268,0.009487007218922372
6099,18.198013305664062,18.19805512786843,4.182220436632633e-05
6100,18.121957778930664,18.136263576479905,0.014305797549241106
6101,18.0959701538086,18.066598541963685,0.029371611844915435
6102,17.978906631469727,18.017267655295655,0.03836102382592799
6103,17.94290542602539,17.934879702124817,0.008025723900573212
6104,17.89116859436035,17.87478618211935,0.016382412241000566
6105,17.792940139770508,17.81935843609972,0.026418296329211444
6106,17.736196517944336,17.741584476425487,0.005387958481151145
6107,17.71998405456543,17.672646882374465,0.04733717219096434
6108,17.64512062072754,17.63042735046838,0.014693270259158453
6109,17.56906509399414,17.5692449320195,0.0001798380253603682
6110,17.478227615356445,17.497659159744217,0.019431544387771282
6111,17.419815063476562,17.419443138805946,0.0003719246706168633
6112,17.3490047454834,17.352783718706632,0.003778973223234061
6113,17.290115356445312,17.285461877008856,0.004653479436456109
6114,17.17996597290039,17.220526629898814,0.04056065699842293
6115,17.215967178344727,17.131530128949635,0.08443704939509189
6116,17.065048217773438,17.10197000500102,0.03692178722758399
6117,17.062902450561523,17.012361773709017,0.050540676852506294
6118,17.00305938720703,16.96060130961996,0.042458077587070875
6119,16.94798469543457,16.906368620425383,0.041616075009187625
6120,16.903162002563477,16.853679710379765,0.04948229218371125
6121,16.789913177490234,16.803613423462593,0.013700245972358971
6122,16.726970672607422,16.738370928692348,0.011400256084925786
6123,16.69001579284668,16.674757005716856,0.015258787129823759
6124,16.595125198364258,16.626519709575405,0.03139451121114689
6125,16.53003692626953,16.554767284560512,0.024730358290980803
6126,16.461849212646484,16.47388458937371,0.012035376727226321
6127,16.431093215942383,16.399408410080696,0.03168480586168698
6128,16.354084014892578,16.34946593969744,0.0046180751951396815
6129,16.356945037841797,16.342516210443137,0.01442882739866036
6130,16.188859939575195,16.612694737887068,0.4238347983118729
6131,16.241073608398438,18.420913158706753,2.1798395503083157
6132,21.13199234008789,20.690549362370803,0.44144297771708807
6133,21.04997634887696,21.10801539674867,0.058039047871709215
6134,20.991086959838867,20.903202279896504,0.08788467994236271
6135,20.91193199157715,20.878730049844307,0.03320194173284108
6136,20.847082138061523,20.82727465494827,0.01980748311325442
6137,20.865917205810547,20.81859899317351,0.047318212637037504
6138,20.704030990600582,20.7852627477223,0.08123175712171715
6139,20.699024200439453,20.726771574118175,0.027747373678721488
6140,20.62392234802246,20.653627695082832,0.029705347060371423
6141,20.566225051879883,20.558144137794443,0.008080914085439872
6142,20.492076873779297,20.53679549453591,0.044718620756611926
6143,20.43890953063965,20.46851462455379,0.029605093914142344
6144,20.38717269897461,20.408495172432595,0.021322473457985325
6145,20.30801773071289,20.351730685433722,0.043712954720831476
6146,20.303964614868164,20.28242828191651,0.021536332951654913
6147,20.16520500183105,20.245315244665107,0.08011024283405632
6148,20.151138305664062,20.156457579105336,0.005319273441273253
6149,20.07484436035156,20.10432618908453,0.02948182873297256
6150,20.004987716674805,20.044335894908727,0.039348178233922226
6151,19.95778083801269,19.9765319416656,0.018751103652906664
6152,19.88506317138672,19.91733662043771,0.032273449050990166
6153,19.810914993286133,19.852973639899574,0.04205864661344094
6154,19.7298526763916,19.78292586545649,0.05307318906488945
6155,19.67096328735352,19.707900125922606,0.036936838569086916
6156,19.58584785461425,19.644216156848415,0.05836830223416456
6157,19.53601837158203,19.567195946819993,0.03117757523796172
6158,19.535064697265625,19.50452915434653,0.03053554291909677
6159,19.388198852539062,19.46835956096038,0.0801607084213174
6160,19.40608024597168,19.37610214599772,0.029978099973959615
6161,19.35386657714844,19.335166736709652,0.018699840438788584
6162,19.2410945892334,19.290410966277705,0.04931637704430614
6163,19.176006317138672,19.210072112855414,0.034065795716742286
6164,19.13094520568848,19.137037827476888,0.006092621788408081
6165,19.056081771850582,19.082712218278175,0.026630446427592602
6166,18.985986709594727,19.01716046495494,0.031173755360214273
6167,18.906116485595703,18.947447671735063,0.04133118613935949
6168,18.85104179382324,18.874311165973268,0.023269372150029
6169,18.76187324523925,18.80738262138948,0.04550937615022832
6170,18.748998641967773,18.73244837747734,0.01655026449043362
6171,18.64004135131836,18.685316234495986,0.04527488317762618
6172,18.61786842346192,18.60543653492641,0.012431888535509472
6173,18.558979034423828,18.551914109821155,0.007064924602673273
6174,18.48793029785156,18.49568669877044,0.007756400918882633
6175,18.421173095703125,18.430608007975025,0.00943491227189952
6176,18.34392547607422,18.363707783464633,0.019782307390414644
6177,18.27883720397949,18.293633197117742,0.014795993138253749
6178,18.285036087036133,18.22701684363892,0.05801924339721154
6179,18.138885498046875,18.193449513091764,0.05456401504488895
6180,18.114805221557617,18.104611453736652,0.01019376782096515
6181,18.074989318847656,18.043715252360926,0.03127406648673059
6182,17.987966537475586,17.996448379562935,0.008481842087348923
6183,17.920970916748047,17.928216776454065,0.007245859706017654
6184,17.82703399658203,17.857700463991932,0.030666467409901088
6185,17.79007911682129,17.779043889959212,0.011035226862077252
6186,17.71688461303711,17.721294233069784,0.004409620032674866
6187,17.642974853515625,17.65538152449153,0.012406670975906309
6188,17.633914947509766,17.584545144927688,0.04936980258207768
6189,17.50802993774414,17.539580157858836,0.03155022011469555
6190,17.51708984375,17.456222451642134,0.06086739210786618
6191,17.405033111572266,17.41527648516694,0.010243373594676086
6192,17.362117767333984,17.34003909916737,0.02207866816661408
6193,17.286062240600586,17.2799041044982,0.00615813610238547
6194,17.219066619873047,17.211778492196572,0.007288127676474687
6195,17.129182815551758,17.146098209309457,0.01691539375769935
6196,17.06218719482422,17.066827894041126,0.004640699216906796
6197,17.03810691833496,16.994279741993523,0.043827176341437735
6198,17.01188087463379,16.94509581807324,0.06678505656054767
6199,16.94512367248535,16.90294691877625,0.04217675370910001
6200,16.865968704223633,16.84807568733504,0.017893016888592683
6201,16.740083694458008,16.78510064175498,0.04501694729697192
6202,16.75105094909668,16.70666065763271,0.044390291463969334
6203,16.6628360748291,16.67116839996652,0.008332325137416774
6204,16.59107208251953,16.6119769329498,0.020904850430270017
6205,16.55101776123047,16.54330930125525,0.007708459975219739
6206,16.472816467285156,16.474792989242815,0.001976521957658406
6207,16.37887954711914,16.401839160522513,0.022959613403372714
6208,16.386032104492188,16.327505754617277,0.05852634987491001
6209,16.24011993408203,16.346354669622087,0.10623473554005614
6210,16.2508487701416,16.64493437647252,0.3940856063309184
6211,21.17180824279785,19.06557304391754,2.106235198880313
6212,21.08311653137207,21.125503125858813,0.04238659448674298
6213,21.006107330322266,20.94230341981529,0.06380391050697654
6214,20.968914031982425,20.91511279786573,0.05380123411669402
6215,20.89786529541016,20.8490710570004,0.048794238409758606
6216,20.848989486694336,20.835135234847257,0.013854251847078558
6217,20.81894874572754,20.78183082403484,0.037117921692697564
6218,20.75815200805664,20.772850176854263,0.014698168797622202
6219,20.67112922668457,20.710961599888833,0.039832373204262694
6220,20.609140396118164,20.607048380043125,0.0020920160750392824
6221,20.526885986328125,20.583275605531526,0.0563896192034008
6222,20.49589157104492,20.512957366008777,0.01706579496385885
6223,20.40886878967285,20.46029208395339,0.05142329428053927
6224,20.352840423583984,20.390748373301903,0.03790794971791911
6225,20.30205726623535,20.324540063484164,0.022482797248812858
6226,20.19596099853516,20.26759526643218,0.07163426789702143
6227,20.15399932861328,20.18642725488462,0.03242792627133895
6228,20.058155059814453,20.12397093585605,0.06581587604159722
6229,20.035982131958008,20.04738407322293,0.011401941264921334
6230,19.91796493530273,19.9952982634386,0.07733332813586813
6231,19.92106437683105,19.910066572720098,0.010997804110953524
6232,19.848108291625977,19.866855167947506,0.01874687632152927
6233,19.810914993286133,19.807892104836355,0.0030228884497773834
6234,19.73104476928711,19.756023136324075,0.02497836703696521
6235,19.64807510375977,19.689665350142604,0.04159024638283526
6236,19.5767879486084,19.616867679815186,0.04007973120678798
6237,19.56796646118164,19.548390077488875,0.019576383692765376
6238,19.43898200988769,19.50840112840524,0.06941911851754767
6239,19.42896842956543,19.424835797508422,0.004132632057007868
6240,19.40298080444336,19.37205254307628,0.030928261367080268
6241,19.299983978271484,19.334802765115455,0.034818786843970884
6242,19.22798156738281,19.26202989579906,0.03404832841625094
6243,19.170045852661133,19.188787147868425,0.01874129520729184
6244,19.11187171936035,19.12666865882784,0.014796939467487391
6245,19.03319358825684,19.06725951266708,0.034065924410239035
6246,18.97001266479492,18.996753254668874,0.02674058987395611
6247,18.88513565063477,18.930421777668016,0.04528612703324697
6248,18.8138484954834,18.853154060252564,0.03930556476916536
6249,18.76997947692871,18.781125556415645,0.011146079486934468
6250,18.70298385620117,18.72267376279524,0.01968990659407055
6251,18.6159610748291,18.657027329936682,0.04106625510758022
6252,18.57304573059082,18.579161874640704,0.006116144049883587
6253,18.57995986938477,18.518239196509967,0.06172067287480232
6254,18.45002174377441,18.489045222622735,0.0390234788483248
6255,18.448829650878903,18.407153122097952,0.041676528780950406
6256,18.38994026184082,18.362014444164743,0.027925817676077713
6257,18.292903900146484,18.311590804842126,0.018686904695641715
6258,18.21112632751465,18.238128366874662,0.02700203936001344
6259,18.133878707885746,18.161692153626063,0.027813445740317633
6260,18.082141876220703,18.089585560119303,0.007443683898600284
6261,18.078088760375977,18.027221574584473,0.05086718579150329
6262,17.92597770690918,17.9904818930936,0.064504186184422
6263,17.945051193237305,17.895382416327266,0.049668776910039014
6264,17.852067947387695,17.851368162610015,0.0006997847776801791
6265,17.77482032775879,17.787191859952145,0.01237153219335596
6266,17.712116241455078,17.714573159082647,0.002456917627569055
6267,17.676115036010742,17.645924966018356,0.03019006999238627
6268,17.580032348632812,17.59539910631247,0.015366757679657894
6269,17.55690574645996,17.520348398193164,0.03655734826679691
6270,17.467975616455078,17.469182739432654,0.0012071229775756365
6271,17.50802993774414,17.40026072980072,0.10776920794342004
6272,17.375946044921875,17.37961925050513,0.0036732055832544575
6273,17.327070236206055,17.30418588624616,0.02288434995989519
6274,17.238140106201172,17.23935905977214,0.001218953570969461
6275,17.190933227539062,17.166779152375966,0.024154075163096422
6276,17.093896865844727,17.109712026012858,0.015815160168131115
6277,17.060041427612305,17.031472209509957,0.028569218102347804
6278,16.986846923828125,16.97324831707192,0.01359860675620439
6279,16.901016235351562,16.908643694250713,0.007627458899150952
6280,16.848087310791016,16.835041750596247,0.013045560194768768
6281,16.791105270385742,16.777203446849853,0.01390182353588898
6282,16.746997833251953,16.728113951103296,0.018883882148656994
6283,16.673803329467773,16.680543433494677,0.006740104026903282
6284,16.572952270507812,16.621337387505264,0.048385116997451405
6285,16.498088836669922,16.53977683292851,0.0416879962585881
6286,16.48402214050293,16.447443443922793,0.03657869658013624
6287,16.416072845458984,16.40157692753519,0.014495917923795787
6288,16.384124755859375,16.34082079741006,0.04330395844931445
6289,16.314983367919922,16.36663816810824,0.051654800188316585
6290,16.241073608398438,16.687560779018895,0.4464871706204576
6291,21.13199234008789,18.65234982574293,2.4796425143449596
6292,21.129131317138672,21.046628202384454,0.08250311475421768
6293,20.982027053833008,20.919335672715533,0.06269138111747452
6294,20.7819938659668,20.86285505674823,0.08086119078143028
6295,20.725011825561523,20.704158079297486,0.02085374626403791
6296,20.6758975982666,20.681207759935205,0.005310161668603541
6297,20.62916755676269,20.639068496166146,0.0099009394034546
6298,20.521879196166992,20.623776326829102,0.1018971306621097
6299,20.459890365600582,20.52296256306363,0.06307219746304682
6300,20.38002014160156,20.41624012599641,0.03621998439485097
6301,20.339012145996094,20.377562279009,0.03855013301290455
6302,20.26295661926269,20.3173615113883,0.05440489212560706
6303,20.25294303894043,20.24539031799577,0.007552720944659086
6304,20.07389068603516,20.198501660615875,0.12461097458071535
6305,20.08509635925293,20.090218770747015,0.0051224114940850995
6306,20.03693580627441,20.03993203970822,0.002996233433808726
6307,19.937992095947266,19.995556328012754,0.057564232065487886
6308,19.90199089050293,19.917586306291923,0.015595415788993705
6309,19.809961318969727,19.856934763538447,0.04697344456872088
6310,19.74320411682129,19.785697210863873,0.042493094042583834
6311,19.7451114654541,19.71678223935669,0.028329226097412175
6312,19.62900161743164,19.680465515648393,0.05146389821675257
6313,19.56391334533692,19.606214640134567,0.042301294797645994
6314,19.481182098388672,19.529246378169773,0.048064279781101504
6315,19.48404312133789,19.45720178719057,0.026841334147320595
6316,19.33622360229492,19.422618788212276,0.08639518591735751
6317,19.34599876403809,19.328542520725023,0.01745624331306672
6318,19.258975982666016,19.284012975731457,0.025036993065441493
6319,19.19388771057129,19.21884496778148,0.02495725721018971
6320,19.11187171936035,19.152041433699196,0.04016971433884464
6321,19.062042236328125,19.078932074990007,0.016889838661882095
6322,18.97501945495605,19.017299886854744,0.04228043189869268
6323,18.976926803588867,18.943741931479963,0.03318487210890453
6324,18.85104179382324,18.904355747508816,0.053313953685577786
6325,18.860816955566406,18.823120873776134,0.03769608179027273
6326,18.78499984741211,18.78060473518417,0.004395112227939535
6327,18.72897148132324,18.724426926155502,0.004544555167736775
6328,18.66292953491211,18.665210658127762,0.0022811232156527694
6329,18.616914749145508,18.602470468067622,0.014444281077885535
6330,18.624067306518555,18.549093162391728,0.07497414412682701
6331,18.46504211425781,18.523645816912904,0.058603702655094736
6332,18.446922302246094,18.430797031896873,0.016125270349220955
6333,18.36490631103516,18.376251062363735,0.011344751328575597
6334,18.347978591918945,18.310293108697806,0.03768548322113929
6335,18.284082412719727,18.26974328810138,0.014339124618345522
6336,18.193960189819336,18.212306325040117,0.018346135220781434
6337,18.108129501342773,18.138512089763026,0.030382588420252432
6338,18.064022064208984,18.059568963508354,0.004453100700629875
6339,17.96102523803711,18.001384618628435,0.040359380591326044
6340,17.902135848999023,17.923139272170374,0.021003423171350732
6341,17.884016036987305,17.850387517228228,0.03362851975907688
6342,17.781972885131836,17.804759857199315,0.022786972067478928
6343,17.70305633544922,17.72847680695122,0.02542047150200233
6344,17.709970474243164,17.6493029307494,0.06066754349376424
6345,17.657041549682617,17.612421481317142,0.04462006836547516
6346,17.629146575927734,17.565372287663195,0.06377428826453979
6347,17.554044723510742,17.521275419767335,0.03276930374340736
6348,17.47298240661621,17.461094593500093,0.011887813116118195
6349,17.399072647094727,17.392294578030487,0.006778069064239389
6350,17.360925674438477,17.324818484098614,0.03610719033986243
6351,17.28510856628418,17.274720693194467,0.01038787308971223
6352,17.206907272338867,17.210104088803746,0.0031968164648787933
6353,17.119884490966797,17.137218609491356,0.017334118524559017
6354,17.063140869140625,17.05862445692219,0.004516412218436017
6355,16.969919204711914,16.99116863949257,0.021249434780656884
6356,17.007827758789062,16.91257666539059,0.09525109339847404
6357,16.865968704223633,16.886431204966357,0.020462500742723932
6358,16.862154006958008,16.810186780617187,0.05196722634082107
6359,16.811847686767578,16.76613968231777,0.04570800444980705
6360,16.716957092285156,16.728270884527774,0.011313792242617637
6361,16.650915145874023,16.670697348331487,0.019782202457463427
6362,16.57700538635254,16.598987152065092,0.02198176571255317
6363,16.481876373291016,16.53126761442536,0.049391241134344455
6364,16.422033309936523,16.431870608414556,0.009837298478032608
6365,16.371965408325195,16.371608571404295,0.00035683692090060504
6366,16.367197036743164,16.321079046008435,0.046117990734728664
6367,16.237974166870117,16.444361227058835,0.20638706018871744
6368,16.21389389038086,16.966938470659443,0.7530445802785835
6369,21.11506462097168,19.39448539269506,1.7205792282766197
6370,21.066904067993164,21.191178549088363,0.12427448109519901
6371,20.985126495361328,20.95745181031816,0.02767468504316639
6372,20.93386650085449,20.91020454372483,0.023661957129657907
6373,20.84803581237793,20.826458232477307,0.021577579900622368
6374,20.827054977416992,20.814079846786626,0.012975130630366039
6375,20.71499824523925,20.759284358973673,0.04428611373442237
6376,20.71404457092285,20.716504961001192,0.0024603900783404242
6377,20.644187927246094,20.657454424053867,0.013266496807773365
6378,20.58100700378418,20.571004802604875,0.010002201179304393
6379,20.552873611450195,20.546636133531138,0.00623747791905771
6380,20.44510841369629,20.50142187954407,0.0563134658477793
6381,20.435094833374023,20.42634620283934,0.008748630534682889
6382,20.370960235595703,20.38183810736882,0.010877871773118386
6383,20.295143127441406,20.329231476353016,0.0340883489116095
6384,20.22695541381836,20.262415541765222,0.035460127946862485
6385,20.15209197998047,20.195400193642854,0.04330821366238524
6386,20.09797096252441,20.128844669670798,0.030873707146387375
6387,19.999027252197266,20.067315707365196,0.0682884551679308
6388,19.960880279541016,19.987511081126286,0.026630801585270092
6389,19.95110511779785,19.9284411055487,0.02266401224915171
6390,19.82712745666504,19.890488520559302,0.06336106389426277
6391,19.80185508728028,19.809115733096405,0.007260645816124622
6392,19.74201202392578,19.75151806618669,0.009506042260909453
6393,19.678831100463867,19.69719480302956,0.01836370256569353
6394,19.611835479736328,19.637302707451454,0.025467227715125773
6395,19.52981948852539,19.57143356821689,0.04161407969149877
6396,19.49000358581543,19.50071985311297,0.010716267297539162
6397,19.394874572753903,19.4443602258616,0.04948565310769837
6398,19.340038299560547,19.370140519185952,0.03010221962540527
6399,19.32811737060547,19.305754413380782,0.022362957224686397
6400,19.20795440673828,19.26338892417334,0.055434517435060116
6401,19.176006317138672,19.18315363172951,0.007147314590838505
6402,19.12403106689453,19.123771967770153,0.00025909912437782623
6403,19.03891563415528,19.069528134878055,0.030612500722774882
6404,18.9809799194336,18.999657319000107,0.01867739956650638
6405,18.91684532165528,18.933864928840194,0.017019607184913355
6406,18.839120864868164,18.87110597044739,0.03198510557922418
6407,18.772125244140625,18.79990545171495,0.027780207574323867
6408,18.70083808898925,18.73083027908251,0.029992190093260263
6409,18.64290237426757,18.662167004322328,0.019264630054756537
6410,18.590211868286133,18.596095937937207,0.005884069651074242
6411,18.53299140930176,18.536411131890418,0.0034197225886565263
6412,18.448829650878903,18.475802153034238,0.026972502155334865
6413,18.46003532409668,18.401843024548725,0.05819229954795446
6414,18.283843994140625,18.368408580499818,0.08456458635919262
6415,18.31793785095215,18.265873827658652,0.052064023293496575
6416,18.2340145111084,18.22845882134061,0.005555689767788863
6417,18.162012100219727,18.17001155222897,0.007999452009244123
6418,18.09310913085937,18.102187992781182,0.009078861921810955
6419,18.018007278442383,18.032237243915006,0.014229965472623007
6420,17.954111099243164,17.963687081874014,0.009575982630849467
6421,17.878055572509766,17.896754515504654,0.018698942994888057
6422,17.80414581298828,17.82516589446459,0.021020081476308405
6423,17.743825912475586,17.753412045067307,0.009586132591721253
6424,17.688989639282227,17.68383917647043,0.0051504628117982065
6425,17.67706871032715,17.62314590769165,0.053922802635497646
6426,17.53997802734375,17.581515064648556,0.04153703730480629
6427,17.53997802734375,17.49134369958938,0.04863432775437104
6428,17.46201515197754,17.444071548197826,0.017943603779713158
6429,17.40288734436035,17.383577692953622,0.019309651406729245
6430,17.33994483947754,17.322291210803087,0.017653628674452193
6431,17.251014709472656,17.25849739671048,0.007482687237825303
6432,17.179012298583984,17.184631020654706,0.00561872207072156
6433,17.14301109313965,17.112036534285835,0.030974558853813505
6434,17.05193519592285,17.05725830663596,0.005323110713106871
6435,17.060041427612305,16.983678566589333,0.07636286102297163
6436,16.90196990966797,16.944980862035663,0.0430109523676947
6437,16.887903213500977,16.853627008231342,0.034276205269634374
6438,16.833782196044922,16.80023235860517,0.03354983743975026
6439,16.777992248535156,16.757225562173517,0.020766686361639586
6440,16.707181930541992,16.712259150722275,0.005077220180282893
6441,16.64590835571289,16.64904707115511,0.003138715442219109
6442,16.575098037719727,16.5932527142445,0.018154676524773095
6443,16.484975814819336,16.521793209278712,0.036817394459376374
6444,16.425132751464844,16.42602347681077,0.0008907253459256026
6445,16.36481285095215,16.36784482946041,0.0030319785082610906
6446,16.278982162475586,16.31703989554012,0.03805773306453375
6447,16.215085983276367,16.4356400897816,0.220554106505233
6448,21.212100982666016,17.038094163240203,4.174006819425813
6449,21.14105224609375,20.78643442791872,0.35461781817502924
6450,21.08907699584961,21.05363482314715,0.035442172702460084
6451,21.038055419921875,20.962027932000638,0.07602748792123748
6452,20.97487449645996,20.88831128367019,0.08656321278976975
6453,20.91813087463379,20.883395656255743,0.03473521837804583
6454,20.895957946777344,20.83872166213041,0.0572362846469332
6455,20.7509994506836,20.844153418693168,0.09315396800956677
6456,20.72405815124512,20.746647908708837,0.02258975746371661
6457,20.668983459472656,20.654568457757705,0.014415001714951359
6458,20.58100700378418,20.642764852254913,0.061757848470733734
6459,20.50709724426269,20.568077948155405,0.060980703892713706
6460,20.422935485839844,20.49310248094116,0.0701669951013173
6461,20.36094665527344,20.417270373400243,0.05632371812680148
6462,20.38288116455078,20.347828547983227,0.03505261656755465
6463,20.247936248779297,20.320013208674936,0.07207695989563945
6464,20.23506164550781,20.23670057997151,0.0016389344637026682
6465,20.154953002929688,20.18146705268009,0.0265140497504035
6466,20.065784454345703,20.122138677379553,0.05635422303384985
6467,20.016908645629883,20.04597008044584,0.02906143481595791
6468,19.9429988861084,19.983708818017476,0.04070993190907757
6469,19.90199089050293,19.917915757559967,0.015924867057037773
6470,19.86980438232422,19.86135336528605,0.008451017038169084
6471,19.77396011352539,19.814054820926685,0.04009470740129473
6472,19.739866256713867,19.743649107567762,0.00378285085389507
6473,19.61994171142578,19.686697942688625,0.06675623126284336
6474,19.61302757263184,19.605194447194663,0.007833125437176847
6475,19.54507827758789,19.5593920070678,0.014313729479908943
6476,19.46496963500977,19.501517842400062,0.036548207390293186
6477,19.382953643798828,19.43145766745147,0.04850402365264017
6478,19.3479061126709,19.354235027549294,0.006328914878395153
6479,19.265174865722656,19.30131335666374,0.036138490941084456
6480,19.25086975097656,19.233458795952174,0.017410955024384833
6481,19.114971160888672,19.187450574463583,0.07247941357491072
6482,19.119977951049805,19.098281555670837,0.02169639537896728
6483,19.050121307373047,19.052416442718823,0.002295135345775634
6484,19.006967544555664,18.997256983311672,0.009710561243991833
6485,18.860816955566406,18.94430866809671,0.08349171253030363
6486,18.85414123535156,18.845220753064496,0.008920482287063436
6487,18.809795379638672,18.793973653146168,0.01582172649250424
6488,18.717050552368164,18.748139373883532,0.03108882151536818
6489,18.646955490112305,18.67500236539854,0.028046875286236173
6490,18.599987030029297,18.60236858283315,0.0023815528038539924
6491,18.50104331970215,18.542189432309897,0.041146112607748364
6492,18.48793029785156,18.46625778557609,0.021672512275468847
6493,18.355846405029297,18.41798697455488,0.06214056952558167
6494,18.35489273071289,18.329931990365367,0.024960740347523824
6495,18.27883720397949,18.2802146771337,0.0013774731542106622
6496,18.223047256469727,18.219423042182825,0.003624214286901406
6497,18.179893493652344,18.15861314162248,0.021280352029862115
6498,18.136024475097656,18.103052844253398,0.03297163084425847
6499,18.03517341613769,18.05350209997414,0.018328683836447368
6500,17.96698570251465,17.977984194430974,0.010998491916325293
6501,17.87114143371582,17.906746474182,0.03560504046618007
6502,17.828941345214844,17.828384663516772,0.0005566816980717704
6503,17.7459716796875,17.766958759466434,0.02098707977893355
6504,17.73691177368164,17.695580444296866,0.04133132938477502
6505,17.586946487426758,17.65034071900118,0.0633942315744207
6506,17.5931453704834,17.552585690737033,0.04055967974636587
6507,17.524003982543945,17.504779898672496,0.019224083871449693
6508,17.44389533996582,17.4471794667852,0.0032841268193806172
6509,17.393112182617188,17.375665583927002,0.017446598690185056
6510,17.328977584838867,17.312510060719433,0.01646752411943453
6511,17.26984977722168,17.25074213732114,0.019107639900539652
6512,17.210006713867188,17.189477020906452,0.0205296929607357
6513,17.129898071289062,17.12729636176391,0.0026017095251518185
6514,17.060041427612305,17.05658381968078,0.0034576079315229435
6515,17.007112503051758,16.98436955962279,0.0227429434289661
6516,16.999006271362305,16.924141980098284,0.07486429126402072
6517,16.8459415435791,16.887259022496437,0.04131747891733539
6518,16.85309410095215,16.79910391260364,0.05399018834850722
6519,16.770124435424805,16.758937669806073,0.011186765618731442
6520,16.716957092285156,16.711214910856143,0.005742181429013726
6521,16.63494110107422,16.659073215009812,0.024132113935593225
6522,16.54815673828125,16.587616810170402,0.03946007188915246
6523,16.57581329345703,16.50944297608703,0.06637031737000143
6524,16.39699935913086,16.468571266017307,0.07157190688644732
6525,16.408205032348633,16.37041780867321,0.037787223675422865
6526,16.336917877197266,16.333288663332723,0.00362921386454218
6527,16.26300811767578,16.397234111309444,0.13422599363366317
6528,21.20089530944824,16.854803967021326,4.346091342426913
6529,21.158933639526367,20.642532258989377,0.5164013805369905
6530,21.07715606689453,20.966977074294846,0.11017899259968544
6531,21.032094955444336,20.879938931557263,0.1521560238870734
6532,20.951032638549805,20.84974939816675,0.10128324038305436
6533,20.908117294311523,20.830835610922804,0.0772816833887191
6534,20.814180374145508,20.816679596009635,0.002499221864127321
6535,20.80988883972168,20.78225177092463,0.027637068797048414
6536,20.63894271850586,20.741376353271335,0.10243363476547529
6537,20.67112922668457,20.617708457848494,0.053420768836076604
6538,20.56598663330078,20.619118093691213,0.05313146039043204
6539,20.50995826721192,20.554478950543853,0.04452068333193182
6540,20.44892311096192,20.484112114445452,0.03518900348353071
6541,20.386934280395508,20.421928271389334,0.03499399099382572
6542,20.29895782470703,20.358997716812155,0.06003989210512373
6543,20.23601531982422,20.283823506360932,0.04780818653671304
6544,20.160913467407227,20.214298899190908,0.05338543178368127
6545,20.16687393188477,20.145292767210776,0.02158116467399296
6546,19.99497413635254,20.106932306134695,0.11195816978215589
6547,20.021915435791016,20.005665421194863,0.01625001459615305
6548,19.95110511779785,19.962443291660747,0.011338173862895928
6549,19.876956939697266,19.910837750103383,0.033880810406117234
6550,19.800901412963867,19.842846448682394,0.041945035718526924
6551,19.749879837036133,19.76963553988753,0.019755702851398382
6552,19.721031188964844,19.711172518782405,0.0098586701824388
6553,19.644975662231445,19.66650321674024,0.0215275545087934
6554,19.531965255737305,19.602868179390498,0.07090292365319328
6555,19.48404312133789,19.516570715495618,0.032527594157727435
6556,19.387006759643555,19.449013096618728,0.062006336975173326
6557,19.390106201171875,19.374101642824826,0.01600455834704917
6558,19.2720890045166,19.333237955379445,0.061148950862843776
6559,19.27709579467773,19.25145394034189,0.02564185433584143
6560,19.140005111694336,19.208754642932035,0.06874953123769956
6561,19.134998321533203,19.120431204555643,0.014567116977559635
6562,19.05083656311035,19.07324426474588,0.02240770163552952
6563,18.986940383911133,19.007973701263836,0.021033317352703307
6564,18.918991088867188,18.941659316851656,0.022668227984468103
6565,18.880844116210938,18.874551635235548,0.006292480975389481
6566,18.774986267089844,18.82114416616787,0.046157899078025366
6567,18.74399185180664,18.743340713399448,0.000651138407192775
6568,18.657922744750977,18.68540655709694,0.027483812345963088
6569,18.616199493408203,18.616802268525134,0.0006027751169312978
6570,18.60499382019043,18.557386084239624,0.04760773595080536
6571,18.540143966674805,18.521116281362993,0.019027685311812093
6572,18.505096435546875,18.46662678440225,0.03846965114462364
6573,18.393993377685547,18.41816996579837,0.024176588112823083
6574,18.301963806152344,18.34065457342149,0.038690767269145
6575,18.238067626953125,18.260702314137234,0.02263468718410877
6576,18.21208000183105,18.191514363934402,0.02056563789664878
6577,18.091917037963867,18.145540495197565,0.05362345723369799
6578,18.043041229248047,18.05888877902362,0.01584754977557168
6579,17.98701286315918,17.98907929537563,0.0020664322164520854
6580,17.972230911254883,17.927490676584057,0.044740234670825885
6581,17.85588264465332,17.885613499174724,0.02973085452140367
6582,17.853975296020508,17.804249258006166,0.04972603801434161
6583,17.792940139770508,17.759015732963235,0.033924406807273044
6584,17.710208892822266,17.706471607198182,0.003737285624083597
6585,17.654895782470703,17.638266480844322,0.016629301626380766
6586,17.570972442626953,17.576479286390168,0.00550684376321442
6587,17.516136169433594,17.50605044776421,0.010085721669383929
6588,17.428874969482422,17.44401758924141,0.015142619758989895
6589,17.38905906677246,17.369952805097455,0.019106261675005953
6590,17.38286018371582,17.312422838244856,0.07043734547096392
6591,17.243146896362305,17.27594247813613,0.03279558177382569
6592,17.241954803466797,17.187963153787678,0.05399164967911929
6593,17.17686653137207,17.13954370427473,0.03732282709734136
6594,17.102956771850586,17.085071718838662,0.017885053011923446
6595,17.066001892089844,17.019139906778946,0.04686198531089758
6596,16.97397232055664,16.964486354481778,0.009485966074862517
6597,16.911983489990234,16.896337449338716,0.01564604065151798
6598,16.844987869262695,16.831733413027905,0.013254456234790268
6599,16.785860061645508,16.77542942047694,0.0104306411685684
6600,16.692161560058594,16.724556346616737,0.032394786558143096
6601,16.65496826171875,16.652491898071276,0.0024763636474745
6602,16.60895347595215,16.598261219769483,0.010692256182665005
6603,16.483783721923828,16.54347436203807,0.05969064011424052
6604,16.4949893951416,16.436450228212607,0.058539166928994746
6605,16.42298698425293,16.396319406453586,0.026667577799344144
6606,16.331911087036133,16.339366063107263,0.007454976071130659
6607,16.273021697998047,16.35214095077231,0.07911925277426235
6608,16.198158264160156,16.71927691518249,0.5211186510223342
6609,21.1029052734375,19.296548546208214,1.8063567272292858
6610,21.101951599121094,21.00579568377725,0.09615591534384293
6611,20.956993103027344,20.940650801094307,0.01634230193303665
6612,20.97296714782715,20.881269807432545,0.09169734039460309
6613,20.838022232055664,20.834258820741525,0.0037634113141393755
6614,20.833969116210938,20.79564029509129,0.03832882111964864
6615,20.760059356689453,20.753221852373827,0.006837504315626575
6616,20.701885223388672,20.739018581480195,0.037133358091523405
6617,20.631074905395508,20.662489029291464,0.031414123895956436
6618,20.557165145874023,20.566003041949443,0.008837896075419849
6619,20.57790756225586,20.536996248665673,0.04091131359018618
6620,20.46704292297364,20.511354684458638,0.04431176148499816
6621,20.4010009765625,20.440319561657816,0.03931858509531594
6622,20.33090591430664,20.370228217871045,0.03932230356440414
6623,20.268917083740234,20.304643284816848,0.035726201076613506
6624,20.19214630126953,20.243090862095414,0.050944560825882945
6625,20.13397216796875,20.17236072470041,0.03838855673166108
6626,20.04694938659668,20.107262427700334,0.06031304110365454
6627,19.993066787719727,20.0318241199966,0.03875733227687306
6628,19.928932189941406,19.96567881815281,0.03674662821140373
6629,19.850969314575195,19.902791497770522,0.05182218319532694
6630,19.81496810913086,19.829218628274248,0.014250519143388374
6631,19.70720291137696,19.773087572502845,0.0658846611258852
6632,19.633054733276367,19.692365644004894,0.05931091072852723
6633,19.639015197753903,19.614757582985476,0.024257614768426805
6634,19.52600479125977,19.57811911643148,0.05211432517171133
6635,19.49286460876465,19.503384286053915,0.010519677289266838
6636,19.40703392028809,19.442956957846036,0.03592303755794646
6637,19.33908462524414,19.37299330575115,0.03390868050701101
6638,19.29593086242676,19.30567230192537,0.009741439498608173
6639,19.21391487121582,19.248603499818273,0.03468862860245281
6640,19.147157669067383,19.180476798283053,0.03331912921566982
6641,19.08397674560547,19.10994506897623,0.025968323370761937
6642,19.0119743347168,19.043616440740152,0.0316421060233516
6643,18.997907638549805,18.976452956849243,0.021454681700561196
6644,18.867015838623047,18.931050851961118,0.06403501333807071
6645,18.867015838623047,18.844311997099794,0.022703841523252777
6646,18.786191940307617,18.797321957208624,0.011130016901006456
6647,18.69511604309082,18.734720016027495,0.039603972936674836
6648,18.66912841796875,18.657795658555187,0.011332759413562599
6649,18.599987030029297,18.604511524245027,0.004524494215729646
6650,18.53609085083008,18.544737568618075,0.008646717787993197
6651,18.476009368896484,18.4804360878843,0.004426718987815548
6652,18.46003532409668,18.416978176674093,0.04305714742258715
6653,18.413066864013672,18.377583446408607,0.03548341760506446
6654,18.402099609375,18.329048705709283,0.07305090366571676
6655,18.260955810546875,18.297158124596535,0.036202314049660345
6656,18.166065216064453,18.21059438498196,0.04452916891750647
6657,18.125057220458984,18.1235947843561,0.0014624361028836574
6658,17.997026443481445,18.066705119281323,0.06967867579987796
6659,17.982959747314453,17.977568609921946,0.005391137392507517
6660,17.917156219482422,17.921411747693128,0.004255528210705961
6661,17.8680419921875,17.858791876051328,0.009250116136172437
6662,17.772912979125977,17.79878784077482,0.02587486164884467
6663,17.722129821777344,17.718683591510853,0.003446230266490602
6664,17.639875411987305,17.65500565511502,0.015130243127714493
6665,17.57502555847168,17.581440829189887,0.006415270718207466
6666,17.493009567260742,17.51270683803341,0.019697270772667252
6667,17.465829849243164,17.43774444162227,0.02808540762089251
6668,17.3490047454834,17.384170068453386,0.035165322969987756
6669,17.37189292907715,17.29998647181219,0.07190645726495859
6670,17.26698875427246,17.26479048568308,0.002198268589381769
6671,17.25006103515625,17.194563993143674,0.05549704201257555
6672,17.18902587890625,17.146484887234692,0.042540991671558004
6673,17.091989517211914,17.091130957737732,0.0008585594741816749
6674,17.004013061523438,17.01600425462857,0.01199119310513197
6675,16.939878463745117,16.935426942836784,0.0044515209083328955
6676,16.872882843017578,16.869611930133033,0.003270912884545396
6677,16.798019409179688,16.80694899187074,0.008929582691052929
6678,16.737937927246094,16.74500042327054,0.0070624960244458634
6679,16.679048538208008,16.68682596528015,0.007777427072142018
6680,16.60609245300293,16.627992269604874,0.02189981660194462
6681,16.587018966674805,16.559781655189454,0.0272373114853508
6682,16.45803451538086,16.508380847653825,0.05034633227296581
6683,16.48116111755371,16.405749236810152,0.07541188074355887
6684,16.30687713623047,16.371754235450453,0.0648770992199843
6685,16.34502410888672,16.309287987638754,0.03573612124796455
6686,16.24298095703125,16.500627012646873,0.2576460556156235
6687,21.1789608001709,17.8040347627757,3.3749260373951984
6688,21.12603187561035,20.95408591094383,0.17194596466652
6689,21.02303504943848,20.9534189648366,0.06961608460187918
6690,21.01302146911621,20.88960495802894,0.12341651108727092
6691,20.93291282653809,20.835146965055173,0.097765861482916
6692,20.86520195007324,20.84147222831234,0.023729721760897604
6693,20.830869674682617,20.78387255050984,0.04699712417277624
6694,20.75982093811035,20.789831831280026,0.03001089316967409
6695,20.699024200439453,20.714055693588307,0.01503149314885377
6696,20.663976669311523,20.62900364262532,0.0349730266862025
6697,20.566940307617188,20.6210076626121,0.05406735499491333
6698,20.488977432250977,20.54884241806576,0.05986498581478372
6699,20.40696144104004,20.472422794682643,0.06546135364260408
6700,20.40386199951172,20.399336896389286,0.004525103122432483
6701,20.28107643127441,20.35840852522597,0.07733209395155782
6702,20.26200294494629,20.27508114997545,0.013078205029160017
6703,20.200014114379883,20.21945449314444,0.019440378764556954
6704,20.128965377807617,20.163794656582468,0.034829278774850536
6705,20.06697654724121,20.09693582294858,0.02995927570736967
6706,19.993066787719727,20.032968317991617,0.039901530271890806
6707,19.917011260986328,19.965075215168326,0.04806395418199827
6708,19.850969314575195,19.893858106570406,0.04288879199521034
6709,19.76895332336425,19.825276608116837,0.056323284752586744
6710,19.767045974731445,19.752686394895136,0.014359579836309422
6711,19.67191696166992,19.710166737240797,0.03824977557087905
6712,19.67597007751465,19.64165796607631,0.03431211143833934
6713,19.5920467376709,19.6032177395864,0.0111710019154998
6714,19.53697204589844,19.54220725247069,0.0052352065722480745
6715,19.45710182189941,19.48384377055845,0.02674194865904056
6716,19.38796043395996,19.4162385605523,0.028278126592340413
6717,19.325971603393555,19.351066195667954,0.025094592274399474
6718,19.265174865722656,19.287938238448987,0.022763372726331
6719,19.2110538482666,19.225234914756584,0.014181066489982186
6720,19.160032272338867,19.166485341429507,0.006453069090639474
6721,19.063949584960938,19.10792043508991,0.043970850128971506
6722,19.06704902648925,19.03217513108757,0.034873895401680954
6723,18.952131271362305,18.99264533585665,0.0405140644943458
6724,18.926143646240234,18.91700510100236,0.009138545237874496
6725,18.85199546813965,18.863209529627056,0.01121406148740789
6726,18.777847290039062,18.800128325665355,0.022281035626292578
6727,18.743038177490234,18.7320203924628,0.011017785027434002
6728,18.7070369720459,18.679220548165176,0.02781642388072214
6729,18.63694190979004,18.633989369163828,0.0029525406262109755
6730,18.55015754699707,18.573784579757557,0.023627032760487054
6731,18.491029739379883,18.498884018299577,0.00785427891969448
6732,18.42498779296875,18.43618253792556,0.01119474495681061
6733,18.351078033447266,18.371710131305008,0.020632097857742338
6734,18.3401107788086,18.30366973058517,0.03644104822343053
6735,18.189191818237305,18.260612996982672,0.0714211787453678
6736,18.18490028381348,18.16413991286936,0.020760370944120865
6737,18.10598373413086,18.112131354882877,0.0061476207520172466
6738,18.04208755493164,18.04890268545023,0.006815130518589285
6739,17.96722412109375,17.98295059688826,0.015726475794508588
6740,17.899036407470703,17.910223642957135,0.011187235486431746
6741,17.849206924438477,17.841883116489043,0.007323807949433103
6742,17.788171768188477,17.781515947490334,0.006655820698142634
6743,17.709970474243164,17.719713838914686,0.009743364671521704
6744,17.644882202148438,17.649078716203803,0.0041965140553656965
6745,17.5778865814209,17.579062613322094,0.001176031901195529
6746,17.579078674316406,17.513044165298197,0.06603450901820906
6747,17.454147338867188,17.477031924272524,0.02288458540533611
6748,17.36903190612793,17.395529769373752,0.026497863245822373
6749,17.297029495239258,17.31156929804456,0.014539802805302315
6750,17.277956008911133,17.237785787528992,0.04017022138214088
6751,17.195940017700195,17.192369438816968,0.0035705788832274266
6752,17.1661376953125,17.1238717275628,0.042265967749699485
6753,17.121076583862305,17.069691991878244,0.051384591984060535
6754,17.05002784729004,17.018588670794088,0.03143917649595096
6755,16.97707176208496,16.956572988647167,0.020498773437793716
6756,16.862869262695312,16.890496727455684,0.027627464760371367
6757,16.819000244140625,16.808722850669255,0.010277393471369578
6758,16.743898391723633,16.75328990984326,0.009391518119628017
6759,16.677141189575195,16.696632000162026,0.019490810586830776
6760,16.681909561157227,16.633232572417,0.04867698874022608
6761,16.581058502197266,16.59687169285462,0.015813190657354426
6762,16.49618148803711,16.528197441971315,0.032015953934205754
6763,16.457080841064453,16.43264329396743,0.024437547097022616
6764,16.40796661376953,16.381735909249073,0.026230704520457948
6765,16.315221786499023,16.332937657807634,0.017715871308610076
6766,16.236066818237305,16.387119299650976,0.15105248141367156
6767,21.13795280456543,16.915743402591943,4.222209401973487
6768,21.08407020568848,20.677444709235715,0.40662549645276513
6769,21.07095718383789,20.909844258767407,0.16111292507048347
6770,20.93195915222168,20.895623224987503,0.03633592723417678
6771,20.94292640686035,20.785469199381623,0.15745720747872838
6772,20.853042602539062,20.80939212055455,0.043650481984514045
6773,20.78390121459961,20.770493410509516,0.013407804090093123
6774,20.725011825561523,20.75100752426806,0.02599569870653795
6775,20.62296867370605,20.684592092493403,0.061623418787352335
6776,20.554065704345703,20.58081963514269,0.026753930796985514
6777,20.50018310546875,20.545601529192936,0.04541842372418614
6778,20.42102813720703,20.483384506405855,0.06235636919882381
6779,20.42388916015625,20.411398231317435,0.012490928838815307
6780,20.273923873901367,20.36960651685149,0.09568264295012341
6781,20.251989364624023,20.277283077575703,0.02529371295167948
6782,20.184993743896484,20.21569680482571,0.030703060929226922
6783,20.14422416687012,20.157428170023195,0.01320400315307424
6784,20.030975341796875,20.103477257180202,0.07250191538332729
6785,20.01309394836425,20.01781657600077,0.004722627636517984
6786,19.94609832763672,19.966318617207435,0.020220289570715977
6787,19.871950149536133,19.90941303256477,0.037462883028638316
6788,19.789934158325195,19.84009655279806,0.050162394472863525
6789,19.71697807312012,19.766404705478635,0.04942663235851441
6790,19.656896591186523,19.6935812286938,0.03668463750727824
6791,19.657135009765625,19.629742756023916,0.027392253741709283
6792,19.51003074645996,19.59363583546292,0.08360508900295827
6793,19.49596405029297,19.501610678617,0.005646628324029734
6794,19.43492889404297,19.44376768278744,0.008838788744469639
6795,19.37079429626465,19.389499384033115,0.01870508776846691
6796,19.304990768432617,19.328588100961497,0.023597332528879633
6797,19.22893524169922,19.26202587401349,0.0330906323142699
6798,19.18506622314453,19.192590751572425,0.007524528427893529
6799,19.10686492919922,19.135435816224344,0.028570887025125558
6800,19.04010772705078,19.067988461301866,0.027880734251084505
6801,18.976926803588867,19.00146946854875,0.024542664959881222
6802,18.909215927124023,18.933649595737734,0.024433668613710324
6803,18.88585090637207,18.868108064452827,0.0177428419192438
6804,18.74995231628418,18.820715846004532,0.07076352972035238
6805,18.66388320922852,18.729484824234532,0.06560161500601325
6806,18.625974655151367,18.64180906090951,0.015834405758141656
6807,18.51511001586914,18.581603433631244,0.06649341776210349
6808,18.476009368896484,18.49804731932636,0.02203795042987622
6809,18.46504211425781,18.43186883775161,0.03317327650620072
6810,18.32103729248047,18.390089858939973,0.0690525664595043
6811,18.3100700378418,18.295769603128065,0.014300434713735655
6812,18.24879646301269,18.239361044152247,0.009435418860444855
6813,18.16701889038086,18.1842989454708,0.017280055089941015
6814,18.08786392211914,18.11256838891495,0.02470446679581073
6815,18.01919937133789,18.036154630635792,0.016955259297901648
6816,17.945051193237305,17.96746018703743,0.022408993800127064
6817,17.899036407470703,17.895140774044194,0.0038956334265094483
6818,17.818927764892578,17.835426139754418,0.016498374861839693
6819,17.838001251220703,17.76475549127099,0.07324575994971383
6820,17.72022247314453,17.73233353173964,0.01211105859511008
6821,17.631053924560547,17.657474361158165,0.02642043659761839
6822,17.57192611694336,17.574194744611304,0.002268627667945111
6823,17.58289337158203,17.506331888966997,0.07656148261503404
6824,17.43006706237793,17.478422707995378,0.04835564561744832
6825,17.4410343170166,17.385779536766677,0.055254780249924806
6826,17.35401153564453,17.340558412229257,0.013453123415274604
6827,17.27581024169922,17.277126139902066,0.0013158982028471655
6828,17.2271728515625,17.205296463089326,0.021876388473174302
6829,17.153024673461914,17.14480445116351,0.008220222298405133
6830,17.068862915039062,17.07809693721174,0.009234022172677214
6831,16.99090003967285,17.00084011213221,0.009940072459357907
6832,16.921043395996094,16.924897154126484,0.003853758130389906
6833,16.949892044067383,16.85682248444209,0.09306955962529173
6834,16.881942749023438,16.831853899020643,0.05008885000279406
6835,16.794919967651367,16.792364321645437,0.002555646005930612
6836,16.73722267150879,16.728069124951617,0.009153546557172376
6837,16.693115234375,16.67264757918474,0.020467655190259393
6838,16.61205291748047,16.627328172262423,0.015275254781954573
6839,16.55101776123047,16.560084671596087,0.009066910365618241
6840,16.46590232849121,16.49054638616576,0.024644057674549913
6841,16.41392707824707,16.405360401364533,0.00856667688253765
6842,16.322851181030273,16.346163509126654,0.023312328096380952
6843,16.247987747192383,16.323794966183414,0.07580721899103082
6844,21.167993545532227,16.58353511675159,4.584458428780636
6845,21.16608619689941,19.550398289084114,1.6156879078152961
6846,21.03400230407715,20.861968923327368,0.17203338074978092
6847,21.029949188232425,20.86341173890105,0.1665374493313756
6848,20.93791961669922,20.831158359214896,0.10676125748432241
6849,20.8590030670166,20.81738944116296,0.04161362585364259
6850,20.802021026611328,20.77590170665644,0.026119319954887033
6851,20.74003219604492,20.759884275321383,0.019852079276464707
6852,20.704984664916992,20.70303466052792,0.0019500043890730012
6853,20.32303810119629,20.627782695555652,0.30474459435936296
6854,20.31397819519043,20.461220110973954,0.14724191578352475
6855,20.25604248046875,20.355772915081616,0.09973043461286579
6856,20.153045654296875,20.291824513606116,0.13877885930924094
6857,20.086050033569336,20.200610751999193,0.11456071842985693
6858,20.025014877319336,20.100062090932624,0.07504721361328848
6859,19.969940185546875,20.022226128730836,0.052285943183960626
6860,19.94800567626953,19.95307085553577,0.005065179266239284
6861,19.8049545288086,19.902533433196368,0.09757890438776684
6862,19.819021224975582,19.807623985798273,0.011397239177309615
6863,19.663095474243164,19.756730300287018,0.09363482604385354
6864,19.67191696166992,19.66479295242607,0.007124009243849372
6865,19.629955291748047,19.61972147182678,0.01023381992126815
6866,19.58203315734864,19.57349741451253,0.00853574283610925
6867,19.52600479125977,19.523663469499297,0.0023413217604719705
6868,19.423961639404297,19.465390142613614,0.04142850320931757
6869,19.36197280883789,19.38991697943493,0.027944170597038465
6870,19.282102584838867,19.324872976540064,0.042770391701196786
6871,19.19698715209961,19.253103207574895,0.056116055475285975
6872,19.11616325378418,19.178711904714874,0.06254865093069384
6873,19.047975540161133,19.097516746114707,0.04954120595357381
6874,19.03700828552246,19.025466457605944,0.011541827916516922
6875,18.918991088867188,18.980098035171977,0.061106946304789744
6876,18.902063369750977,18.896172586892135,0.005890782858841703
6877,18.84007453918457,18.841825528170375,0.0017509889858047245
6878,18.745899200439453,18.783047132046704,0.03714793160725094
6879,18.67294311523437,18.706998685956933,0.03405557072256116
6880,18.64194869995117,18.63243260299896,0.009516096952207675
6881,18.573999404907227,18.581049265094407,0.007049860187180457
6882,18.496990203857425,18.520035426490722,0.023045222633296447
6883,18.433094024658203,18.44830520508367,0.015211180425467319
6884,18.417835235595703,18.381702089982355,0.03613314561334846
6885,18.27216148376465,18.338060019004843,0.06589853524019418
6886,18.255949020385746,18.245622293989072,0.010326726396673536
6887,18.196821212768555,18.189188431279035,0.007632781489519402
6888,18.117904663085938,18.132431652702508,0.014526989616570063
6889,18.051862716674805,18.06296787503925,0.011105158364443923
6890,17.98105239868164,17.99356157539478,0.012509176713138004
6891,17.913103103637695,17.92498309328039,0.011879989642693545
6892,17.89093017578125,17.856255302376667,0.034674873404583195
6893,17.805099487304688,17.80898792685548,0.0038884395507921
6894,17.721176147460938,17.741652846780198,0.02047669931926066
6895,17.667055130004883,17.66276367948194,0.0042914505229418864
6896,17.673969268798828,17.599089932446077,0.07487933635275112
6897,17.521142959594727,17.569123105431572,0.04798014583684562
6898,17.5321102142334,17.476202095849658,0.05590811838374066
6899,17.4560546875,17.43174301589079,0.02431167160921177
6900,17.383098602294922,17.373854272250355,0.009244330044566595
6901,17.33994483947754,17.30727914207364,0.032665697403899685
6902,17.251014709472656,17.25089873559682,0.00011597387583606178
6903,17.18592643737793,17.180403872657735,0.005522564720195078
6904,17.108917236328125,17.111618687522423,0.002701451194297988
6905,17.03786849975586,17.039526002690764,0.001657502934904187
6906,17.039060592651367,16.96880131146372,0.07025928118764568
6907,16.9680118560791,16.929192588690967,0.038819267388134904
6908,16.9219970703125,16.87515855894617,0.04683851136633166
6909,16.853809356689453,16.82273106496268,0.031078291726771567
6910,16.793012619018555,16.770116139014135,0.022896480004419573
6911,16.72506332397461,16.72196883032484,0.0030944936497689923
6912,16.64900779724121,16.665644896420417,0.016637099179206416
6913,16.580820083618164,16.60233662914834,0.02151654553017579
6914,16.502857208251953,16.532013613755225,0.029156405503272254
6915,16.427993774414062,16.44390590647049,0.015912132056428163
6916,16.367197036743164,16.377280755335732,0.010083718592568403
6917,16.29495620727539,16.31678108735457,0.02182488007917982
6918,16.224145889282227,16.404491884202343,0.18034599492011694
6919,21.183013916015625,16.929565944451497,4.253447971564128
6920,21.11291885375977,20.49318492754537,0.6197339262143977
6921,21.05903625488281,21.01154750744172,0.047488747441089885
6922,21.01683616638184,20.927174803091475,0.08966136329036445
6923,20.93791961669922,20.86001500583734,0.07790461086187861
6924,20.88189125061035,20.84831194497383,0.033579305636521894
6925,20.852088928222656,20.803049429559906,0.0490394986627507
6926,20.77913284301757,20.804529446650122,0.025396603632550807
6927,20.751953125,20.736156075599865,0.01579704940013471
6928,20.57814598083496,20.661796276726818,0.08365029589185724
6929,20.58696746826172,20.59676266344468,0.009795195182960015
6930,20.510196685791016,20.546706514778634,0.036509828987618675
6931,20.44606208801269,20.49148773403431,0.04542564602161647
6932,20.35999298095703,20.422925003913406,0.06293202295637457
6933,20.25604248046875,20.345154730875947,0.08911225040719728
6934,20.21002769470215,20.258061958884355,0.04803426418220624
6935,20.11990547180176,20.193334336454427,0.07342886465266574
6936,20.07699012756348,20.11576783388591,0.03877770632243127
6937,19.97590065002441,20.05318717465343,0.07728652462902019
6938,19.92106437683105,19.96784890661729,0.04678452978624037
6939,19.92416381835937,19.89965919710812,0.02450462125124986
6940,19.79207992553711,19.86390418278461,0.07182425724749919
6941,19.76895332336425,19.779226493028546,0.010273169664294812
6942,19.706010818481445,19.72024432643593,0.014233507954486413
6943,19.64712142944336,19.66303107519707,0.0159096457537089
6944,19.55389976501465,19.605042959938146,0.051143194923497504
6945,19.504070281982425,19.526846377630136,0.022776095647710548
6946,19.42610740661621,19.46605373723287,0.03994633061665809
6947,19.3171501159668,19.39663034499972,0.07948022903292085
6948,19.28091049194336,19.3088002456534,0.027889753710041987
6949,19.25516128540039,19.24779981300162,0.007361472398770275
6950,19.145965576171875,19.200858202111704,0.054892625939828577
6951,19.18196678161621,19.121134346733015,0.060832434883195674
6952,18.996000289916992,19.092916493718803,0.09691620380181121
6953,19.0279483795166,18.98930055085657,0.038647828660032246
6954,18.96500587463379,18.950237115177515,0.014768759456273983
6955,18.873929977416992,18.902004008396034,0.02807403097904171
6956,18.799781799316406,18.830353384828413,0.030571585512007005
6957,18.7530517578125,18.755039082179792,0.001987324367291876
6958,18.67604255676269,18.698592316241047,0.02254975947835547
6959,18.616914749145508,18.632690332424318,0.01577558327880979
6960,18.54109764099121,18.56659781651615,0.02550017552493955
6961,18.46909523010254,18.49832448738198,0.02922925727943948
6962,18.40806007385254,18.42404311332757,0.015983039475031546
6963,18.390893936157227,18.35970610682125,0.031187829335976858
6964,18.23282241821289,18.315633537213216,0.08281111900032556
6965,18.27096939086914,18.21408311639061,0.05688627447852923
6966,18.140077590942383,18.179142681219673,0.03906509027729044
6967,18.139123916625977,18.099656781487283,0.039467135138693266
6968,18.06497573852539,18.054552456305828,0.01042328221956268
6969,18.010854721069336,17.993738366385514,0.017116354683821555
6970,17.937183380126953,17.935563573246327,0.001619806880626129
6971,17.843961715698242,17.868295690504965,0.024333974806722836
6972,17.77195930480957,17.79160191540541,0.01964261059583805
6973,17.694950103759766,17.719326239330258,0.024376135570491897
6974,17.621994018554688,17.64467687189608,0.02268285334139364
6975,17.62700080871582,17.572871577158367,0.05412923155745375
6976,17.489910125732422,17.53336918034165,0.0434590546092295
6977,17.488956451416016,17.445117715169545,0.043838736246470944
6978,17.409086227416992,17.395413221379386,0.013673006037606683
6979,17.348051071166992,17.332256357576625,0.015794713590366882
6980,17.271995544433594,17.26888357416101,0.0031119702725845855
6981,17.248868942260742,17.19797128339451,0.05089765886623354
6982,17.13705062866211,17.151856819737077,0.0148061910749675
6983,17.081022262573242,17.0720893950147,0.008932867558542057
6984,17.030954360961914,17.002837934114723,0.028116426847191178
6985,16.94512367248535,16.944976505101295,0.0001471673840569565
6986,16.895055770874023,16.874578667739115,0.020477103134908248
6987,16.900062561035156,16.81451271372225,0.0855498473129046
6988,16.752004623413086,16.79158778188139,0.039583158468303736
6989,16.73412322998047,16.716139587288126,0.017983642692342983
6990,16.654014587402344,16.664446907043384,0.010432319641040522
6991,16.6018009185791,16.603837509251207,0.002036590672105376
6992,16.5250301361084,16.54396640236655,0.01893626625815159
6993,16.441822052001953,16.460672981878588,0.018850929876634837
6994,16.411781311035156,16.386312575548345,0.025468735486811056
6995,16.304969787597656,16.33298696657448,0.028017178976824653
6996,16.31784439086914,16.35799468061805,0.04015028974890811
6997,16.209125518798828,16.752706499573833,0.5435809807750047
6998,21.17586135864257,19.346403605595697,1.8294577530468743
6999,21.101951599121094,21.1617514792124,0.05979988009130466
7000,21.0111141204834,20.97597112742733,0.03514299305606983
7001,20.954132080078125,20.928009323597507,0.02612275648061768
7002,20.93100547790528,20.831910768265516,0.09909470963976474
7003,20.811080932617188,20.849682033258432,0.03860110064124456
7004,20.80297470092773,20.772514357759064,0.030460343168666526
7005,20.7369327545166,20.76643609916573,0.02950334464912885
7006,20.676851272583008,20.691603740488063,0.0147524679050548
7007,20.591020584106445,20.607097311767575,0.016076727661129553
7008,20.54309844970703,20.572127886225644,0.029029436518612783
7009,20.47896385192871,20.51320303007742,0.03423917814870947
7010,20.39813995361328,20.452016254694172,0.0538763010808907
7011,20.32184600830078,20.379538316319668,0.05769230801888625
7012,20.25699615478516,20.306764776705677,0.04976862192051712
7013,20.1871395111084,20.2377650125527,0.050625501444301335
7014,20.11585235595703,20.169522684682306,0.053670328725274885
7015,20.064830780029297,20.097727779557317,0.03289699952802039
7016,19.99497413635254,20.035439370076347,0.040465233723807614
7017,19.942045211791992,19.968017821611284,0.025972609819291392
7018,19.93083953857422,19.906606161384843,0.02423337718937546
7019,19.78302001953125,19.86775370187388,0.08473368234263035
7020,19.778966903686523,19.77481694029848,0.004149963388044853
7021,19.70911026000977,19.724201093140437,0.015090833130667392
7022,19.6378231048584,19.66845646393267,0.030633359074272448
7023,19.55509185791016,19.60292683043008,0.04783497251991875
7024,19.511938095092773,19.52677331519226,0.014835220099485014
7025,19.35720443725586,19.470378162168345,0.11317372491248534
7026,19.31190490722656,19.367053798760026,0.05514889153346658
7027,19.28877830505371,19.293373681648518,0.004595376594807021
7028,19.15788650512696,19.246734039825242,0.08884753469828155
7029,19.147157669067383,19.153363260556944,0.006205591489560902
7030,19.093036651611328,19.09761997194437,0.004583320333040319
7031,19.012928009033203,19.04199867749412,0.02907066846091766
7032,18.96977424621582,18.971736407820572,0.0019621616047516
7033,18.893957138061523,18.912360106241977,0.018402968180453172
7034,18.806934356689453,18.847581541194813,0.0406471845053602
7035,18.76401901245117,18.769897568972738,0.0058785565215693225
7036,18.69821548461914,18.71137321563765,0.013157731018509367
7037,18.61405372619629,18.65032921364218,0.036275487445891486
7038,18.562793731689453,18.574127772126303,0.011334040436850046
7039,18.474102020263672,18.51133513127934,0.03723311101566651
7040,18.4171199798584,18.436306542980674,0.019186563122275402
7041,18.40806007385254,18.36893694257924,0.039123131273299805
7042,18.33701133728028,18.3289064350447,0.008104902235579914
7043,18.296003341674805,18.270062517331098,0.02594082434370648
7044,18.21494102478028,18.215194469803464,0.00025344502318347395
7045,18.141984939575195,18.148886955941634,0.006902016366439057
7046,18.08404922485352,18.081079148487333,0.0029700763661857366
7047,17.98391342163086,18.019226767592045,0.035313345961185405
7048,17.956972122192383,17.940987118663543,0.015985003528840025
7049,17.93193817138672,17.886239892277445,0.045698279109274154
7050,17.8830623626709,17.844475492438505,0.03858687023239327
7051,17.719030380249023,17.795025795521724,0.07599541527270048
7052,17.761945724487305,17.68747621122202,0.07446951326528506
7053,17.58718490600586,17.656436908055184,0.0692520020493248
7054,17.58599281311035,17.559256995127726,0.02673581798262603
7055,17.533063888549805,17.506504071661766,0.026559816888038768
7056,17.436981201171875,17.453059065928755,0.016077864756880444
7057,17.35997200012207,17.376822768937927,0.01685076881585701
7058,17.31705665588379,17.298256936442158,0.01879971944163117
7059,17.240047454833984,17.240567857697897,0.00052040286391275
7060,17.188072204589844,17.17261392536784,0.015458279222002602
7061,17.101049423217773,17.107589277316038,0.006539854098264186
7062,17.03500747680664,17.033434673294323,0.0015728035123174777
7063,16.965866088867188,16.960589076688848,0.005277012178339646
7064,16.93892478942871,16.893635814881236,0.045288974547474936
7065,16.82114601135254,16.845384777639083,0.024238766286543978
7066,16.80898666381836,16.770981912145544,0.03800475167281547
7067,16.75701141357422,16.728466862787172,0.02854455078704632
7068,16.7238712310791,16.686907741586765,0.03696348949233652
7069,16.618967056274414,16.648888210625046,0.029921154350631696
7070,16.57414436340332,16.575109392192644,0.0009650287893236964
7071,16.48402214050293,16.512791824766282,0.028769684263352246
7072,16.434907913208008,16.420812080582436,0.014095832625571347
7073,16.37101173400879,16.36661992344557,0.004391810563220133
7074,16.282081604003906,16.319093833999432,0.03701222999552556
7075,16.21103286743164,16.449475136880665,0.23844226944902402
7076,16.225099563598633,17.129275834349755,0.9041762707511225
7077,21.136999130249023,20.229450641181757,0.9075484890672669
7078,21.038055419921875,21.2888231458237,0.2507677259018237
7079,20.974159240722656,20.95227376139519,0.021885479327465873
7080,20.90096473693848,20.915308189614734,0.014343452676254032
7081,20.841121673583984,20.828125597745384,0.012996075838600518
7082,20.77198028564453,20.81562320699959,0.043642921355058206
7083,20.70307731628418,20.74359604375786,0.04051872747368179
7084,20.72286605834961,20.713425613848813,0.00944044450079673
7085,20.53713798522949,20.65351910687241,0.11638112164292025
7086,20.5538272857666,20.516589373528404,0.03723791223819717
7087,20.483970642089844,20.505837129803695,0.021866487713850802
7088,20.42698860168457,20.454629074720287,0.02764047303571715
7089,20.44010162353516,20.392289052324486,0.04781257121067384
7090,20.29204368591309,20.363988752706064,0.07194506679297419
7091,20.313024520874023,20.27834482896651,0.03467969190751319
7092,20.16615867614746,20.24209010778577,0.07593143163830973
7093,20.16592025756836,20.158844843990664,0.007075413577695144
7094,20.095109939575195,20.114619614105322,0.019509674530127086
7095,20.017147064208984,20.056276911418536,0.03912984720955137
7096,19.93107795715332,19.988078823189426,0.057000866036105435
7097,19.87886428833008,19.910382618036238,0.03151832970615587
7098,19.800901412963867,19.848166935844347,0.04726552288047969
7099,19.73915100097656,19.780843250828184,0.04169224985162501
7100,19.691944122314453,19.710845078407147,0.018900956092693377
7101,19.627094268798828,19.654347704999964,0.027253436201135628
7102,19.55294609069824,19.58924605651191,0.03629996581367223
7103,19.56105232238769,19.520642103088903,0.04041021929878852
7104,19.422054290771484,19.487464718167757,0.06541042739627301
7105,19.401073455810547,19.402342285957275,0.0012688301467278507
7106,19.340038299560547,19.346311439676356,0.006273140115808928
7107,19.29306983947754,19.291096010420006,0.001973829057533294
7108,19.203901290893555,19.238279241108103,0.034377950214548036
7109,19.13905143737793,19.165526480719564,0.026475043341633864
7110,19.07014846801757,19.098344898793584,0.028196430776013415
7111,19.0119743347168,19.03153164539617,0.019557310679370943
7112,18.922090530395508,18.968799163758376,0.04670863336286857
7113,18.8899040222168,18.893839783686417,0.003935761469616494
7114,18.805980682373047,18.836032146055004,0.030051463681957102
7115,18.787145614624023,18.766688184086888,0.020457430537135224
7116,18.66388320922852,18.718899652185428,0.05501644295690866
7117,18.64790916442871,18.63402824642435,0.013880918004360865
7118,18.589019775390625,18.581600082143268,0.007419693247356918
7119,18.512964248657227,18.526688297697547,0.013724049040320097
7120,18.4328556060791,18.459692053056642,0.026836446977540618
7121,18.376827239990234,18.38540699236546,0.008579752375226235
7122,18.31316947937012,18.321663366805296,0.008493887435175651
7123,18.24498176574707,18.25906662043053,0.014084854683460435
7124,18.171072006225582,18.19137326629061,0.02030126006502897
7125,18.165111541748047,18.12117718850459,0.043934353243457736
7126,18.02706718444824,18.078952126643344,0.05188494219510531
7127,18.0208683013916,17.99071867571911,0.03014962567249313
7128,17.952919006347656,17.94031615077074,0.012602855576915317
7129,17.89093017578125,17.882075500892824,0.008854674888425507
7130,17.806053161621094,17.820129445908606,0.014076284287511953
7131,17.72904396057129,17.745664913036308,0.01662095246501849
7132,17.648935317993164,17.672693132908535,0.023757814915370545
7133,17.65298843383789,17.59747283949764,0.05551559434024966
7134,17.513036727905273,17.559935671442872,0.046898943537598825
7135,17.501115798950195,17.471067951419172,0.030047847531022853
7136,17.452001571655273,17.415164126532545,0.03683744512272824
7137,17.354965209960938,17.36462134181238,0.009656131851443206
7138,17.279863357543945,17.289491789938438,0.009628432394492847
7139,17.215967178344727,17.213051890053066,0.002915288291660545
7140,17.143964767456055,17.146155603541047,0.0021908360849920427
7141,17.08507537841797,17.076299031486997,0.008776346930972068
7142,17.01211929321289,17.009250336059267,0.0028689571536233416
7143,16.98899269104004,16.93953201288423,0.049460678155810456
7144,16.854047775268555,16.89038973120205,0.03634195593349432
7145,16.84403419494629,16.80547366686369,0.038560528082598466
7146,16.790151596069336,16.760064523850815,0.030087072218520916
7147,16.72196388244629,16.719493253731343,0.002470628714945633
7148,16.65496826171875,16.666344854684212,0.011376592965461896
7149,16.59703254699707,16.600998757041907,0.003966210044836771
7150,16.52693748474121,16.541298576044028,0.01436109130281693
7151,16.464948654174805,16.46057084528252,0.004377808892286339
7152,16.41988754272461,16.39403515792992,0.025852384794688987
7153,16.33310317993164,16.338364366191627,0.0052611862599860615
7154,16.267061233520508,16.348971008710578,0.08190977519006992
7155,16.25800132751465,16.685129274492283,0.42712794697763456
7156,21.160125732421875,18.89947648373891,2.2606492486829666
7157,21.09694480895996,21.10418531628966,0.007240507329697721
7158,21.02518081665039,20.943178158177034,0.08200265847335686
7159,20.941972732543945,20.92132444568051,0.020648286863433896
7160,20.9500789642334,20.82487465440863,0.12520430982476682
7161,20.807981491088867,20.849275832915737,0.04129434182686964
7162,20.79296112060547,20.773764462774125,0.019196657831344055
7163,20.734071731567383,20.7605810496716,0.026509318104217527
7164,20.66802978515625,20.690746429863793,0.02271664470754331
7165,20.576000213623047,20.601424248070543,0.025424034447496524
7166,20.518064498901367,20.562689760936337,0.04462526203496964
7167,20.45607566833496,20.49735786522433,0.041282196889369516
7168,20.399093627929688,20.434790611943754,0.0356969840140664
7169,20.34497261047364,20.371705218622083,0.026732608148442694
7170,20.35093307495117,20.312979440859635,0.03795363409153296
7171,20.19906044006348,20.28070829828721,0.08164785822372878
7172,20.20883560180664,20.190576732147747,0.018258869658893673
7173,20.13587951660156,20.147236295088078,0.011356778486518948
7174,20.041942596435547,20.09544374050165,0.053501144066103734
7175,19.978046417236328,20.01831259622122,0.040266178984893486
7176,19.906997680664062,19.949215974065737,0.0422182934016746
7177,19.82998847961425,19.882996939486475,0.05300845987222402
7178,19.76299285888672,19.811131988262787,0.04813912937606801
7179,19.68598365783692,19.74034621616738,0.05436255833046033
7180,19.6380615234375,19.66874469189861,0.030683168461109744
7181,19.58894729614257,19.60428585880436,0.015338562661789013
7182,19.57392692565918,19.54840750522635,0.025519420432829065
7183,19.450902938842773,19.50789739976244,0.0569944609196682
7184,19.46306228637696,19.42435653472785,0.038705751649111164
7185,19.3939208984375,19.387070225548086,0.006850672889413545
7186,19.325971603393555,19.335748555022292,0.009776951628737152
7187,19.24991607666016,19.273827133474697,0.02391105681453709
7188,19.181013107299805,19.205467503525142,0.024454396225337405
7189,19.125938415527344,19.139960995289584,0.014022579762240639
7190,19.023895263671875,19.080565590229526,0.056670326557650696
7191,18.97788047790528,19.00066913322007,0.02278865531479113
7192,18.97811889648437,18.937700874403163,0.040418022081208704
7193,18.81718635559082,18.901834255530048,0.0846478999392275
7194,18.811941146850582,18.805049147886166,0.006891998964416501
7195,18.7530517578125,18.74983991888257,0.00321183892992849
7196,18.71299743652344,18.69554179188526,0.01745564463817928
7197,18.631935119628903,18.645389120365508,0.013454000736604854
7198,18.568038940429688,18.576727521349312,0.008688580919624656
7199,18.477916717529297,18.5116200077573,0.033703290228004334
7200,18.44000816345215,18.43541203083987,0.00459613261227787
7201,18.33987236022949,18.379695218982306,0.039822858752817325
7202,18.275022506713867,18.303862105994995,0.028839599281127448
7203,18.21303367614746,18.229349144121443,0.016315467973981868
7204,18.204927444458008,18.163454868727058,0.04147257573094976
7205,18.049001693725582,18.12301598238264,0.07401428865705739
7206,18.075942993164062,18.024183953457396,0.051759039706666954
7207,17.98081398010254,17.984363584218954,0.0035496041164151393
7208,17.93694496154785,17.919053473178792,0.017891488369059516
7209,17.854928970336914,17.86095894817663,0.006029977839716594
7210,17.81916618347168,17.7905264229139,0.02863976055778039
7211,17.737865447998047,17.737939565677152,7.411767910525668e-05
7212,17.668962478637695,17.670634648993655,0.001672170355959679
7213,17.60697364807129,17.602676862452427,0.0042967856188624864
7214,17.524003982543945,17.538549575306206,0.01454559276226064
7215,17.45915412902832,17.464274485291753,0.005120356263432768
7216,17.46201515197754,17.396259388306134,0.06575576367140457
7217,17.318010330200195,17.359906636102096,0.04189630590190063
7218,17.308950424194336,17.269692455784025,0.03925796841031115
7219,17.24410057067871,17.216209578236885,0.0278909924418258
7220,17.171859741210938,17.159513294018325,0.012346447192612686
7221,17.102956771850586,17.09308479144056,0.009871980410025571
7222,17.036914825439453,17.022849752606817,0.01406507283263636
7223,16.96300506591797,16.957171480612487,0.005833585305481392
7224,16.96491241455078,16.888507870703506,0.07640454384727491
7225,16.83187484741211,16.852686748279666,0.020811900867556687
7226,16.830921173095703,16.78047743166644,0.050443741429262445
7227,16.75701141357422,16.73964616986723,0.01736524370699044
7228,16.685009002685547,16.69318876520265,0.008179762517102063
7229,16.623973846435547,16.635079326078994,0.011105479643447325
7230,16.5560245513916,16.568586139783292,0.012561588391690748
7231,16.471147537231445,16.500984867775514,0.02983733054406912
7232,16.413211822509766,16.41226165972398,0.0009501627857844142
7233,16.422033309936523,16.351232697530804,0.07080061240571922
7234,16.340017318725586,16.342709256150556,0.0026919374249700923
7235,16.26110076904297,16.50067368211694,0.239572913073971
7236,16.194820404052734,17.262818889093978,1.0679984850412438
7237,21.11411094665528,20.366318707147002,0.7477922395082786
7238,21.036148071289062,21.039679562363744,0.0035314910746819805
7239,21.040916442871094,20.89496365215382,0.14595279071727418
7240,20.89095115661621,20.903603788156033,0.012652631539822323
7241,20.901918411254883,20.791126511085167,0.11079190016971552
7242,20.83992958068848,20.816525762711535,0.023403817976944907
7243,20.756006240844727,20.771732790763053,0.015726549918326782
7244,20.67399024963379,20.747270950323582,0.07328070068979287
7245,20.62201499938965,20.65201998630073,0.030004986911080778
7246,20.55597305297852,20.560681549341098,0.004708496362578529
7247,20.550966262817383,20.535880203169654,0.015086059647728689
7248,20.41196823120117,20.496294773238333,0.08432654203716439
7249,20.55597305297852,20.408927514381503,0.1470455385970162
7250,20.37906646728516,20.42200870710076,0.042942239815598526
7251,20.338058471679688,20.350644133031892,0.012585661352204625
7252,20.16210556030273,20.284971055843926,0.12286549554119475
7253,20.147085189819336,20.180578908366442,0.033493718547106255
7254,20.093917846679688,20.122224810620537,0.028306963940849528
7255,20.014047622680664,20.070110848337208,0.05606322565654409
7256,19.93393898010254,19.996931108380522,0.06299212827798328
7257,19.85502243041992,19.917156980682194,0.06213455026227521
7258,19.783973693847656,19.838988215724385,0.055014521876728395
7259,19.789934158325195,19.770956696447683,0.018977461877511814
7260,19.65594291687012,19.73149895820825,0.07555604133812821
7261,19.67191696166992,19.64570321206338,0.026213749606537107
7262,19.59013938903809,19.60192138403727,0.01178199499917909
7263,19.53697204589844,19.544083080290875,0.007111034392433879
7264,19.47212219238281,19.48668248087415,0.014560288491342277
7265,19.400835037231445,19.424010326019925,0.02317528878847952
7266,19.336938858032227,19.36037160203341,0.02343274400118389
7267,19.26589012145996,19.29609743592664,0.030207314466679236
7268,19.227027893066406,19.22924195378073,0.002214060714322841
7269,19.184112548828125,19.177004321591085,0.00710822723704041
7270,19.09184455871582,19.124433551496622,0.03258899278080207
7271,19.09708976745605,19.053069312576554,0.04402045487949735
7272,18.939971923828125,19.01597906544339,0.07600714161526412
7273,18.96500587463379,18.922455290748985,0.04255058388480393
7274,18.812894821166992,18.88591452006949,0.07301969890249893
7275,18.85104179382324,18.795447805132426,0.05559398869081278
7276,18.75615119934082,18.765824840784262,0.009673641443441738
7277,18.66888999938965,18.702274596080315,0.03338459669066651
7278,18.594980239868164,18.62588547123778,0.03090523136961565
7279,18.54395866394043,18.551859480567146,0.007900816626715823
7280,18.458127975463867,18.491917447818196,0.03378947235432861
7281,18.3870792388916,18.420637498820724,0.03355825992912287
7282,18.393993377685547,18.344826840802853,0.049166536882694345
7283,18.323898315429688,18.311076351437805,0.012821963991882512
7284,18.23592185974121,18.252679689794604,0.016757830053393263
7285,18.16010475158692,18.179345111093426,0.01924035950650449
7286,18.117904663085938,18.104922639395227,0.012982023690710776
7287,18.06306838989257,18.04978630525511,0.013282084637459945
7288,17.987966537475586,17.993927390307363,0.0059608528317767195
7289,17.930030822753906,17.926635376852573,0.003395445901333005
7290,17.873048782348633,17.862208550468495,0.010840231880138163
7291,17.763137817382812,17.801878918135117,0.03874110075230419
7292,17.78101921081543,17.718930931323484,0.062088279491945286
7293,17.632007598876953,17.68334131293159,0.05133371405463549
7294,17.637968063354492,17.592511799421118,0.04545626393337443
7295,17.564058303833008,17.54614781748387,0.0179104863491375
7296,17.505884170532227,17.486771515905275,0.019112654626951553
7297,17.454862594604492,17.426274560534694,0.028588034069798596
7298,17.35997200012207,17.36760156870787,0.007629568585798552
7299,17.29416847229004,17.29362392325129,0.0005445490387501195
7300,17.223834991455078,17.224028264536173,0.0001932730810949579
7301,17.151832580566406,17.15531337686116,0.0034807962947525084
7302,17.07601547241211,17.085695430751002,0.009679958338892902
7303,17.009973526000977,17.009387579491886,0.0005859465090907179
7304,17.004013061523438,16.939757568025016,0.06425549349842186
7305,16.863107681274414,16.899070420208773,0.03596273893435864
7306,16.855955123901367,16.813650878589215,0.04230424531215249
7307,16.788959503173828,16.767035451266565,0.021924051907262765
7308,16.73603057861328,16.722138750765225,0.013891827848055982
7309,16.66402816772461,16.674499443865898,0.0104712761412884
7310,16.61396026611328,16.609575759389372,0.0043845067239089985
7311,16.510009765625,16.55438865020642,0.0443788845814197
7312,16.450881958007812,16.46016904376779,0.009287085759979163
7313,16.366004943847656,16.392353946827143,0.026349002979486613
7314,16.303062438964844,16.317554181370042,0.014491742405198238
7315,16.249895095825195,16.36968906950642,0.11979397368122591
7316,16.211986541748047,16.775441653408052,0.5634551116600051
7317,21.10600471496582,18.85870194587369,2.24730276909213
7318,21.11506462097168,21.228288570000586,0.11322394902890665
7319,20.949840545654297,21.02991232095519,0.08007177530089393
7320,20.963191986083984,20.93487518186521,0.02831680421877536
7321,20.89691162109375,20.860316639755183,0.03659498133856687
7322,20.85399627685547,20.85527600183923,0.0012797249837603886
7323,20.77889442443848,20.7931776217265,0.014283197288019522
7324,20.713090896606445,20.76080761025878,0.047716713652334874
7325,20.63608169555664,20.6771393886811,0.04105769312445773
7326,20.60413360595703,20.577292194047914,0.026841411909117596
7327,20.521879196166992,20.566548329043144,0.04466913287615171
7328,20.492076873779297,20.50132535669036,0.009248482911061728
7329,20.4010009765625,20.4470342678178,0.046033291255298536
7330,20.35403251647949,20.378809032536083,0.024776516056594033
7331,20.28489112854004,20.31838371522099,0.0334925866809499
7332,20.22409439086914,20.256150605291623,0.0320562144224823
7333,20.14899253845215,20.19271297058367,0.0437204321315221
7334,20.06697654724121,20.12399473142068,0.057018184179469245
7335,19.993066787719727,20.049016247867257,0.05594946014753077
7336,19.937992095947266,19.976639859578427,0.03864776363116107
7337,19.92487907409668,19.912300004307326,0.012579069789353525
7338,19.789934158325195,19.87151675257337,0.08158259424817516
7339,19.804000854492188,19.780789627020567,0.023211227471620077
7340,19.66404914855957,19.739491586733493,0.07544243817392271
7341,19.654035568237305,19.653737734188326,0.00029783404897898436
7342,19.59991455078125,19.603544174515264,0.003629623734013876
7343,19.51289176940918,19.550571225863678,0.037679456454497995
7344,19.44899559020996,19.48041352261498,0.03141793240502011
7345,19.37794685363769,19.410701567267097,0.032754713629405074
7346,19.302845001220703,19.344312277098652,0.04146727587794885
7347,19.210100173950195,19.275368482794875,0.06526830884467927
7348,19.14691925048828,19.19232028649276,0.045401036004477646
7349,19.16098594665528,19.122595930639363,0.03839001601591718
7350,19.00506019592285,19.088647033186135,0.08358683726328309
7351,19.00005340576172,18.99427717535218,0.005776230409537675
7352,18.960952758789062,18.93992894360963,0.02102381517943286
7353,18.89204978942871,18.893855703254303,0.0018059138255921425
7354,18.83697509765625,18.834764613302468,0.002210484353781794
7355,18.74399185180664,18.774229702330558,0.030237850523917587
7356,18.683910369873047,18.700246610706017,0.01633624083297036
7357,18.62788200378418,18.634466621051615,0.006584617267435533
7358,18.546104431152344,18.574868450969007,0.028764019816662767
7359,18.49198341369629,18.505737643636166,0.013754229939877405
7360,18.4171199798584,18.439063812138556,0.02194383228015795
7361,18.40806007385254,18.37065809922933,0.037401974623207934
7362,18.280029296875,18.3289205112942,0.04889121441919997
7363,18.26691627502441,18.243132641146076,0.023783633878334598
7364,18.175840377807617,18.19182370627459,0.015983328466973035
7365,18.125057220458984,18.12165661885956,0.0034006015994236805
7366,18.046140670776367,18.06076963407577,0.01462896329940122
7367,17.972946166992188,17.990283820154218,0.01733765316203062
7368,17.910003662109375,17.919256238201342,0.009252576091967057
7369,17.847061157226562,17.852016005235782,0.004954848009219859
7370,17.78697967529297,17.78671561351075,0.0002640617822180502
7371,17.718076705932617,17.72312833486467,0.005051628932051244
7372,17.640113830566406,17.65405483797622,0.0139410074098123
7373,17.663002014160156,17.581610079332677,0.08139193482747942
7374,17.55690574645996,17.55293826727211,0.003967479187849676
7375,17.517805099487305,17.48447742238568,0.03332767710162443
7376,17.470121383666992,17.426484531256392,0.04363685241060011
7377,17.378807067871094,17.374670946082915,0.004136121788178571
7378,17.335891723632812,17.30542903692367,0.030462686709142872
7379,17.264127731323242,17.248146996394098,0.01598073492914409
7380,17.204999923706055,17.185632612836343,0.01936731086971122
7381,17.13109016418457,17.12373590851257,0.007354255671998544
7382,17.07005500793457,17.054396303478825,0.015658704455745465
7383,16.988039016723633,16.990317864269855,0.002278847546222096
7384,16.921043395996094,16.916660704850983,0.004382691145110584
7385,16.9069766998291,16.849687501689914,0.05728919813918765
7386,16.787052154541016,16.81041283848117,0.02336068394015456
7387,16.772031784057617,16.741546631124038,0.03048515293357923
7388,16.704082489013672,16.697442138593033,0.006640350420639152
7389,16.655921936035156,16.644809030822216,0.01111290521293995
7390,16.58487319946289,16.592683128862973,0.007809929400082183
7391,16.51787757873535,16.52637607583074,0.008498497095388302
7392,16.446828842163086,16.44491585642527,0.0019129857378175075
7393,16.376018524169922,16.38107080646023,0.00505228229030763
7394,16.299009323120117,16.319398086267256,0.02038876314713889
7395,16.2198543548584,16.385085155917523,0.16523080105912413
7396,21.20208740234375,16.938243365757444,4.263844036586306
7397,21.13485336303711,20.621847545498895,0.5130058175382146
7398,21.08192443847656,20.987311557291832,0.09461288118472666
7399,20.99490165710449,20.932787875153736,0.06211378195075312
7400,20.92504501342773,20.846350319061457,0.07869469436627341
7401,20.85280418395996,20.831439884204883,0.02136429975507781
7402,20.849943161010746,20.78524733087761,0.06469583013313596
7403,20.707130432128903,20.798893584469624,0.09176315234072163
7404,20.69091796875,20.703793437405693,0.012875468655693112
7405,20.62606811523437,20.61706564245469,0.009002472779680915
7406,20.56407928466797,20.600900075351092,0.03682079068312305
7407,20.51091194152832,20.53617982619471,0.025267884666391183
7408,20.425796508789062,20.476882954881148,0.05108644609208568
7409,20.361900329589844,20.405455037689535,0.0435547080996912
7410,20.29299736022949,20.337975843631284,0.044978483401795444
7411,20.22099494934082,20.27114315160361,0.05014820226278971
7412,20.23911476135254,20.20254523085896,0.036569530493579805
7413,20.112037658691406,20.17152050666482,0.0594828479734133
7414,20.05600929260254,20.093131548946985,0.037122256344446214
7415,19.963979721069336,20.021997222102073,0.05801750103273662
7416,19.98305320739746,19.948224939071224,0.034828268326236866
7417,19.852876663208008,19.91885350389566,0.06597684068765375
7418,19.819974899291992,19.83687041047233,0.016895511180337053
7419,19.749879837036133,19.775614594436774,0.025734757400641683
7420,19.697904586791992,19.71383427053297,0.015929683740978362
7421,19.6218490600586,19.65595340288928,0.03410434283068042
7422,19.55604553222656,19.589258457017422,0.03321292479086324
7423,19.489049911499023,19.521372057170083,0.03232214567105984
7424,19.40703392028809,19.455562574421492,0.04852865413340268
7425,19.331932067871094,19.381398502446245,0.04946643457515165
7426,19.331932067871094,19.309395469917945,0.022536597953148885
7427,19.22202110290528,19.268800571808242,0.046779468902961696
7428,19.20294761657715,19.193565364275855,0.009382252301293192
7429,19.13094520568848,19.141448385653348,0.010503179964867826
7430,19.080162048339844,19.08028808702511,0.00012603868526639417
7431,18.991947174072266,19.023276595362404,0.03132942129013827
7432,18.93305778503418,18.950911266983894,0.017853481949714478
7433,18.873214721679688,18.88678171758329,0.01356699590360222
7434,18.82481575012207,18.82506239076065,0.0002466406385792652
7435,18.73111724853516,18.768633722856976,0.03751647432181571
7436,18.679141998291016,18.694131653319346,0.014989655028330162
7437,18.590211868286133,18.628351663664944,0.03813979537881096
7438,18.512964248657227,18.554143352048413,0.0411791033911868
7439,18.45121383666992,18.47819310455634,0.026979267886421354
7440,18.436908721923828,18.40973058392592,0.02717813799790747
7441,18.362998962402344,18.36523505653531,0.0022360941329679918
7442,18.33510398864746,18.302543127902027,0.032560860745434184
7443,18.23902130126953,18.252687565791348,0.013666264521816629
7444,18.158912658691406,18.180611805973967,0.02169914728256117
7445,18.105030059814453,18.10556394661944,0.00053388680498756
7446,18.02301406860352,18.04401521053478,0.021001141931261458
7447,17.961978912353516,17.97349051935271,0.011511606999192736
7448,17.887115478515625,17.905834366729323,0.018718888213697937
7449,17.848968505859375,17.834362545045224,0.01460596081415133
7450,17.87590980529785,17.77846106620018,0.09744873909767193
7451,17.727136611938477,17.75802352494793,0.030886913009453565
7452,17.6999568939209,17.671852579724145,0.028104314196752966
7453,17.6241397857666,17.611800450595183,0.012339335171418497
7454,17.56000518798828,17.549257328028034,0.010747859960247297
7455,17.496109008789062,17.487782659827644,0.008326348961418262
7456,17.436981201171875,17.42301825481718,0.013962946354695305
7457,17.368078231811523,17.361796037448585,0.006282194362938753
7458,17.287015914916992,17.29529924830331,0.008283333386316372
7459,17.230987548828125,17.222069906324577,0.00891764250354754
7460,17.142057418823242,17.158365074237736,0.016307655414493638
7461,17.071962356567383,17.07994159619375,0.007979239626365597
7462,17.00305938720703,17.005957415335615,0.0028980281285839737
7463,16.963958740234375,16.934150193492314,0.02980854674206057
7464,16.923189163208008,16.87934783512901,0.04384132807899732
7465,16.794919967651367,16.829875180519593,0.034955212868226226
7466,16.78299903869629,16.751806876413866,0.03119216228242294
7467,16.71600341796875,16.708105903035175,0.007897514933574712
7468,16.65806770324707,16.657183478514526,0.0008842247325446806
7469,16.570091247558594,16.600438220677916,0.030346973119321774
7470,16.518831253051758,16.524205400855863,0.005374147804104723
7471,16.520977020263672,16.44642572270527,0.07455129755840062
7472,16.427993774414062,16.408976049433477,0.019017724980585626
7473,16.386032104492188,16.34781700761323,0.03821509687895741
7474,16.252994537353516,16.34114809115772,0.08815355380420442
7475,21.23403549194336,16.617715518236764,4.616319973706595
7476,21.14701271057129,20.210113561006438,0.9368991495648515
7477,21.11101150512696,20.856417853792664,0.25459365133429657
7478,21.012067794799805,20.849797324444808,0.1622704703549971
7479,20.923852920532227,20.800599826998223,0.12325309353400371
7480,20.872116088867188,20.798222616576822,0.07389347229036503
7481,20.86114883422852,20.765737649071525,0.0954111851569941
7482,20.70903778076172,20.788208370504435,0.0791705897427164
7483,20.69997787475586,20.704599805412727,0.004621930656867335
7484,20.63298225402832,20.624962753572618,0.008019500455702655
7485,20.59507369995117,20.61057012360834,0.015496423657172187
7486,20.52783966064453,20.555326541852992,0.027486881208460545
7487,20.44510841369629,20.494158869951207,0.04905045625491766
7488,20.400047302246094,20.421699699909368,0.021652397663274314
7489,20.32303810119629,20.36436545995457,0.04132735875828075
7490,20.291805267333984,20.298826777434442,0.007021510100457817
7491,20.203113555908203,20.248498487944744,0.045384932036540704
7492,20.12300491333008,20.177116486138402,0.054111572808320574
7493,20.06697654724121,20.10266351589962,0.03568696865841048
7494,19.97995376586914,20.03929425154638,0.059340485677239485
7495,19.978046417236328,19.965584641340683,0.012461775895644678
7496,19.83499526977539,19.92394374383366,0.08894847405827022
7497,19.834041595458984,19.831708113542845,0.002333481916139135
7498,19.756078720092773,19.782364826369303,0.02628610627652961
7499,19.68097686767578,19.720781905107287,0.03980503743150621
7500,19.61088180541992,19.651636351227353,0.04075454580743454
7501,19.56796646118164,19.579854852054268,0.011888390872627497
7502,19.491195678710938,19.524918266597524,0.03372258788658655
7503,19.42896842956543,19.458374472833384,0.029406043267954374
7504,19.35100555419922,19.391404369798693,0.04039881559947389
7505,19.28186416625977,19.321621698054514,0.03975753179474495
7506,19.201993942260746,19.250201154136448,0.04820721187570243
7507,19.20795440673828,19.177253337147704,0.03070106959057739
7508,19.06704902648925,19.14008600579109,0.07303697930183972
7509,19.06991004943848,19.050413593504345,0.01949645593413507
7510,18.97311210632324,19.003049695129448,0.029937588806209448
7511,18.92399787902832,18.933420521534572,0.009422642506251577
7512,18.84698867797852,18.872391768809393,0.02540309083087422
7513,18.78499984741211,18.803269005047696,0.018269157635586453
7514,18.70417594909668,18.73836794311501,0.03419199401832884
7515,18.64409446716309,18.6655689321924,0.021474465029310608
7516,18.57995986938477,18.598735402292732,0.018775532907962855
7517,18.505096435546875,18.534621269736817,0.02952483418994234
7518,18.44501495361328,18.461559837305686,0.016544883692404255
7519,18.436908721923828,18.396333010741728,0.04057571118210035
7520,18.38898658752441,18.355576235762783,0.033410351761627766
7521,18.33891868591309,18.308309195390393,0.030609490522696348
7522,18.244028091430664,18.254836204732783,0.010808113302118727
7523,18.1879997253418,18.181744441335468,0.006255284006332573
7524,18.198013305664062,18.11979805120245,0.07821525446161104
7525,18.064022064208984,18.09416017363219,0.030138109423205606
7526,18.03207397460937,18.014265057217926,0.017808917391445078
7527,18.00394058227539,17.95514045238633,0.04880012988905946
7528,17.885923385620117,17.91330617402309,0.027382788402974256
7529,17.842769622802734,17.83507607683532,0.007693545967413229
7530,17.75503158569336,17.77170245554771,0.016670869854351622
7531,17.71688461303711,17.700004743574027,0.016879869463082287
7532,17.6389217376709,17.64349815357491,0.00457641590401181
7533,17.562150955200195,17.575163994933973,0.013013039733777987
7534,17.496824264526367,17.502909265658673,0.006085001132305479
7535,17.42386817932129,17.432019932584808,0.008151753263518913
7536,17.394065856933594,17.3623111611505,0.03175469578309276
7537,17.282962799072266,17.310425100049542,0.027462300977276755
7538,17.270803451538086,17.22730803066952,0.043495420868566725
7539,17.144203186035156,17.17779239322681,0.03358920719165326
7540,17.138957977294922,17.090534644239597,0.0484233330553252
7541,17.068862915039062,17.042174767425422,0.026688147613640467
7542,17.004013061523438,16.981568218398024,0.022444843125413172
7543,16.93105697631836,16.91797976673115,0.013077209587208927
7544,16.8609619140625,16.850501494332093,0.010460419730407011
7545,16.79205894470215,16.790601355182844,0.0014575895193047472
7546,16.72816276550293,16.732411731709362,0.004248966206432669
7547,16.650915145874023,16.675524664037766,0.024609518163742905
7548,16.642093658447266,16.60874526066891,0.03334839777835441
7549,16.499996185302734,16.5648234242326,0.06482723892986542
7550,16.505956649780273,16.46180270563491,0.04415394414536422
7551,16.43085479736328,16.410743896500435,0.020110900862846393
7552,16.401052474975586,16.353512233024503,0.04754024195108286
7553,16.295909881591797,16.342140550534623,0.046230668942826014
7554,16.26276969909668,16.521764595950117,0.25899489685343724
7555,21.16894721984864,18.38567980348671,2.78326741636193
7556,21.11291885375977,20.953277196895215,0.15964165686455445
7557,21.02804183959961,20.878778981568757,0.14926285803085193
7558,20.962953567504883,20.880194314941036,0.08275925256384653
7559,20.884990692138672,20.80749987044328,0.07749082169539179
7560,20.893096923828125,20.797784577098355,0.09531234672977007
7561,20.7509994506836,20.782979714113026,0.03198026342942484
7562,20.73812484741211,20.74380584690516,0.005680999493051786
7563,20.672082901000977,20.684023009835073,0.011940108834096463
7564,20.60103416442871,20.601022404662217,1.1759766493923962e-05
7565,20.520925521850582,20.576442926994787,0.055517405144204446
7566,20.45893669128418,20.503750828538614,0.04481413725443417
7567,20.389080047607425,20.437926934391726,0.04884688678430038
7568,20.30491828918457,20.370677317259833,0.0657590280752629
7569,20.30801773071289,20.293603818572592,0.014413912140298635
7570,20.255088806152344,20.256013529433403,0.0009247232810594141
7571,20.153045654296875,20.205773719226272,0.05272806492939708
7572,20.115137100219727,20.12710457711364,0.011967476893914863
7573,20.05314826965332,20.070565980404353,0.017417710751033155
7574,19.989967346191406,20.014925247323845,0.024957901132438565
7575,19.913911819458008,19.952962267325347,0.039050447867339244
7576,19.871950149536133,19.883539210240997,0.011589060704864096
7577,19.782066345214844,19.82857346683886,0.0465071216240176
7578,19.71006393432617,19.75619841914522,0.0461344848190528
7579,19.720792770385746,19.685274565745203,0.03551820464054245
7580,19.610166549682617,19.65338884429002,0.043222294607403455
7581,19.634008407592773,19.580321044031734,0.05368736356103909
7582,19.54793930053711,19.549647555777483,0.0017082552403735463
7583,19.50216293334961,19.49226371380064,0.009899219548969995
7584,19.41704750061035,19.43948716234445,0.02243966173409717
7585,19.34599876403809,19.371732475974568,0.025733711936478443
7586,19.28591728210449,19.307038033275603,0.02112075117111445
7587,19.217967987060547,19.24469700543341,0.0267290183728619
7588,19.14501190185547,19.18018186734116,0.035169965485692956
7589,19.08087730407715,19.111972048904136,0.031094744826987153
7590,18.9969539642334,19.042897546569293,0.04594358233589446
7591,19.00911331176757,18.969196315083536,0.0399169966840347
7592,18.85294914245605,18.93380409933343,0.08085495687737776
7593,18.863916397094727,18.839039603790297,0.024876793304429157
7594,18.78499984741211,18.792820238559216,0.00782039114710642
7595,18.707990646362305,18.732011511019664,0.024020864657359198
7596,18.665075302124023,18.66213164612418,0.002943655999843031
7597,18.58711242675781,18.60388865020468,0.016776223446871796
7598,18.537044525146484,18.537578120003673,0.0005335948571882909
7599,18.45693588256836,18.47798480957863,0.021048927010269836
7600,18.372058868408203,18.407513909778572,0.035455041370369145
7601,18.30697059631348,18.332854487880468,0.02588389156698767
7602,18.27096939086914,18.260225732547042,0.010743658322098781
7603,18.192052841186523,18.208408209375193,0.016355368188669672
7604,18.11981201171875,18.139499270546366,0.01968725882761646
7605,18.110990524291992,18.066540226072902,0.044450298219089746
7606,17.971038818359375,18.024686006356205,0.053647187996830326
7607,17.98105239868164,17.934478864162884,0.04657353451875679
7608,17.89116859436035,17.89157814232567,0.00040954796531877946
7609,17.858028411865234,17.826410804673287,0.03161760719194717
7610,17.78388023376465,17.77425327304627,0.009626960718378541
7611,17.6999568939209,17.70968836535758,0.009731471436680295
7612,17.625093460083008,17.63769773333479,0.012604273251781706
7613,17.58599281311035,17.564621721930962,0.021371091179389623
7614,17.49706268310547,17.50994068743239,0.012878004326921655
7615,17.40884780883789,17.43819471403185,0.029346905193960993
7616,17.358064651489258,17.35557944618904,0.0024852053002177854
7617,17.306804656982422,17.291106117909294,0.015698539073127904
7618,17.24386215209961,17.231863456913743,0.011998695185866382
7619,17.235994338989258,17.167962478993104,0.0680318599961538
7620,17.080068588256836,17.126990706060496,0.04692211780366051
7621,17.06409454345703,17.029267265570525,0.034827277886506636
7622,17.00901985168457,16.971168132272396,0.037851719412174134
7623,16.92485809326172,16.918022833351642,0.0068352599100762745
7624,16.88098907470703,16.850868649839867,0.03012042486716382
7625,16.7849063873291,16.79430617377875,0.009399786449648673
7626,16.7539119720459,16.734150567458528,0.019761404587370635
7627,16.666173934936523,16.686245990285897,0.02007205534937384
7628,16.591787338256836,16.621709151309005,0.029921813052169455
7629,16.527891159057617,16.549923881711948,0.022032722654330428
7630,16.489028930664062,16.469262154316766,0.0197667763472964
7631,16.453981399536133,16.408199949552227,0.045781449983905986
7632,16.31617546081543,16.361285632342515,0.045110171527085186
7633,16.308069229125977,16.323475590326098,0.015406361200120955
7634,16.254901885986328,16.569072189327017,0.3141703033406884
7635,21.165132522583008,18.328605303850054,2.8365272187329538
7636,21.16990089416504,21.06451006648058,0.10539082768445951
7637,21.037817001342773,20.953766178990918,0.08405082235185546
7638,21.030902862548828,20.90989553653344,0.12100732601538766
7639,20.93696594238281,20.86519037356993,0.07177556881287828
7640,20.90096473693848,20.85276741308917,0.04819732384931186
7641,20.825862884521484,20.813766482660867,0.012096401860617334
7642,20.756959915161133,20.800500287805335,0.04354037264420185
7643,20.670175552368164,20.719897001981735,0.04972144961357117
7644,20.633935928344727,20.618295303393097,0.015640624951629434
7645,20.53689956665039,20.604672175068117,0.06777260841772659
7646,20.48182487487793,20.530689418592374,0.04886454371444415
7647,20.39790153503418,20.460759616526047,0.06285808149186778
7648,20.394086837768555,20.388304133120982,0.0057827046475722454
7649,20.261049270629883,20.34527437899669,0.08422510836680885
7650,20.26987075805664,20.258391745301196,0.011479012755444273
7651,20.20192146301269,20.214035137087194,0.012113674074502256
7652,21.255970001220703,20.161398007530806,1.0945719936898968
7653,20.14780044555664,20.571104006648966,0.42330356109232525
7654,20.07889747619629,20.26853368306547,0.18963620686918148
7655,19.974946975708008,20.07271461934579,0.09776764363778057
7656,19.93012428283692,20.01550907652927,0.08538479369234864
7657,19.81496810913086,19.97404681333137,0.1590787042005104
7658,19.758939743041992,19.870928566433577,0.11198882339158445
7659,19.689083099365234,19.774171778863092,0.08508867949785781
7660,19.6840763092041,19.692382736593572,0.008306427389470628
7661,19.52695846557617,19.635761358131276,0.10880289255510789
7662,19.53911781311035,19.55846062855926,0.019342815448908368
7663,19.46282386779785,19.48191532437704,0.01909145657918998
7664,19.427061080932617,19.422762567046448,0.0042985138861695305
7665,19.33813095092773,19.371236120605317,0.03310516967758659
7666,19.270896911621094,19.299259899980825,0.02836298835973139
7667,19.18196678161621,19.230827877890988,0.04886109627477708
7668,19.140005111694336,19.154902263835538,0.014897152141202241
7669,19.04916763305664,19.096620893378713,0.04745326032207231
7670,18.993139266967773,19.023493436634453,0.03035416966667981
7671,18.912792205810547,18.953991954731464,0.041199748920917045
7672,18.991947174072266,18.881641540474448,0.11030563359781809
7673,18.79405975341797,18.878225368780477,0.0841656153625081
7674,18.803834915161133,18.777247549678577,0.02658736548255547
7675,18.70393753051757,18.726047370591914,0.022109840074342912
7676,18.65696907043457,18.65729461110277,0.0003255406682001194
7677,18.577098846435547,18.599962717189555,0.02286387075400853
7678,18.51201057434082,18.53055557967309,0.018545005332271103
7679,18.444061279296875,18.463636419255636,0.0195751399587607
7680,18.413066864013672,18.39583196328931,0.01723490072436107
7681,18.296003341674805,18.344233459856696,0.04823011818189116
7682,18.263816833496094,18.262971774220205,0.0008450592758890707
7683,18.156051635742188,18.19992023092709,0.043868595184903825
7684,18.156051635742188,18.120247820888835,0.03580381485335238
7685,18.012046813964844,18.07634031206362,0.06429349809877749
7686,17.999887466430664,17.98346337454859,0.01642409188207239
7687,17.925024032592773,17.92828732527596,0.0032632926831865916
7688,17.87090301513672,17.86372912056322,0.007173894573497819
7689,17.81606674194336,17.802711595322762,0.013355146620597225
7690,17.7609920501709,17.742148029128657,0.018844021042241366
7691,17.650127410888672,17.68327545619286,0.03314804530418769
7692,17.688989639282227,17.599585617517732,0.08940402176449425
7693,17.532825469970703,17.574331820469524,0.04150635049882112
7694,17.550945281982422,17.48670105087058,0.06424423111184296
7695,17.380952835083008,17.445528440021008,0.06457560493799974
7696,17.40288734436035,17.34570822486603,0.05717911949432164
7697,17.314910888671875,17.30556762095148,0.009343267720396398
7698,17.287015914916992,17.241577996173874,0.045437918743118644
7699,17.124176025390625,17.19235787618345,0.06818185079282557
7700,17.121076583862305,17.085696519984594,0.0353800638777102
7701,17.066001892089844,17.031842716505707,0.03415917558413639
7702,16.967058181762695,16.97967546556356,0.012617283800864243
7703,16.923904418945312,16.90127184508583,0.022632573859482363
7704,16.84403419494629,16.83985440354263,0.004179791403657873
7705,16.778945922851562,16.780254557716034,0.0013086348644719692
7706,16.726016998291016,16.72164306569357,0.004373932597445673
7707,16.63494110107422,16.667136224782553,0.032195123708333995
7708,16.60299301147461,16.597623347820445,0.005369663654164469
7709,16.53003692626953,16.539953456344847,0.009916530075315677
7710,16.536951065063477,16.46069518548643,0.07625587957704738
7711,16.423940658569336,16.41670307253662,0.007237586032715626
7712,16.37411117553711,16.351385274020913,0.022725901516196245
7713,16.288042068481445,16.322034429549603,0.03399236106815806
7714,16.230106353759766,16.504874018210103,0.2747676644503372
7715,21.20590209960937,18.75872152959346,2.447180570015913
7716,21.05093002319336,20.960910545909428,0.09001947728393134
7717,21.04401588439941,20.84305513608342,0.20096074831598898
7718,20.971059799194336,20.870595988526475,0.10046381066786125
7719,20.89691162109375,20.82278299076279,0.07412863033096073
7720,20.859956741333008,20.809471885968378,0.050484855364629766
7721,20.78390121459961,20.776817333171493,0.007083881428116001
7722,20.74503898620605,20.7625530651967,0.017514078990647164
7723,20.700931549072266,20.697217817996716,0.003713731075549731
7724,20.609140396118164,20.619188810087508,0.010048413969343528
7725,20.53999900817871,20.587973051078734,0.04797404290002305
7726,20.49088478088379,20.516290420800942,0.025405639917153167
7727,20.47991752624512,20.461241560497,0.018675965748119694
7728,20.33519744873047,20.42426962088939,0.0890721721589216
7729,20.3249454498291,20.33173269182953,0.006787242000427796
7730,20.205974578857425,20.279444787320244,0.07347020846281893
7731,20.184993743896484,20.200618460421538,0.015624716525053373
7732,20.124197006225582,20.146610237134155,0.0224132309085725
7733,20.030975341796875,20.089628238565638,0.05865289676876273
7734,19.96016502380371,20.011642129702523,0.051477105898811715
7735,19.89912986755371,19.937615133585496,0.038485266031784704
7736,19.84095573425293,19.873187469329423,0.03223173507649335
7737,19.83284950256348,19.812474594345986,0.020374908217494436
7738,19.695043563842773,19.770652716488257,0.07560915264548385
7739,19.83308792114257,19.682881938479113,0.15020598266345786
7740,19.700050354003903,19.696560701504495,0.0034896524994074696
7741,19.559144973754883,19.6405687324841,0.08142375872921548
7742,19.482851028442383,19.53905216169005,0.05620113324766862
7743,19.450902938842773,19.4600780341716,0.00917509532882832
7744,19.37389373779297,19.411979824781156,0.03808608698818716
7745,19.334077835083008,19.34807164116137,0.013993806078360649
7746,19.23990249633789,19.288679252440488,0.048776756102597574
7747,19.19102668762207,19.21260952440207,0.021582836779998615
7748,19.118070602416992,19.14648801812291,0.028417415705916937
7749,19.098997116088867,19.083273927662958,0.01572318842590903
7750,18.98789405822754,19.03638962721743,0.04849556898989249
7751,18.952131271362305,18.95566233633872,0.0035310649764142
7752,18.870115280151367,18.89658565778518,0.02647037763381377
7753,18.82290840148925,18.828558998166045,0.0056505966767943505
7754,18.77307891845703,18.769719102238014,0.0033598162190173753
7755,18.726825714111328,18.714375981289777,0.012449732821551152
7756,18.626928329467773,18.660634704019685,0.03370637455191172
7757,18.565893173217773,18.583796312213963,0.017903138996189227
7758,18.491029739379883,18.515329434649175,0.024299695269291988
7759,18.49508285522461,18.44748040389277,0.04760245133184071
7760,18.383026123046875,18.411594178814994,0.02856805576811894
7761,18.30291748046875,18.336731321596744,0.03381384112799424
7762,18.30291748046875,18.256872066103824,0.04604541436492582
7763,18.20516586303711,18.217788186348116,0.012622323311006767
7764,18.15676689147949,18.150581635836716,0.006185255642773058
7765,18.06902885437012,18.08884186493742,0.019813010567300893
7766,18.01609992980957,18.014785878449402,0.0013140513601683779
7767,17.949819564819336,17.95282189300451,0.003002328185175429
7768,17.940998077392578,17.887962557097126,0.05303552029545244
7769,17.791032791137695,17.84990339479009,0.05887060365239449
7770,17.75383949279785,17.75387605857759,3.656577973742969e-05
7771,17.673015594482422,17.687183458747313,0.01416786426489125
7772,17.69709587097168,17.618077619999895,0.07901825097178516
7773,17.564773559570312,17.591118418295082,0.026344858724769438
7774,17.54307746887207,17.508491336457155,0.03458613241491548
7775,17.483949661254883,17.452793628081054,0.0311560331738292
7776,17.416000366210938,17.397156078914122,0.01884428729681531
7777,17.353057861328125,17.335810945724006,0.01724691560411884
7778,17.261981964111328,17.2725904874369,0.010608523325572605
7779,17.19498634338379,17.196324697351884,0.0013383539680944523
7780,17.200946807861328,17.12675828036936,0.07418852749196958
7781,17.10200309753418,17.09206962573262,0.00993347180155979
7782,17.090797424316406,17.024084775925985,0.06671264839042124
7783,17.022132873535156,16.977046893543957,0.045085979991199565
7784,16.939163208007812,16.921785716476734,0.017377491531078704
7785,16.877174377441406,16.855394164053905,0.021780213387501135
7786,16.813039779663086,16.795441238969033,0.017598540694052645
7787,16.750097274780273,16.745857147384413,0.004240127395860327
7788,16.655921936035156,16.691804516881348,0.03588258084619156
7789,16.58487319946289,16.620045137528905,0.03517193806601426
7790,16.568899154663086,16.54638990521562,0.022509249447466573
7791,16.47210121154785,16.491360043659142,0.019258832111290758
7792,16.473054885864258,16.406364297694154,0.06669058817010409
7793,16.331911087036133,16.367475914421448,0.03556482738531486
7794,16.318082809448242,16.319883381726186,0.0018005722779435018
7795,16.251087188720703,16.509023914409227,0.25793672568852344
7796,21.193981170654297,17.90529930167395,3.2886818689803476
7797,21.14200592041016,21.019056181103224,0.12294973930693587
7798,21.043062210083008,20.911894699111144,0.13116751097186352
7799,20.97797393798828,20.895404707971466,0.08256923001681571
7800,20.895957946777344,20.826659656904667,0.06929828987267683
7801,20.83897590637207,20.81583837252765,0.023137533844419522
7802,20.76101303100586,20.766466262557515,0.005453231551655335
7803,20.73907852172852,20.752010624619288,0.01293210289076896
7804,20.62606811523437,20.686419994035532,0.06035187880116055
7805,20.59412002563477,20.58189914941977,0.012220876215000231
7806,20.572900772094727,20.562849291763996,0.010051480330730556
7807,20.509004592895508,20.52409670659472,0.01509211369921104
7808,20.420074462890625,20.466809722620383,0.04673525972975767
7809,20.370006561279297,20.392495168835012,0.022488607555715134
7810,20.29013633728028,20.33354651712216,0.043410179841878005
7811,20.28989791870117,20.267459196020354,0.02243872268081404
7812,20.149946212768555,20.230047876339086,0.08010166357053095
7813,20.181894302368164,20.143405544331472,0.03848875803669216
7814,20.07603645324707,20.109784757551097,0.03374830430402653
7815,20.01309394836425,20.045776364440826,0.032682416076575294
7816,19.9429988861084,19.977997882506315,0.034998996397916926
7817,19.87910270690918,19.911931005481165,0.032828298571985215
7818,19.80805397033692,19.84834691074866,0.0402929404117387
7819,19.76513862609864,19.78076951809271,0.015630891994071305
7820,19.668102264404297,19.723597490155953,0.05549522575165611
7821,19.61207389831543,19.64858281053239,0.03650891221695929
7822,19.55389976501465,19.579154391067277,0.025254626052628737
7823,19.474029541015625,19.519579346251703,0.0455498052360781
7824,19.39892768859864,19.44758234640176,0.048654657803119505
7825,19.33598518371582,19.373264105979615,0.03727892226379481
7826,19.25802230834961,19.305404518036084,0.04738220968647511
7827,19.26898956298828,19.232948029184627,0.0360415338036546
7828,19.201040267944336,19.197987317511434,0.003052950432902435
7829,19.15884017944336,19.143918432291684,0.014921747151674936
7830,19.06418800354004,19.089910879301897,0.025722875761857722
7831,18.98407936096192,19.01714672385424,0.03306736289231793
7832,18.9211368560791,18.944666104289354,0.023529248210252263
7833,18.82290840148925,18.879627966498447,0.05671956500919606
7834,18.79405975341797,18.800336285494268,0.0062765320762991905
7835,18.79811286926269,18.744286168157487,0.05382670110520493
7836,18.64004135131836,18.71346806319707,0.0734267118787102
7837,18.64194869995117,18.61839724165293,0.02355145829823968
7838,18.57495307922364,18.567402676353595,0.007550402870045048
7839,18.512964248657227,18.512714101007077,0.0002501476501493016
7840,18.407106399536133,18.4522167267005,0.045110327164366026
7841,18.36085319519043,18.368143645375312,0.007290450184882502
7842,18.314838409423828,18.306150166836233,0.008688242587595596
7843,18.2180404663086,18.251033271326378,0.032992805017777016
7844,18.1570053100586,18.17494242891371,0.017937118855108736
7845,18.106937408447266,18.105717612343142,0.001219796104123816
7846,17.969846725463867,18.043842608904015,0.07399588344014774
7847,17.93694496154785,17.94815544872108,0.011210487173229922
7848,17.860889434814453,17.882089577142324,0.021200142327870708
7849,17.900943756103516,17.812846997685483,0.08809675841803255
7850,17.76289939880371,17.791013729265615,0.02811433046190359
7851,17.78411865234375,17.707713333493302,0.07640531885044766
7852,17.771005630493164,17.671809010380457,0.09919662011270702
7853,17.698049545288086,17.6457791762914,0.052270368996687466
7854,17.58098602294922,17.595037313185458,0.014051290236238856
7855,17.528057098388672,17.51099246814647,0.01706463024220284
7856,17.44699478149414,17.44834746034485,0.001352678850707889
7857,17.36617088317871,17.38287337775546,0.016702494576747995
7858,17.279863357543945,17.309538547692682,0.029675190148736874
7859,17.27914810180664,17.23083873946507,0.048309362341569795
7860,17.14801788330078,17.186671238960116,0.03865335565933492
7861,17.140865325927734,17.09908118994008,0.041784135987654736
7862,17.019033432006836,17.04653656145183,0.027503129444994556
7863,16.99686050415039,16.9609452560735,0.03591524807688984
7864,16.94512367248535,16.906260786299754,0.038862886185597745
7865,16.861915588378906,16.852955202466546,0.008960385912359925
7866,16.8001651763916,16.792327036341703,0.007838140049898357
7867,16.74509048461914,16.73171839263432,0.013372091984820145
7868,16.650915145874023,16.684908411434662,0.033993265560638974
7869,16.59703254699707,16.613066920626807,0.016034373629736365
7870,16.55888557434082,16.54642752566815,0.012458048672669975
7871,16.485929489135742,16.484520536465652,0.0014089526700900024
7872,16.40486717224121,16.408130489963924,0.0032633177227126
7873,16.41392707824707,16.34182779386606,0.07209928438101088
7874,16.309022903442383,16.339009464786614,0.029986561344230722
7875,16.309022903442383,16.52254850898771,0.2135256055453283
7876,21.17705345153809,18.207573018571566,2.969480432966524
7877,21.09813690185547,20.985326806112425,0.11281009574304335
7878,21.094083786010746,20.858741440406448,0.23534234560429823
7879,20.95198631286621,20.897218198115297,0.05476811475091381
7880,20.956993103027344,20.808780473998922,0.14821262902842136
7881,20.86710929870605,20.833033851886285,0.0340754468197666
7882,20.80297470092773,20.79147875247145,0.011495948456282434
7883,20.74790000915528,20.76468260065667,0.016782591501389277
7884,20.667076110839844,20.703279654298967,0.036203543459123466
7885,20.62392234802246,20.609655167390883,0.014267180631577503
7886,20.56598663330078,20.593855917923065,0.027869284622283885
7887,20.47395706176757,20.535332905183168,0.061375843415596876
7888,20.413875579833984,20.46008228080609,0.04620670097210677
7889,20.37787437438965,20.390636433603504,0.012762059213855537
7890,20.29991149902344,20.341383636605315,0.041472137581873625
7891,20.215988159179688,20.273950022783538,0.05796186360385036
7892,20.215988159179688,20.19710677132025,0.018881387859437382
7893,20.07603645324707,20.159241660167027,0.08320520691995625
7894,20.07412910461425,20.071156177436933,0.0029729271773177857
7895,19.989967346191406,20.022338403578033,0.03237105738662649
7896,19.943952560424805,19.960167296176223,0.01621473575141863
7897,19.84405517578125,19.90149547737019,0.0574403015889402
7898,19.791126251220703,19.822837730316678,0.03171147909597494
7899,19.73915100097656,19.75936054805061,0.02020954707404954
7900,19.658803939819336,19.701699873166945,0.04289593334760866
7901,19.567012786865234,19.631241206298,0.0642284194327658
7902,19.515037536621094,19.551125561974914,0.03608802535381983
7903,19.440174102783203,19.483858517105546,0.04368441432234249
7904,19.4089412689209,19.416260680372943,0.007319411452044733
7905,19.3331241607666,19.362220953098586,0.029096792331984034
7906,19.34194564819336,19.295844063435652,0.046101584757707315
7907,19.18506622314453,19.262095249814593,0.07702902667006128
7908,19.18911933898925,19.168017976880947,0.021101362108304045
7909,19.140958786010746,19.121915913729026,0.019042872281719525
7910,19.04892921447754,19.076394663443352,0.027465448965813266
7911,18.97501945495605,19.006126696240244,0.031107241284193066
7912,18.91398429870605,18.93302353778381,0.019039239077759618
7913,18.848896026611328,18.869014641950344,0.020118615339015378
7914,18.78190040588379,18.80594198428298,0.024041578399192076
7915,18.70203018188477,18.738674939413613,0.036644757528843996
7916,18.6460018157959,18.66639674972248,0.02039493392658187
7917,18.58091354370117,18.598579725676245,0.017666181975076967
7918,18.58711242675781,18.534344269255598,0.052768157502210755
7919,18.436908721923828,18.501027797583447,0.06411907565961883
7920,18.45002174377441,18.407854588531336,0.04216715524307446
7921,18.39518547058105,18.364936606531046,0.030248864050005153
7922,18.30601692199707,18.31758510866166,0.01156818666459003
7923,18.24307441711425,18.247943366986874,0.004868949872623318
7924,18.14794540405273,18.180205605631272,0.03226020157854137
7925,18.09287071228028,18.103502278790984,0.010631566510703294
7926,18.03207397460937,18.038526311102032,0.0064523364926607485
7927,17.954111099243164,17.975212178725997,0.021101079482832574
7928,17.953157424926758,17.90450784778841,0.04864957713834883
7929,17.806053161621094,17.86199673642841,0.0559435748073156
7930,17.81296730041504,17.770076983879335,0.04289031653570419
7931,17.724990844726562,17.72378522650797,0.0012056182185915532
7932,17.657995223999023,17.65810561391845,0.00011038991942768916
7933,17.5778865814209,17.590735845942618,0.012849264521719306
7934,17.5168514251709,17.51590491164734,0.0009465135235586786
7935,17.447948455810547,17.450786589506606,0.0028381336960592307
7936,17.384052276611328,17.382984060645867,0.0010682159654606949
7937,17.305850982666016,17.316014460334372,0.01016347766835679
7938,17.24410057067871,17.243598189338627,0.0005023813400839572
7939,17.17209815979004,17.174246770309765,0.00214861051972548
7940,17.16303825378418,17.10438952795812,0.0586487258260604
7941,17.016172409057617,17.060783820625147,0.04461141156753001
7942,17.010927200317383,16.965356903483553,0.04557029683383007
7943,16.945838928222656,16.913423251253334,0.032415676969321794
7944,16.875028610229492,16.858636058373122,0.01639255185637012
7945,16.816139221191406,16.799951168763982,0.016188052427423827
7946,16.740083694458008,16.742650192327346,0.002566497869338491
7947,16.688823699951172,16.689374771885923,0.000551071934751235
7948,16.607046127319336,16.63129180951728,0.024245682197943097
7949,16.546010971069336,16.562431551051304,0.01642057998196833
7950,16.485929489135742,16.489886205874882,0.003956716739139665
7951,16.480207443237305,16.412565576843008,0.06764186639429681
7952,16.38197898864746,16.376220323593316,0.00575866505414524
7953,16.316890716552734,16.330284871287404,0.013394154734669428
7954,16.2351131439209,16.45688458555128,0.22177144163038065
7955,16.185998916625977,17.499745377222098,1.3137464605961213
7956,21.118879318237305,20.419234680502996,0.6996446377343091
7957,21.09813690185547,21.033047302807972,0.06508959904749645
7958,20.95484733581543,20.93398703755156,0.02086029826386948
7959,20.93791961669922,20.89378593927904,0.044133677420177264
7960,20.878076553344727,20.838895939505164,0.039180613839562284
7961,20.792007446289062,20.831421115872217,0.03941366958315484
7962,20.730972290039062,20.75796755934789,0.02699526930882712
7963,20.652055740356445,20.725450082409225,0.0733943420527794
7964,20.615100860595703,20.63541839061145,0.020317530015745433
7965,20.03979682922364,20.547710620576254,0.5079137913526139
7966,20.554065704345703,20.28677315092864,0.2672925534170645
7967,20.47395706176757,20.366367638871452,0.10758942289611895
7968,20.38788795471192,20.39715206137771,0.00926410666578903
7969,20.35188674926757,20.3252760502437,0.0266106990238697
7970,20.31707763671875,20.264718014004757,0.052359622713993303
7971,20.18094062805176,20.231984366091638,0.051043738039876274
7972,20.1711654663086,20.156698551090813,0.014466915217788312
7973,20.14303207397461,20.11380352678316,0.02922854719145107
7974,20.03192901611328,20.08347758783202,0.05154857171874028
7975,19.94490623474121,19.996843634544348,0.05193739980313694
7976,19.89412307739257,19.926752625906374,0.032629548513803286
7977,19.8359489440918,19.865871841375338,0.029922897283537253
7978,19.76609230041504,19.806097718173987,0.04000541775894817
7979,19.71006393432617,19.738135909847188,0.028071975521019255
7980,19.64306831359864,19.674804852456873,0.03173653885823313
7981,19.58203315734864,19.60777207659703,0.02573891924838989
7982,19.565820693969727,19.545209850548417,0.020610843421309255
7983,19.43397521972656,19.504016041537398,0.0700408218108386
7984,19.42110061645508,19.416653809912532,0.004446806542549808
7985,19.35410499572754,19.364606877388724,0.010501881661184598
7986,19.29903030395508,19.30790975529817,0.008879451343087652
7987,19.25921440124512,19.250062067385443,0.009152333859677952
7988,19.171953201293945,19.197984636321053,0.026031435027107364
7989,19.086837768554688,19.12943330125927,0.042595532704581274
7990,19.07205581665039,19.05302507293527,0.01903074371512048
7991,18.928050994873047,19.008242490599514,0.08019149572646711
7992,18.9211368560791,18.917358347835034,0.0037785082440677797
7993,18.85604858398437,18.86343575506544,0.007387171081067123
7994,18.77593994140625,18.806259872917508,0.03031993151125789
7995,18.71299743652344,18.734664046178295,0.02166660965485434
7996,18.64004135131836,18.66563043199676,0.025589080678400933
7997,18.616914749145508,18.597119817513885,0.019794931631622603
7998,18.510103225708008,18.548973514270983,0.038870288562975475
7999,18.516063690185547,18.47067102494293,0.045392665242616204
8000,18.397092819213867,18.43247847341445,0.035385654200581484
8001,18.39900016784668,18.352233461655487,0.0467667061911925
8002,18.30387115478516,18.312579661369455,0.008708506584294895
8003,18.22805404663086,18.244919654534897,0.01686560790403746
8004,18.16105842590332,18.173280090877597,0.012221664974276791
8005,18.09096336364746,18.104933699305548,0.013970335658086697
8006,18.02992820739746,18.038086763453975,0.008158556056514499
8007,18.02897453308105,17.973493703266286,0.05548082981476554
8008,17.876148223876953,17.936064620698744,0.05991639682179084
8009,17.871856689453125,17.84209342235954,0.029763267093585455
8010,17.78888702392578,17.788658638664856,0.000228385260925279
8011,17.73691177368164,17.725058791938864,0.011852981742777047
8012,17.639875411987305,17.664575158732987,0.024699746745682205
8013,17.59195327758789,17.58480354465064,0.007149732937250519
8014,17.512083053588867,17.522394397815333,0.010311344226465735
8015,17.441987991333008,17.45137033492483,0.009382343591823883
8016,17.380952835083008,17.380482510020556,0.0004703250624515931
8017,17.372846603393555,17.314239260940667,0.05860734245288768
8018,17.228126525878906,17.27275152643415,0.04462500055524288
8019,17.23480224609375,17.180524526224872,0.054277719868878194
8020,17.15397834777832,17.13367583533909,0.02030251243922976
8021,17.0900821685791,17.071989185524217,0.018092983054884826
8022,17.016887664794922,17.006139317345514,0.010748347449407447
8023,16.96014404296875,16.935493972596305,0.024650070372445043
8024,16.883134841918945,16.876840922122938,0.006293919796007685
8025,16.80898666381836,16.81068296841204,0.0016963045936790877
8026,16.746997833251953,16.750223801068387,0.0032259678164336947
8027,16.67618751525879,16.693614069026808,0.017426553768018493
8028,16.605138778686523,16.63062327145326,0.025484492766736366
8029,16.607046127319336,16.560773402375162,0.046272724944174115
8030,16.448020935058594,16.52036560108172,0.0723446660231275
8031,16.459941864013672,16.40610736424719,0.0538344997664808
8032,16.381025314331055,16.364770195337996,0.016255118993058204
8033,16.310930252075195,16.32432290932684,0.013392657251642959
8034,16.24608039855957,16.469871873766806,0.22379147520723564
8035,16.199111938476562,17.53708472369908,1.3379727852225187
8036,21.09503746032715,20.38448142593552,0.7105560343916295
8037,21.071910858154297,21.040669927060662,0.031240931093634572
8038,21.004199981689453,20.944165171385976,0.06003481030347757
8039,20.940065383911133,20.93911213296451,0.0009532509466225747
8040,20.86997032165528,20.83079706881108,0.03917325284420059
8041,20.77603340148925,20.822577879698656,0.04654447820940533
8042,20.74408531188965,20.747986157857667,0.0039008459680189844
8043,20.66802978515625,20.729734959786583,0.061705174630333204
8044,20.59292793273925,20.643717345137702,0.05078941239845136
8045,20.519018173217773,20.54039901440774,0.021380841189966304
8046,20.43914794921875,20.505156442595762,0.0660084933770122
8047,20.37906646728516,20.43128964760399,0.052223180318829776
8048,20.38002014160156,20.363135128718568,0.016885012882990935
8049,20.31397819519043,20.326418237345933,0.012440042155503761
8050,20.25985717773437,20.270568036266923,0.01071085853255127
8051,20.20096778869629,20.21044602861366,0.009478239917370956
8052,20.11394500732422,20.15475502321351,0.04081001588929212
8053,20.051002502441406,20.08501189902745,0.034009396586043295
8054,20.07889747619629,20.019907569349016,0.05898990684727323
8055,19.935131072998047,19.999809031105542,0.06467795810749521
8056,19.874095916748047,19.916649565402622,0.04255364865457523
8057,19.800901412963867,19.841018882289063,0.040117469325196
8058,19.80519294738769,19.776429676312546,0.02876327107514598
8059,19.654035568237305,19.74396247169352,0.08992690345621668
8060,19.67692375183105,19.64972399218823,0.02719975964282284
8061,19.59109306335449,19.60976353075239,0.018670467397900126
8062,19.5310115814209,19.549230965822062,0.018219384401163552
8063,19.45209503173828,19.486669745219842,0.03457471348156105
8064,19.383907318115234,19.41728489509842,0.033377576983184554
8065,19.31190490722656,19.349682031133852,0.037777123907293486
8066,19.24991607666016,19.28089005923539,0.03097398257522954
8067,19.16193962097168,19.21506348389812,0.05312386292644078
8068,19.134998321533203,19.13977163621894,0.004773314685735386
8069,19.024133682250977,19.083577572473587,0.05944389022261021
8070,19.018888473510746,19.003257152235165,0.0156313212755812
8071,18.931150436401367,18.955752156216477,0.02460171981510939
8072,18.89801025390625,18.888187499214837,0.009822754691413138
8073,18.830060958862305,18.834664738960782,0.004603780098477728
8074,18.756866455078125,18.77307176323484,0.016205308156713727
8075,18.693923950195312,18.706087919099446,0.012163968904133071
8076,18.65410804748535,18.64169159125595,0.012416456229402684
8077,18.54896545410156,18.589366820378928,0.04040136627736857
8078,18.54395866394043,18.512004255853753,0.03195440808667627
8079,18.42808723449707,18.46671224734564,0.038625012848569895
8080,18.40400695800781,18.38933677959176,0.014670178416050561
8081,18.347978591918945,18.334869737600457,0.013108854318488738
8082,18.24522018432617,18.2800745849363,0.034854400610132785
8083,18.18513870239257,18.201200834482734,0.016062132090162606
8084,18.106937408447266,18.13073663765863,0.023799229211363127
8085,18.02396774291992,18.059739721820733,0.03577197890081507
8086,17.973899841308594,17.98345516340305,0.009555322094456642
8087,17.88806915283203,17.917793481274202,0.0297243284421711
8088,17.875194549560547,17.84333364048507,0.03186090907547623
8089,17.756938934326172,17.794244228525713,0.037305294199541095
8090,17.771005630493164,17.71114693292475,0.059858697568415664
8091,17.6699161529541,17.672504108986686,0.0025879560325847706
8092,17.611026763916016,17.602167771428867,0.008858992487148498
8093,17.539024353027344,17.536617023552026,0.0024073294753179653
8094,17.46201515197754,17.468311017410088,0.006295865432548453
8095,17.390966415405273,17.398332953916906,0.007366538511632825
8096,17.32611656188965,17.327747768376867,0.0016312064872181509
8097,17.25292205810547,17.259970543250347,0.007048485144878214
8098,17.21811294555664,17.189610577702297,0.028502367854343902
8099,17.180919647216797,17.13287868392399,0.04804096329280583
8100,17.09890365600586,17.084359527643755,0.014544128362103947
8101,17.045974731445312,17.015020509120404,0.030954222324908187
8102,16.96300506591797,16.95283599576669,0.010169070151277992
8103,16.891956329345703,16.884708959082673,0.0072473702630304615
8104,16.813993453979492,16.818938269807404,0.0049448158279119525
8105,16.77107810974121,16.755943366661086,0.01513474308012519
8106,16.736984252929688,16.709411977899435,0.027572275030252058
8107,16.604900360107422,16.666372253098416,0.06147189299099409
8108,16.582965850830078,16.5818137925271,0.0011520583029778209
8109,16.524076461791992,16.5223405491588,0.0017359126331939478
8110,16.466856002807617,16.445196271234863,0.021659731572754026
8111,16.375064849853516,16.38905832396631,0.013993474112794502
8112,16.323089599609375,16.31711106229261,0.005978537316764232
8113,16.25990867614746,16.381086998336514,0.12117832218905278
8114,16.18790626525879,16.845766009396357,0.6578597441375678
8115,21.192073822021484,19.66459689037947,1.5274769316420134
8116,21.078109741210938,21.183467110404308,0.10535736919337069
8117,21.02184295654297,20.93952738232474,0.082315574218228
8118,20.96104621887207,20.94449998503478,0.016546233837289037
8119,20.865917205810547,20.85853699963991,0.007380206170637393
8120,20.802021026611328,20.829276498716354,0.027255472105025547
8121,20.74003219604492,20.764008281275892,0.02397608523097361
8122,20.67112922668457,20.739884270824405,0.06875504413983435
8123,20.643949508666992,20.651985801123374,0.008036292456381489
8124,20.557165145874023,20.569908195739117,0.01274304986509378
8125,20.518064498901367,20.53821049275939,0.020145993858022848
8126,20.45297622680664,20.479499461544037,0.026523234737396706
8127,20.39480209350586,20.420342682427872,0.02554058892201283
8128,20.312070846557617,20.359831567020592,0.04776072046297486
8129,20.23196220397949,20.28865668717117,0.05669448319168069
8130,20.173072814941406,20.214802292684908,0.041729477743501775
8131,20.09296417236328,20.15000898109065,0.057044808727368945
8132,20.050048828125,20.07733900245512,0.027290174330119044
8133,19.958972930908203,20.018257966967212,0.059285036059009144
8134,19.90008354187012,19.941825943078584,0.041742401208463065
8135,19.819021224975582,19.87390803924427,0.0548868142686878
8136,19.757986068725582,19.800178990408313,0.042192921682730145
8137,19.73795890808105,19.733124429876625,0.004834478204426063
8138,19.636869430541992,19.68658801388301,0.04971858334101853
8139,19.61088180541992,19.61139402965273,0.0005122242328106097
8140,19.54793930053711,19.557563770376873,0.00962446983976406
8141,19.47307586669922,19.50005257185694,0.02697670515772188
8142,19.39892768859864,19.434762904893432,0.03583521629479236
8143,19.320011138916016,19.363570597306534,0.04355945839051856
8144,19.28091049194336,19.29222378612394,0.011313294180581579
8145,19.17290687561035,19.23594560003039,0.06303872442003922
8146,19.140958786010746,19.154280227667186,0.013321441656440669
8147,19.11282539367676,19.096321270353656,0.0165041233231058
8148,18.97192001342773,19.04998225700183,0.07806224357409874
8149,18.988847732543945,18.957100124680437,0.031747607863508165
8150,18.871068954467773,18.91547816308048,0.0444092086127057
8151,18.837928771972656,18.838884429897007,0.0009556579243508168
8152,18.76688003540039,18.781440261136595,0.014560225736204302
8153,18.690109252929688,18.716628683932868,0.026519431003180216
8154,18.626928329467773,18.647246347427426,0.020318017959652934
8155,18.555879592895508,18.578798405769703,0.022918812874195282
8156,18.473148345947266,18.511289383468466,0.038141037521199905
8157,18.40400695800781,18.436699672520263,0.03269271451245359
8158,18.33891868591309,18.362323451356133,0.023404765443043374
8159,18.323183059692383,18.29553399352335,0.027649066169033176
8160,18.24593544006348,18.248750070142705,0.002814630079225111
8161,18.208026885986328,18.18506928498209,0.022957601004236494
8162,18.0959701538086,18.13007203759298,0.034101883784380504
8163,18.069982528686523,18.04784260980341,0.02213991888311284
8164,17.997026443481445,17.99480866407066,0.002217779410784715
8165,17.920970916748047,17.932762567170357,0.01179165042231034
8166,17.8530216217041,17.86271680362006,0.009695181915958528
8167,17.784833908081055,17.792947705402185,0.008113797321129823
8168,17.72785186767578,17.725414887536317,0.00243698013946414
8169,17.73381233215332,17.662696146999224,0.07111618515409646
8170,17.62104034423828,17.62991155646887,0.008871212230587844
8171,17.538070678710938,17.55542054684156,0.01734986813062278
8172,17.490148544311523,17.474555174658235,0.015593369653288391
8173,17.47298240661621,17.414603590168554,0.0583788164476573
8174,17.32921600341797,17.376070695036105,0.04685469161813671
8175,17.315149307250977,17.283071930933147,0.032077376317829476
8176,17.268896102905273,17.227585785235533,0.04131031766974047
8177,17.20404624938965,17.178228086663694,0.025818162725954608
8178,17.134904861450195,17.11838148753486,0.01652337391533365
8179,17.061948776245117,17.050858221409726,0.011090554835391231
8180,16.978979110717773,16.98150035076651,0.0025212400487362174
8181,16.92509651184082,16.907977418441078,0.01711909339974227
8182,16.87002182006836,16.8468367260175,0.023185094050859334
8183,16.791105270385742,16.79476884669384,0.0036635763080994366
8184,16.733169555664062,16.734073902171076,0.0009043465070135426
8185,16.677141189575195,16.677265845828515,0.00012465625331969932
8186,16.591787338256836,16.622016901692405,0.030229563435568707
8187,16.585111618041992,16.549250651564762,0.03586096647723025
8188,16.460180282592773,16.500403426505272,0.040223143912498927
8189,16.446828842163086,16.40328836487015,0.043540477292935975
8190,16.412019729614258,16.35766447526521,0.054355254349047755
8191,16.324996948242188,16.33864201602364,0.01364506778145369
8192,16.288042068481445,16.49687820577128,0.2088361372898362
8193,16.18814468383789,18.073159414825568,1.8850147309876775
8194,21.17514610290528,20.43278709243168,0.7423590104735993
8195,21.02589607238769,20.99376551768728,0.03213055470041226
8196,21.03900909423828,20.878409982742596,0.16059911149568507
8197,20.953893661499023,20.90829587132248,0.04559779017654364
8198,20.893096923828125,20.820262671804812,0.07283425202331273
8199,20.80893516540528,20.828690323469345,0.019755158064064915
8200,20.734071731567383,20.759893994636514,0.025822263069130713
8201,20.68686485290528,20.73479201999362,0.04792716708833922
8202,20.633935928344727,20.654839593134966,0.020903664790239418
8203,20.54715156555176,20.57006705626918,0.02291549071741983
8204,20.463943481445312,20.533089083983214,0.06914560253790114
8205,20.41196823120117,20.452826644486777,0.040858413285608464
8206,20.400047302246094,20.39153731357146,0.00850998867463204
8207,20.2631950378418,20.351056366052944,0.08786132821114379
8208,20.248889923095703,20.26031818058982,0.011428257494117133
8209,20.181894302368164,20.204984443807916,0.023090141439752188
8210,20.11394500732422,20.14874077804052,0.03479577071630047
8211,20.03788948059082,20.082864600681205,0.044975120090384735
8212,19.967079162597656,20.011639448512142,0.044560285914485576
8213,19.91105079650879,19.942332352911762,0.031281556402973365
8214,19.841909408569336,19.879850227425777,0.03794081885644118
8215,19.7749137878418,19.81370861221876,0.03879482437696069
8216,19.76895332336425,19.74707131194009,0.021882011424160908
8217,19.637107849121094,19.705820527633477,0.06871267851238372
8218,19.627809524536133,19.62180911368705,0.006000410849082982
8219,19.568920135498047,19.571200639802555,0.002280504304508213
8220,19.49000358581543,19.5187408039601,0.028737218144669896
8221,19.412994384765625,19.452253985491552,0.03925960072592716
8222,19.369125366210938,19.378762557153095,0.009637190942157758
8223,19.298791885375977,19.323379218349146,0.024587332973169396
8224,19.221067428588867,19.259883938048006,0.038816509459138615
8225,19.146203994750977,19.18794894072562,0.04174494597464218
8226,19.077062606811523,19.116329653570574,0.03926704675905057
8227,19.03700828552246,19.04445431273416,0.007446027211699402
8228,19.020795822143555,18.989379645972804,0.03141617617075099
8229,18.85104179382324,18.949344949078295,0.0983031552550564
8230,18.871068954467773,18.843631142317463,0.027437812150310492
8231,18.784046173095703,18.79890955706287,0.014863383967167465
8232,18.76997947692871,18.737312559551356,0.032666917377355276
8233,18.665075302124023,18.694781674412297,0.029706372288273997
8234,18.60904693603516,18.618695859231593,0.009648923196433401
8235,18.55111122131348,18.553226217363772,0.002114996050291751
8236,18.451929092407227,18.49299897298806,0.04106988058083516
8237,18.36991310119629,18.41569489192807,0.04578179073178035
8238,18.308162689208984,18.337076860007073,0.02891417079808889
8239,18.313884735107425,18.265316810357035,0.04856792475039029
8240,18.26000213623047,18.23229459932918,0.02770753690128913
8241,18.176794052124023,18.181273892423633,0.00447984029960935
8242,18.10908317565918,18.111244886313216,0.002161710654036142
8243,18.052101135253903,18.04171357616724,0.01038755908666289
8244,17.971038818359375,17.982919260475683,0.011880442116307677
8245,17.911911010742188,17.914360216991554,0.002449206249366398
8246,17.83609390258789,17.84933984208692,0.013245939499029191
8247,17.828941345214844,17.77923693566663,0.049704409548212425
8248,17.68016815185547,17.738143168571696,0.0579750167162274
8249,17.71688461303711,17.644314408471473,0.07257020456563623
8250,17.570018768310547,17.611482394386258,0.041463626075710636
8251,17.56000518798828,17.524017858590923,0.035987329397357826
8252,17.488956451416016,17.47266518680135,0.016291264614665124
8253,17.403841018676758,17.411460145808633,0.007619127131874848
8254,17.362117767333984,17.33875841182453,0.02335935550945578
8255,17.435073852539062,17.2793866347547,0.15568721778436156
8256,17.238140106201172,17.282692207345463,0.044552101144290646
8257,17.15397834777832,17.18466260842888,0.030684260650559736
8258,17.088890075683594,17.091012733999378,0.002122658315784065
8259,17.081022262573242,17.022951051330892,0.05807121124234982
8260,16.96300506591797,16.984413631689677,0.0214085657717078
8261,16.94798469543457,16.902164430121047,0.04582026531352312
8262,16.875028610229492,16.851746991051186,0.023281619178305846
8263,16.813039779663086,16.796778901607468,0.016260878055618377
8264,16.715049743652344,16.74375986999621,0.02871012634386716
8265,16.661882400512695,16.6725136034529,0.010631202940203366
8266,16.585826873779297,16.612644968290624,0.026818094511327217
8267,16.525983810424805,16.540098869029407,0.014115058604602382
8268,16.44301414489746,16.46337319195368,0.020359047056217605
8269,16.444921493530273,16.38732292349232,0.05759857003795332
8270,16.309022903442383,16.351009216123202,0.04198631268081954
8271,16.2811279296875,16.35078722193839,0.06965929225088985
8272,16.228914260864258,16.712109841932943,0.483195581068685
8273,21.140098571777344,18.74392471017927,2.396173861598072
8274,21.045923233032227,21.11225804537753,0.06633481234530336
8275,21.027088165283203,20.929250379595032,0.0978377856881707
8276,20.91813087463379,20.913220547754463,0.004910326879326021
8277,20.942211151123047,20.803086295927642,0.13912485519540496
8278,20.78509330749512,20.836268372931954,0.05117506543683348
8279,20.77603340148925,20.753986997078755,0.022046404410495768
8280,20.6899642944336,20.74774552102099,0.05778122658738738
8281,20.6601619720459,20.66217901665368,0.0020170446077827364
8282,20.550966262817383,20.584542467986466,0.03357620516908355
8283,20.49422264099121,20.542171281249466,0.04794864025825518
8284,20.40910720825196,20.472657063692168,0.06354985544020764
8285,20.325899124145508,20.400716033691424,0.07481690954591613
8286,20.32089233398437,20.320585642821243,0.0003066911631286473
8287,20.28107643127441,20.278561335089762,0.002515096184648513
8288,20.19596099853516,20.231058014815062,0.03509701627990225
8289,20.14899253845215,20.161318912414572,0.012326373962423531
8290,20.064830780029297,20.10256598759952,0.037735207570221974
8291,20.008087158203125,20.036416999118956,0.028329840915830573
8292,19.94800567626953,19.973244467109907,0.02523879084037617
8293,19.870996475219727,19.91307118169061,0.04207470647088485
8294,19.84691619873047,19.84397120804715,0.002944990683317883
8295,19.78588104248047,19.794581335190742,0.008700292710273061
8296,19.70505714416504,19.740183333851746,0.03512618968670722
8297,19.608020782470703,19.67037653139414,0.062355748923437204
8298,19.5620059967041,19.588020082210278,0.026014085506176343
8299,19.52099800109864,19.528102180174756,0.007104179076115713
8300,19.422054290771484,19.476399780614884,0.054345489843399264
8301,19.35696601867676,19.399211325890064,0.04224530721330311
8302,19.34409141540528,19.32633355500002,0.017757860405261283
8303,19.214868545532227,19.28332860188675,0.06846005635452457
8304,19.14691925048828,19.198461217911245,0.05154196742296335
8305,19.09494400024414,19.12025257024652,0.025308570002380293
8306,19.088029861450195,19.05733910825802,0.03069075319217518
8307,19.020795822143555,19.019703574031155,0.0010922481123998296
8308,18.91183853149414,18.962599916449108,0.05076138495496707
8309,18.867015838623047,18.878029641882677,0.01101380325962964
8310,18.78023147583008,18.814165362755375,0.03393388692529342
8311,18.73207092285156,18.743593248018442,0.011522325166883007
8312,18.603086471557617,18.684607059640257,0.08152058808263973
8313,18.57304573059082,18.589304650276972,0.016258919686151785
8314,18.57805252075196,18.526639198398698,0.05141332235326246
8315,18.435001373291016,18.495411038884413,0.06040966559339722
8316,18.42594146728516,18.406709720238723,0.01923174704643671
8317,18.37611198425293,18.3522594356873,0.02385254856562824
8318,18.297910690307617,18.30147165719609,0.0035609668884717394
8319,18.255949020385746,18.236977130754894,0.01897188963085128
8320,18.18108558654785,18.18023526629986,0.0008503202479914762
8321,18.117904663085938,18.11756495476402,0.0003397083219169872
8322,18.0511474609375,18.05256653210563,0.0014190711681294488
8323,17.98105239868164,17.98851172088689,0.007459322205249919
8324,17.898082733154297,17.92302917579036,0.024946442636064603
8325,17.863035202026367,17.846652954176534,0.01638224784983322
8326,17.83609390258789,17.792033251907924,0.044060650679966784
8327,17.70305633544922,17.748251088733014,0.04519475328379485
8328,17.683982849121094,17.658059195809983,0.025923653311110684
8329,17.620086669921875,17.60223865539956,0.01784801452231477
8330,17.561912536621094,17.544529216365845,0.01738332025524869
8331,17.468929290771484,17.484732554407856,0.015803263636371412
8332,17.40884780883789,17.406953818863258,0.0018939899746328592
8333,17.353057861328125,17.339660799962076,0.013397061366049456
8334,17.295122146606445,17.278423919833585,0.016698226772859925
8335,17.210006713867188,17.218097806562582,0.008091092695394764
8336,17.20404624938965,17.143693516686653,0.06035273270299513
8337,17.09604263305664,17.099713950869955,0.00367131781331409
8338,17.069101333618164,17.02488829516824,0.04421303844992508
8339,17.005205154418945,16.97030353216178,0.03490162225716631
8340,16.927003860473633,16.912137955614526,0.014865904859107104
8341,16.88218116760254,16.84700044620513,0.0351807213974098
8342,16.78609848022461,16.794329131471386,0.008230651246776688
8343,16.73603057861328,16.733786931013128,0.0022436476001530536
8344,16.668081283569336,16.677924832151803,0.00984354858246661
8345,16.63517951965332,16.617795451224993,0.017384068428327737
8346,16.546010971069336,16.567848477279767,0.021837506210431457
8347,16.475915908813477,16.48968354558633,0.01376763677285453
8348,16.405105590820312,16.408103489538917,0.0029978987186041195
8349,16.347169876098633,16.344391933529323,0.0027779425693097437
8350,16.35003089904785,16.326652696193378,0.023378202854473784
8351,16.177892684936523,16.55593096307939,0.37803827814286706
8352,21.167993545532227,18.188443395501963,2.9795501500302635
8353,21.10505104064941,21.019235150561144,0.0858158900882664
8354,21.05498313903809,20.95889797737982,0.09608516165826941
8355,21.033048629760746,20.919152346323244,0.11389628343750147
8356,20.915985107421875,20.862856062194624,0.05312904522725148
8357,20.90096473693848,20.846584588070982,0.05438014886749798
8358,20.816802978515625,20.807955002510425,0.008847976005199598
8359,20.759105682373047,20.78982713919686,0.030721456823812332
8360,20.67899703979492,20.71676805280731,0.037771013012392274
8361,20.63608169555664,20.622554709461838,0.01352698609480285
8362,20.56312561035156,20.605979925676365,0.042854315324806436
8363,20.49708366394043,20.54100027135064,0.04391660741021042
8364,20.420074462890625,20.47354353226183,0.05346906937120366
8365,20.359039306640625,20.40334125422305,0.04430194758242578
8366,20.298004150390625,20.336265579317114,0.038261428926489316
8367,20.30014991760254,20.27349522586519,0.026654691737348912
8368,20.149946212768555,20.23826136792195,0.08831515515339561
8369,20.145893096923828,20.14575493740267,0.00013815952115692198
8370,20.08795738220215,20.094291163786693,0.00633378158454434
8371,20.03693580627441,20.04574787679303,0.008812070518619208
8372,19.902944564819336,19.990428551409423,0.08748398659008672
8373,19.91796493530273,19.89591055780693,0.022054377495802413
8374,19.83809471130371,19.857439497627638,0.01934478632392711
8375,19.7451114654541,19.800612337803614,0.055500872349512065
8376,19.681930541992188,19.721634188499593,0.03970364650740521
8377,19.6218490600586,19.652420934562542,0.030571874503941388
8378,19.55604553222656,19.589216228268924,0.03317069604236522
8379,19.46401596069336,19.525453499227297,0.061437538533937186
8380,19.387006759643555,19.445601281859126,0.05859452221557149
8381,19.40703392028809,19.36877043090135,0.038263489386739735
8382,19.27804946899414,19.336457394729223,0.058407925735082245
8383,19.272804260253903,19.257130690675694,0.015673569578208202
8384,19.201993942260746,19.207749196539226,0.005755254278479782
8385,19.15311813354492,19.148482823766244,0.004635309778674213
8386,19.0582275390625,19.093846531632153,0.03561899256965262
8387,19.01507377624512,19.019117733932944,0.004043957687823507
8388,18.918991088867188,18.96187666534388,0.04288557647669222
8389,18.85914802551269,18.88645729354721,0.02730926803451794
8390,18.807172775268555,18.818675124975925,0.01150234970737074
8391,18.79096031188965,18.760272765803165,0.030687546086483053
8392,18.64910125732422,18.71722826513178,0.06812700780756131
8393,18.64504814147949,18.625519823899594,0.01952831757989415
8394,18.58401298522949,18.574879846028125,0.009133139201363605
8395,18.505096435546875,18.52145796556215,0.016361530015274184
8396,18.4628963470459,18.452828373256125,0.010067973789773532
8397,18.362998962402344,18.39575521421466,0.032756251812315895
8398,18.29695701599121,18.31916952460233,0.02221250861111912
8399,18.227100372314453,18.2482471793719,0.021146807057448314
8400,18.149852752685547,18.17934594896542,0.02949319627987279
8401,18.15104484558105,18.107708563775304,0.04333628180574678
8402,18.06211471557617,18.066136874494987,0.004022158918818519
8403,17.997026443481445,18.000811514184534,0.0037850707030884223
8404,17.920970916748047,17.931598260247483,0.010627343499436392
8405,17.852067947387695,17.86022782107466,0.008159873686963692
8406,17.781972885131836,17.793189515259655,0.011216630127819371
8407,17.735958099365234,17.723791594335125,0.012166505030108965
8408,17.634868621826172,17.665574907596238,0.030706285770065733
8409,17.611980438232422,17.585197344487824,0.026783093744597863
8410,17.52185821533203,17.531300223026847,0.009442007694815402
8411,17.455101013183594,17.460512942761852,0.005411929578258423
8412,17.391204833984375,17.389432658660553,0.0017721753238220117
8413,17.343997955322266,17.32196896523419,0.02202899008807435
8414,17.251014709472656,17.26447578096213,0.013461071489473397
8415,17.266035079956055,17.188064620086152,0.0779704598699027
8416,17.141103744506836,17.153836795046118,0.012733050539281976
8417,17.07005500793457,17.07437133939038,0.004316331455811451
8418,17.00305938720703,16.996575846405904,0.006483540801127674
8419,16.993999481201172,16.92784989882057,0.06614958238060353
8420,16.906023025512695,16.889977330606598,0.016045694906097197
8421,16.862154006958008,16.826647111088278,0.035506895869730215
8422,16.785144805908203,16.776431599168973,0.008713206739230372
8423,16.705036163330078,16.72090171655327,0.015865553223193274
8424,16.653776168823242,16.659162197015576,0.00538602819233347
8425,16.571998596191406,16.598493100843825,0.026494504652418982
8426,16.496896743774414,16.526086172120813,0.029189428346398927
8427,16.479015350341797,16.436006072268583,0.043009278073213864
8428,16.34693145751953,16.391755517702222,0.04482406018269103
8429,16.310930252075195,16.311704431416274,0.0007741793410787068
8430,16.279220581054688,16.391485597239353,0.112265016184665
8431,16.223907470703125,16.879948756923113,0.6560412862199883
8432,21.1482048034668,19.658693579458486,1.4895112240083144
8433,21.05498313903809,21.173130786337424,0.11814764729933458
8434,20.975828170776367,20.970802127521893,0.005026043254474644
8435,20.884037017822266,20.900634369809268,0.016597351987002185
8436,20.91503143310547,20.79651670919702,0.1185147239084472
8437,20.83778381347656,20.831440889651276,0.006342923825283009
8438,20.765066146850582,20.78480828595275,0.019742139102167044
8439,20.68305015563965,20.747700946230907,0.06465079059125856
8440,20.62320709228516,20.65385056903324,0.03064347674807877
8441,20.54095268249512,20.56223228282761,0.021279600332487547
8442,20.46990394592285,20.53021987512693,0.06031592920408002
8443,20.41196823120117,20.457373273075063,0.04540504187389516
8444,20.386934280395508,20.392266597355047,0.00533231695953873
8445,20.275115966796875,20.34372398065898,0.06860801386210369
8446,20.20406723022461,20.263919354420068,0.0598521241954586
8447,20.12300491333008,20.186565001040435,0.06356008771035349
8448,20.13397216796875,20.112615424295655,0.02135674367309548
8449,19.98209953308105,20.0778313360388,0.09573180295774719
8450,19.99187469482422,19.983715520993428,0.008159173830790678
8451,19.93012428283692,19.936030885219225,0.005906602382303561
8452,19.88387107849121,19.885204564616288,0.0013334861250768881
8453,19.77801322937012,19.831798603718198,0.0537853743480774
8454,19.722938537597656,19.75194202941566,0.029003491818002658
8455,19.659996032714844,19.6868970210744,0.026900988359557232
8456,19.629955291748047,19.626058130143065,0.0038971616049821023
8457,19.513845443725582,19.578071190153423,0.06422574642784085
8458,19.53411102294922,19.496621653615875,0.03748936933334335
8459,19.361019134521484,19.459727803678106,0.09870866915662191
8460,19.359111785888672,19.361258740900666,0.002146955011994578
8461,19.28496360778809,19.30834578388385,0.023382176095761764
8462,19.24991607666016,19.24730747941794,0.0026085972422187353
8463,19.149065017700195,19.195613793726807,0.04654877602661145
8464,19.09399032592773,19.11707535964524,0.023085033717510584
8465,19.002914428710938,19.05093877167019,0.04802434295925195
8466,18.9359188079834,18.975332219270058,0.03941341128665954
8467,18.865108489990234,18.903250091625523,0.03814160163528868
8468,18.844127655029297,18.834418572168943,0.009709082860354101
8469,18.71013641357422,18.78330636964165,0.07316995606743149
8470,18.707990646362305,18.69254539406029,0.015445252302015433
8471,18.635034561157227,18.642146555748695,0.007111994591468829
8472,18.57995986938477,18.582036948600944,0.0020770792161748375
8473,18.525123596191406,18.520658300531068,0.004465295660338597
8474,18.442869186401367,18.46115095577261,0.018281769371242262
8475,18.377065658569336,18.39095705645377,0.013891397884435719
8476,18.360137939453125,18.323335591730938,0.03680234772218682
8477,18.23592185974121,18.280389122082852,0.04446726234164089
8478,18.254995346069336,18.19827749909564,0.056717846973697306
8479,18.17798614501953,18.16049550484422,0.017490640175310546
8480,18.12911033630371,18.105437427948345,0.023672908355365507
8481,18.054962158203125,18.04933217863436,0.00562997956876643
8482,17.995119094848633,17.983901581601458,0.011217513247174793
8483,17.97008514404297,17.92394513745421,0.04614000658875739
8484,17.853975296020508,17.879920326549836,0.025945030529328506
8485,17.83013343811035,17.801057300857792,0.02907613725255942
8486,17.768144607543945,17.748522224110275,0.01962238343367062
8487,17.6999568939209,17.691027280307026,0.008929613613872789
8488,17.657041549682617,17.62873518418928,0.02830636549333576
8489,17.590999603271484,17.572786784512573,0.018212818758911453
8490,17.521142959594727,17.512742531380354,0.008400428214372369
8491,17.436981201171875,17.446608038085287,0.009626836913412262
8492,17.35711097717285,17.37276721712533,0.015656239952477335
8493,17.29106903076172,17.298464561122273,0.007395530360554403
8494,17.232894897460938,17.2281497568747,0.0047451405862375395
8495,17.161846160888672,17.16402213457968,0.002175973691009858
8496,17.106056213378906,17.093247506181797,0.01280870719710947
8497,17.135143280029297,17.027470700440972,0.10767257958832488
8498,16.99209213256836,17.00553303317065,0.01344090060229064
8499,16.952037811279297,16.921589486855737,0.030448324423559825
8500,16.900062561035156,16.85908499018751,0.04097757084764453
8501,16.795873641967773,16.809990048272994,0.014116406305220153
8502,16.75701141357422,16.745649941640295,0.011361471933923895
8503,16.674041748046875,16.69096949365212,0.016927745605244127
8504,16.5860652923584,16.630850418550835,0.04478512619243702
8505,16.582965850830078,16.551309721990037,0.031656128840040765
8506,16.469955444335938,16.503499070267935,0.03354362593199767
8507,16.448020935058594,16.409566853923252,0.03845408113534177
8508,16.386985778808594,16.360991727793817,0.025994051014777142
8509,16.319990158081055,16.327065410990826,0.007075252909771734
8510,16.247034072875977,16.48454902411345,0.2375149512374719
8511,21.151065826416016,17.81121968269872,3.3398461437172955
8512,21.08693122863769,20.92944241985606,0.15748880878163263
8513,21.007061004638672,20.879297121609852,0.1277638830288197
8514,20.94697952270508,20.852361212746473,0.09461830995860865
8515,20.923852920532227,20.792237194200425,0.13161572633180185
8516,20.79296112060547,20.813209130210453,0.020248009604983963
8517,20.7979679107666,20.738222603085887,0.05974530768071418
8518,20.721912384033203,20.74023148497872,0.018319100945518585
8519,20.65396308898925,20.678630465681636,0.024667376692384835
8520,20.602941513061523,20.589061949522147,0.01387956353937625
8521,20.54405212402344,20.569090767821763,0.025038643798321658
8522,20.47204971313477,20.51159498614652,0.03954527301175048
8523,20.38884162902832,20.44507766913739,0.05623604010907002
8524,20.29609680175781,20.37130404551135,0.07520724375354249
8525,20.277976989746094,20.291624429773947,0.013647440027853008
8526,20.25604248046875,20.24060942039796,0.015433060070790816
8527,20.21193504333496,20.202889763822895,0.009045279512065463
8528,20.11704444885254,20.1537217594705,0.03667731061796076
8529,20.050048828125,20.080372769371024,0.030323941246024333
8530,19.984006881713867,20.014307232941064,0.030300351227197098
8531,19.90199089050293,19.952715262661513,0.05072437215858372
8532,19.840002059936523,19.881594006619707,0.04159194668318378
8533,19.752979278564453,19.813958298072976,0.06097901950852247
8534,19.752979278564453,19.736940434086137,0.016038844478316605
8535,19.61493492126465,19.696900877534063,0.08196595626941416
8536,19.63210105895996,19.60804589316467,0.024055165795289213
8537,19.50287818908692,19.567666830880626,0.06478864179370447
8538,19.467830657958984,19.484779841150157,0.01694918319117278
8539,19.41180229187012,19.425187368597108,0.013385076726986966
8540,19.34099197387696,19.36675518118136,0.025763207304400737
8541,19.28019523620605,19.30276522125496,0.02256998504890717
8542,19.21892166137696,19.23783751499286,0.018915853615901312
8543,19.19698715209961,19.17462342453291,0.0223637275666988
8544,19.10114288330078,19.13210979955693,0.03096691625614767
8545,19.01698112487793,19.0592437588748,0.042262633996870136
8546,18.955230712890625,18.983562468292803,0.028331755402177805
8547,18.867015838623047,18.914810211526856,0.047794372903808835
8548,18.87202262878418,18.840323558833916,0.03169906995026395
8549,18.70584487915039,18.801960248993055,0.09611536984266422
8550,18.72491836547852,18.69966713843496,0.02525122704355809
8551,18.650054931640625,18.654392725238722,0.0043377935980970506
8552,18.59402656555176,18.595327106595505,0.0013005410437436637
8553,18.533945083618164,18.535677658746863,0.0017325751286989544
8554,18.47696304321289,18.472015474344516,0.004947568868374219
8555,18.387794494628903,18.41299443049138,0.02519993586247793
8556,18.325090408325195,18.339579751227575,0.014489342902379576
8557,18.25094223022461,18.271693854103432,0.02075162387882301
8558,18.262147903442383,18.20411830476587,0.05802959867651225
8559,18.17607879638672,18.169626298686126,0.006452497700593085
8560,18.12601089477539,18.109133281313916,0.01687761346147454
8561,18.049001693725582,18.04873511105143,0.0002665826741541366
8562,17.98391342163086,17.981591736088376,0.002321685542483465
8563,17.904996871948242,17.918103158763188,0.013106286814945634
8564,17.837047576904297,17.847914119101915,0.0108665421976184
8565,17.7609920501709,17.779457798724252,0.018465748553353478
8566,17.754077911376953,17.707430803056923,0.046647108320030384
8567,17.60387420654297,17.665239591224235,0.06136538468126673
8568,17.602920532226562,17.570069565636004,0.03285096659055853
8569,17.51995086669922,17.51805832645914,0.0018925402400782332
8570,17.440080642700195,17.452696602504147,0.012615959803952137
8571,17.387866973876953,17.37859989543722,0.009267078439734178
8572,17.323970794677734,17.313659118372016,0.01031167630571872
8573,17.26078987121582,17.25063153821793,0.010158332997889374
8574,17.18902587890625,17.185505591442052,0.0035202874641981907
8575,17.106056213378906,17.11571202736195,0.009655813983044936
8576,17.127037048339844,17.040225290656963,0.08681175768288085
8577,16.965866088867188,17.0084487439226,0.04258265505541203
8578,16.954898834228516,16.915408588943137,0.03949024528537848
8579,16.89004898071289,16.860308031937166,0.029740948775724974
8580,16.82901382446289,16.808409821692294,0.020604002770596708
8581,16.75701141357422,16.75856892234151,0.0015575087672914378
8582,16.70098304748535,16.697023956680823,0.003959090804528387
8583,16.604900360107422,16.6462517626087,0.041351402501277335
8584,16.603946685791016,16.567937207923933,0.03600947786708275
8585,16.46709442138672,16.524792162613267,0.057697741226547805
8586,16.47806167602539,16.41596080173713,0.062100874288262276
8587,16.39103889465332,16.378259368877934,0.012779525775385991
8588,16.33596420288086,16.324834807221578,0.011129395659281727
8589,16.26300811767578,16.41759808740062,0.15458996972483874
8590,16.209840774536133,17.012356578902654,0.8025158043665215
8591,21.18802070617676,20.0743632162812,1.1136574898955622
8592,21.052122116088867,21.09587999393625,0.0437578778473835
8593,21.05998992919922,20.91958803976013,0.14040188943909016
8594,20.99204063415528,20.938089593983022,0.05395104017225805
8595,20.914077758789062,20.8540912508397,0.05998650794936111
8596,20.828962326049805,20.850043658811046,0.021081332761241356
8597,20.77913284301757,20.78393857482297,0.004805731805397784
8598,20.72882652282715,20.766070116678748,0.037243593851599144
8599,20.63918113708496,20.692957406481582,0.0537762693966215
8600,20.602941513061523,20.589201706570748,0.013739806490775663
8601,20.520925521850582,20.57067702708082,0.04975150523023686
8602,20.45583724975586,20.501342784427834,0.0455055346719746
8603,20.39313316345215,20.433953075098543,0.04081991164639476
8604,20.29109001159668,20.369299855701684,0.07820984410500387
8605,20.303964614868164,20.286650821617513,0.017313793250650633
8606,20.155906677246094,20.248955966053472,0.09304928880737862
8607,20.160913467407227,20.158313297997665,0.002600169409561204
8608,20.061016082763672,20.110001933971944,0.048985851208271924
8609,20.016908645629883,20.04014720523628,0.023238559606397757
8610,19.929170608520508,19.97993403711007,0.050763428589561954
8611,19.871950149536133,19.90616175407922,0.03421160454308847
8612,19.78302001953125,19.84152428667585,0.058504267144599
8613,19.726037979125977,19.765743456900964,0.03970547777498723
8614,19.665002822875977,19.69830950793039,0.03330668505441281
8615,19.641876220703125,19.636166888176376,0.005709332526748767
8616,19.514083862304688,19.587355146995833,0.07327128469114541
8617,19.498825073242188,19.50090988248121,0.0020848092390224338
8618,19.43802833557129,19.446605722805543,0.008577387234254275
8619,19.376039505004883,19.391963397993095,0.015923892988212174
8620,19.28997039794922,19.331043736201536,0.041073338252317626
8621,19.229888916015625,19.25633404198379,0.026445125968166394
8622,19.15788650512696,19.190459540368465,0.03257303524150501
8623,19.16813850402832,19.122942139347288,0.04519636468103272
8624,19.018888473510746,19.09121930020774,0.07233082669699442
8625,18.9971923828125,19.001003276571282,0.0038108937587821856
8626,18.93782615661621,18.940569077813052,0.0027429211968410527
8627,18.868207931518555,18.884923652649377,0.016715721130822203
8628,18.79501342773437,18.821274874198934,0.026261446464562965
8629,18.73302459716797,18.750822240008347,0.017797642840378103
8630,18.66912841796875,18.685200440586414,0.016072022617663606
8631,18.60499382019043,18.620862093484902,0.0158682732944726
8632,18.53799819946289,18.555444064531912,0.017445865069021238
8633,18.47505569458008,18.49029063555463,0.015234940974547584
8634,18.423080444335938,18.42270084239317,0.000379601942768204
8635,18.36109161376953,18.3638800499466,0.0027884361770702526
8636,18.27096939086914,18.30180848173768,0.030839090868539643
8637,18.28479766845703,18.225223462422946,0.059574206034085364
8638,18.1269645690918,18.191470794590714,0.0645062254989135
8639,18.11385154724121,18.09752473241133,0.016326814829881187
8640,18.052101135253903,18.041550526277206,0.010550608976696907
8641,17.973899841308594,17.984555456905582,0.010655615596988355
8642,17.908096313476562,17.916145554636387,0.008049241159824305
8643,17.832040786743164,17.846361877445815,0.014321090702651418
8644,17.741918563842773,17.77599554407061,0.03407698022783734
8645,17.71092414855957,17.69617432796622,0.014749820593351615
8646,17.625093460083008,17.63967930060062,0.01458584051761136
8647,17.64512062072754,17.569421890584636,0.07569873014290351
8648,17.494916915893555,17.53646804991149,0.04155113401793642
8649,17.48490333557129,17.446082440983446,0.03882089458784321
8650,17.420053482055664,17.393305721952856,0.02674776010280766
8651,17.361164093017578,17.336352294819335,0.024811798198243196
8652,17.28200912475586,17.277990321076686,0.004018803679173288
8653,17.23003387451172,17.206994243110785,0.023039631400934013
8654,17.15397834777832,17.14685145623207,0.007126891546249681
8655,17.094135284423828,17.079282274721663,0.014853009702164854
8656,17.04096794128418,17.013779034186882,0.027188907097297488
8657,17.075777053833008,16.954481408788524,0.12129564504448354
8658,16.925811767578125,16.936830713575546,0.011018945997420815
8659,16.85500144958496,16.85595126514272,0.0009498155577603029
8660,16.782045364379883,16.78411069599406,0.0020653316141761024
8661,16.700029373168945,16.724982907248886,0.024953534079941164
8662,16.633987426757812,16.662866512888286,0.028879086130473297
8663,16.63494110107422,16.590900137259723,0.044040963814495626
8664,16.479015350341797,16.553948683622366,0.07493333328056906
8665,16.522884368896484,16.438799705071006,0.08408466382547886
8666,16.42894744873047,16.407212684981687,0.021734763748781916
8667,16.338825225830078,16.3480031827703,0.00917795694022061
8668,16.297101974487305,16.3359068247928,0.038804850305496075
8669,16.229867935180664,16.62179645757078,0.391928522390117
8670,21.20685577392578,19.14885684982437,2.057998924101412
8671,21.13485336303711,20.98069069279518,0.15416267024193075
8672,21.08287811279297,20.925462192735722,0.1574159200572467
8673,21.00682258605957,20.929397174768383,0.07742541129118763
8674,20.92790603637696,20.853864355103724,0.07404168127323629
8675,20.86091041564941,20.843113787123002,0.017796628526408398
8676,20.786046981811523,20.799046077172534,0.012999095361010404
8677,20.71690559387207,20.778305058684055,0.06139946481198422
8678,20.654916763305664,20.694230971912475,0.03931420860681101
8679,20.6148624420166,20.600009920144657,0.014852521871944191
8680,20.57480812072754,20.585041839694895,0.010233718967356253
8681,20.47896385192871,20.53363370077932,0.054669848850608105
8682,20.457029342651367,20.458518141367676,0.0014887987163092475
8683,20.30205726623535,20.408995549587416,0.1069382833520649
8684,20.312070846557617,20.312061803451797,9.043105819728225e-06
8685,20.22910118103028,20.265997947262804,0.03689676623252325
8686,20.181894302368164,20.20544259221424,0.02354828984607593
8687,20.10488510131836,20.1445202492323,0.03963514791394118
8688,20.03812789916992,20.075464180081326,0.03733628091140773
8689,19.97709274291992,20.008780964417383,0.03168822149746475
8690,19.912004470825195,19.946070267451432,0.03406579662623699
8691,19.816875457763672,19.881013864051056,0.06413840628738399
8692,19.823074340820312,19.802793486178416,0.02028085464189644
8693,19.73915100097656,19.76193884775057,0.02278784677401191
8694,19.702911376953125,19.702079931903427,0.0008314450496982317
8695,19.564151763916016,19.647267351501796,0.0831155875857803
8696,19.55199241638184,19.554056773358752,0.0020643569769127623
8697,19.49095726013184,19.503392999922653,0.012435739790813471
8698,19.422054290771484,19.448565002676332,0.026510711904847994
8699,19.3471908569336,19.384468465432292,0.037277608498690995
8700,19.28591728210449,19.311950309202075,0.02603302709758637
8701,19.21701431274414,19.24664053331071,0.029626220566569827
8702,19.138097763061523,19.181536873929872,0.04343911086834851
8703,19.07515525817871,19.10810778326777,0.03295252508905833
8704,19.00792121887207,19.040742204651906,0.03282098577983561
8705,18.936872482299805,18.97101650820332,0.034144025903515285
8706,18.943071365356445,18.90179319980234,0.04127816555410391
8707,18.7990665435791,18.866165542021918,0.06709899844281608
8708,18.78190040588379,18.775921030737663,0.005979375146125676
8709,18.73993873596192,18.719454826168658,0.020483909793263422
8710,18.64290237426757,18.671879281328074,0.028976907060503265
8711,18.58806610107422,18.59908831397661,0.011022212902389583
8712,18.50104331970215,18.532886539560423,0.0318432198582741
8713,18.429994583129883,18.459622174532342,0.029627591402459075
8714,18.393993377685547,18.388266146757815,0.0057272309277323075
8715,18.316984176635746,18.33288197008187,0.01589779344612552
8716,18.240928649902344,18.267485725800725,0.0265570758983813
8717,18.25094223022461,18.19144213936852,0.05950009085609054
8718,18.164873123168945,18.158025123057087,0.00684800011185871
8719,18.10002326965332,18.097086357784065,0.0029369118692557095
8720,18.04804801940918,18.02990561373008,0.018142405679100193
8721,18.01919937133789,17.9721214365145,0.04707793482339184
8722,17.91977882385254,17.929120002463605,0.009341178611066425
8723,17.852067947387695,17.85710507215299,0.00503712476529472
8724,17.789840698242188,17.78789868876629,0.0019420094758970663
8725,17.76599884033203,17.723917777857423,0.04208106247460819
8726,17.64702796936035,17.679268417168714,0.03224044780836266
8727,17.648935317993164,17.597311800500393,0.0516235174927715
8728,17.544984817504883,17.55328380568244,0.008298988177557476
8729,17.504215240478516,17.480818267813447,0.02339697266506846
8730,17.421960830688477,17.42258482363468,0.0006239929462026339
8731,17.344951629638672,17.352887279685092,0.00793565004642005
8732,17.293930053710938,17.280346417123837,0.013583636587100045
8733,17.21787452697754,17.218167517512484,0.0002929905349446926
8734,17.1511173248291,17.1495322276769,0.0015850971522013424
8735,17.13395118713379,17.079777038134125,0.054174148999663885
8736,17.004013061523438,17.03284908455771,0.02883602303427324
8737,16.991138458251953,16.94610277263564,0.04503568561631255
8738,16.926050186157227,16.893550938448243,0.0324992477089836
8739,16.849994659423828,16.83932168452884,0.01067297489498742
8740,16.79396629333496,16.78004827363111,0.013918019703851314
8741,16.72196388244629,16.724095014296836,0.002131131850546808
8742,16.63994789123535,16.670502207944082,0.030554316708730767
8743,16.569852828979492,16.598765995752274,0.02891316677278155
8744,16.505002975463867,16.52553150086078,0.0205285253969123
8745,16.457080841064453,16.44083510561245,0.01624573545200292
8746,16.371965408325195,16.385549106587405,0.01358369826220951
8747,16.302824020385742,16.319812434915093,0.016988414529350848
8748,16.22605323791504,16.39112531228193,0.16507207436688986
8749,16.22796058654785,16.888228607967903,0.6602680214200518
8750,21.155834197998047,19.509374735662277,1.6464594623357698
8751,21.07381820678711,21.24067097747684,0.16685277068972937
8752,21.01588249206543,20.980784869607305,0.03509762245812453
8753,20.92790603637696,20.945298979768268,0.01739294339130737
8754,20.848989486694336,20.84498257681844,0.004006909875897691
8755,20.80607414245605,20.81865228183233,0.012578139376277164
8756,20.718812942504883,20.763692235959752,0.044879293454869185
8757,20.66302299499512,20.731498177610774,0.06847518261565355
8758,20.596981048583984,20.640100754462765,0.04311970587878022
8759,20.52593231201172,20.53978770300091,0.013855390989192529
8760,20.47300338745117,20.509604202288756,0.03660081483758759
8761,20.45607566833496,20.44673900172711,0.00933666660785093
8762,20.333051681518555,20.405165804277203,0.07211412275864859
8763,20.33209800720215,20.321189580954524,0.010908426247624448
8764,20.295143127441406,20.276071514672367,0.019071612769039348
8765,20.210981369018555,20.238207744114334,0.027226375095779076
8766,20.13516426086425,20.171478948213917,0.03631468734966603
8767,20.077943801879883,20.1013802311536,0.023436429273715476
8768,20.00594139099121,20.042386669501866,0.036445278510655044
8769,19.93107795715332,19.977512922196183,0.04643496504286304
8770,19.932031631469727,19.90707067761832,0.024960953851405066
8771,19.78111267089844,19.87123991966655,0.09012724876810907
8772,19.7908878326416,19.77658686109862,0.014300971542979823
8773,19.708871841430664,19.73220075979043,0.02332891835976625
8774,19.637107849121094,19.672296263706812,0.03518841458571842
8775,19.59705352783203,19.60385217626026,0.006798648428230081
8776,19.49405670166016,19.547141313069005,0.05308461140884546
8777,19.427061080932617,19.471486834390817,0.044425753458199324
8778,19.36197280883789,19.399278690798383,0.037305881960492115
8779,19.275903701782227,19.331624213918985,0.05572051213675877
8780,19.21916007995605,19.257823108091543,0.03866302813549183
8781,19.145965576171875,19.18731115256378,0.041345576391904615
8782,19.138097763061523,19.117885749437846,0.020212013623677194
8783,18.991947174072266,19.074337520123663,0.0823903460513975
8784,19.00005340576172,18.979142861098808,0.02091054466291098
8785,18.91088485717773,18.933593625888534,0.022708768710803184
8786,18.85104179382324,18.866964536755404,0.015922742932165335
8787,18.80788803100586,18.80234952432147,0.005538506684388267
8788,18.7067985534668,18.74671482391932,0.03991627045251889
8789,18.625974655151367,18.66961300515868,0.04363835000731342
8790,18.57995986938477,18.59134788492156,0.011388015536791585
8791,18.52607727050781,18.530366220602446,0.00428895009463659
8792,18.52703094482422,18.473740317631382,0.05329062719283684
8793,18.368959426879883,18.4372258561325,0.06826642925261694
8794,18.379926681518555,18.341799106565304,0.03812757495325059
8795,18.31793785095215,18.296027835276618,0.021910015675530303
8796,18.23902130126953,18.24503829720925,0.006016995939717162
8797,18.19300651550293,18.17917267703706,0.01383383846587094
8798,18.097877502441406,18.119624276550894,0.021746774109487887
8799,18.037080764770508,18.045923212639536,0.008842447869028547
8800,18.001079559326172,17.979027177489115,0.0220523818370566
8801,17.91095733642578,17.927430852523685,0.016473516097903484
8802,17.838001251220703,17.856993802752186,0.018992551531482604
8803,17.770051956176758,17.780987585410912,0.010935629234154476
8804,17.789125442504883,17.71261622525344,0.07650921725144144
8805,17.63176918029785,17.684655263792592,0.05288608349474089
8806,17.64392852783203,17.59059005621566,0.05333847161637095
8807,17.570972442626953,17.546067214198047,0.024905228428906412
8808,17.498016357421875,17.48879304966522,0.00922330775665614
8809,17.431020736694336,17.423121396859642,0.00789933983469382
8810,17.34304428100586,17.355615558471982,0.01257127746612241
8811,17.27890968322754,17.28108852034893,0.0021788371213915525
8812,17.229080200195312,17.212224240097385,0.01685596009792789
8813,17.174959182739258,17.15251480061397,0.02244438212528621
8814,17.138957977294922,17.093667531412393,0.04529044588252873
8815,17.010927200317383,17.040184570078054,0.02925736976067128
8816,16.99090003967285,16.951606083466686,0.0392939562061656
8817,16.928911209106445,16.897258103085733,0.031653106020712585
8818,16.86716079711914,16.84274631872995,0.024414478389189753
8819,16.77703857421875,16.789472322670917,0.012433748452167492
8820,16.746997833251953,16.72217880104654,0.02481903220541426
8821,16.668081283569336,16.67967045466412,0.011589171094783524
8822,16.60609245300293,16.617840109802273,0.011747656799343531
8823,16.554832458496094,16.553833057287193,0.000999401208900963
8824,16.46900177001953,16.485587398875623,0.016585628856091716
8825,16.433000564575195,16.4040785619477,0.028922002627496113
8826,16.352176666259766,16.351861750877106,0.00031491538265981944
8827,16.268014907836914,16.32939161595459,0.06137670811767748
8828,16.26110076904297,16.559709807665968,0.2986090386229989
8829,21.15607261657715,18.33420228877003,2.821870327807119
8830,21.11291885375977,21.05859603079807,0.05432282296169788
8831,21.03710174560547,20.95121502634356,0.08588671926190727
8832,20.930051803588867,20.917399853260576,0.012651950328290695
8833,20.96390724182129,20.814984413391358,0.14892282842993154
8834,20.80702781677246,20.84699581564564,0.03996799887318048
8835,20.79010009765625,20.773037189883325,0.017062907772924518
8836,20.73502540588379,20.757386746481643,0.022361340597853996
8837,20.648956298828125,20.690847979949467,0.04189168112134212
8838,20.58100700378418,20.59383547384641,0.012828470062231645
8839,20.524978637695312,20.561595500112162,0.03661686241684947
8840,20.45297622680664,20.501253299698874,0.048277072892233264
8841,20.390033721923828,20.43369199418521,0.04365827226138208
8842,20.31707763671875,20.365693319490674,0.048615682771924185
8843,20.267009735107425,20.29837700774806,0.031367272640633104
8844,20.18404006958008,20.235744735600747,0.05170466602066526
8845,20.200014114379883,20.16481384407598,0.03520027030390338
8846,20.05195617675781,20.133137925768096,0.08118174901028752
8847,20.058155059814453,20.043926678226853,0.01422838158759987
8848,19.96111869812012,19.998161104467727,0.037042406347605805
8849,19.91486549377441,19.933030968331877,0.018165474557466865
8850,19.77205276489257,19.873670083597972,0.1016173187054008
8851,19.7601318359375,19.77530458179899,0.015172745861491421
8852,19.70195770263672,19.721734397990076,0.019776695353357354
8853,19.61994171142578,19.666671796585433,0.046730085159651935
8854,19.565105438232425,19.593605336922337,0.028499898689911873
8855,19.49095726013184,19.528496315160737,0.03753905502889765
8856,19.442081451416016,19.45860136856936,0.016519917153345887
8857,19.39105987548828,19.40128589694723,0.010226021458947798
8858,19.37103271484375,19.343554170518473,0.027478544325276744
8859,19.27804946899414,19.303216331536532,0.025166862542391755
8860,19.17409896850586,19.232357832152047,0.05825886364618782
8861,19.19698715209961,19.148268998833373,0.048718153266236186
8862,19.109010696411133,19.118138786780037,0.00912809036890394
8863,19.017934799194336,19.05949143383623,0.04155663464189274
8864,18.962860107421875,18.981496946253174,0.01863683883129852
8865,18.88895034790039,18.915545695563196,0.02659534766280558
8866,18.83101463317871,18.849390674404276,0.018376041225565132
8867,18.76401901245117,18.786172227009956,0.022153214558787937
8868,18.687009811401367,18.720696887612576,0.03368707621120848
8869,18.689870834350582,18.64763160097027,0.04223923338031099
8870,18.535137176513672,18.608926606930254,0.07378943041658204
8871,18.52607727050781,18.51557325539943,0.010504015108377729
8872,18.403053283691406,18.46053294138983,0.05747965769842267
8873,18.39900016784668,18.37525349196767,0.02374667587901058
8874,18.301010131835938,18.329391060206035,0.028380928370097536
8875,18.27287673950196,18.25546728991867,0.01740944958329038
8876,18.189191818237305,18.20228101905741,0.013089200820104452
8877,18.16701889038086,18.13223542308151,0.03478346729934856
8878,18.06306838989257,18.084647980458612,0.021579590566041418
8879,18.008947372436523,18.010275278356858,0.0013279059203341603
8880,17.94600486755371,17.943697969712957,0.0023068978407536633
8881,17.882108688354492,17.88195467975129,0.00015400860320369247
8882,17.858028411865234,17.817741510725682,0.040286901139552356
8883,17.752885818481445,17.771806351674968,0.018920533193522715
8884,17.66800880432129,17.69490143283292,0.02689262851163221
8885,17.654895782470703,17.614752441204473,0.04014334126622998
8886,17.516136169433594,17.56847191131783,0.052335741884235176
8887,17.52185821533203,17.478962800282716,0.04289541504931549
8888,17.45295524597168,17.43170103850389,0.021254207467791275
8889,17.394065856933594,17.37403273898508,0.0200331179485147
8890,17.302989959716797,17.312544581045586,0.009554621328788926
8891,17.240047454833984,17.234960566952395,0.005086887881589064
8892,17.178058624267578,17.168142370110218,0.009916254157360527
8893,17.188072204589844,17.103165480762073,0.0849067238277712
8894,17.030000686645508,17.07199974271134,0.04199905606583343
8895,17.028093338012695,16.976789331693,0.05130400631969678
8896,16.947031021118164,16.924438335422565,0.022592685695599357
8897,16.89314842224121,16.86541167782707,0.027736744414141867
8898,16.819000244140625,16.810789797091275,0.008210447049350478
8899,16.746997833251953,16.750022879364224,0.003025046112270502
8900,16.668081283569336,16.696724501230165,0.028643217660828668
8901,16.598939895629883,16.625227794747843,0.026287899117960478
8902,16.559839248657227,16.556145625884255,0.003693622772971139
8903,16.53599739074707,16.49338677222545,0.04261061852162129
8904,16.425132751464844,16.429115664351457,0.003982912886613121
8905,16.424894332885742,16.36452228996177,0.06037204292397291
8906,16.267061233520508,16.337071215502874,0.0700099819823663
8907,16.281843185424805,16.413261387640432,0.1314182022156274
8908,21.192073822021484,17.46677955497944,3.7252942670420452
8909,21.106958389282227,20.915218704885774,0.1917396843964525
8910,21.10791206359864,20.87881082070453,0.22910124289411016
8911,20.982027053833008,20.892729885417793,0.0892971684152144
8912,20.98703384399414,20.835356768202473,0.15167707579166745
8913,20.90096473693848,20.848005954121618,0.05295878281686228
8914,20.823955535888672,20.819010555896966,0.0049449799917056225
8915,20.77198028564453,20.791732460111234,0.019752174466702854
8916,20.6899642944336,20.731078906464973,0.04111461203137168
8917,20.62106132507324,20.63415554994208,0.013094224868840598
8918,20.55883407592773,20.606008078175364,0.04717400224763324
8919,20.493030548095703,20.54004241608709,0.04701186799138668
8920,20.42698860168457,20.474900214594527,0.0479116129099566
8921,20.399093627929688,20.40559714077972,0.006503512850031257
8922,20.322799682617188,20.357254272767022,0.034454590149834985
8923,20.25890350341797,20.29238320665172,0.033479703233751934
8924,20.24698257446289,20.225926886723755,0.021055687739135465
8925,20.1261043548584,20.187493698358594,0.06138934350019554
8926,20.093917846679688,20.10787574999995,0.013957903320260812
8927,20.04098892211914,20.049787090101745,0.008798167982604355
8928,19.92201805114746,19.998458046302403,0.07643999515494215
8929,19.884109497070312,19.912594935249217,0.028485438178904587
8930,19.79613304138184,19.849362746754196,0.05322970537235605
8931,19.726037979125977,19.778980493811105,0.05294251468512812
8932,19.65498924255371,19.706414076154033,0.05142483360032202
8933,19.59013938903809,19.63344514479104,0.04330575575295015
8934,19.546031951904297,19.566531011605548,0.0204990597012511
8935,19.46091651916504,19.50636074252543,0.045444223360391334
8936,19.454002380371094,19.43402088545554,0.01998149491555523
8937,19.331932067871094,19.391431852000096,0.059499784129002364
8938,19.315004348754883,19.30823551992944,0.006768828825443052
8939,19.24419403076172,19.25776780853994,0.013573777778219664
8940,19.1640853881836,19.197114590042474,0.03302920185887359
8941,19.13285255432129,19.12675680296161,0.006095751359680435
8942,19.04892921447754,19.074107943197305,0.025178728719765786
8943,19.00196075439453,19.007154597602494,0.005193843207962345
8944,18.90110969543457,18.948701295812498,0.047591600377927534
8945,18.84293556213379,18.86934107687921,0.026405514745420078
8946,18.769025802612305,18.80299317758727,0.033967374974963604
8947,18.70584487915039,18.73172278033053,0.025877901180137997
8948,18.677949905395508,18.665635794377522,0.012314111017985852
8949,18.56207847595215,18.614876168385308,0.05279769243315968
8950,18.542051315307617,18.530530946236468,0.011520369071149617
8951,18.496990203857425,18.476922387890227,0.020067815967198754
8952,18.44191551208496,18.426675539558346,0.01523997252661502
8953,18.3560848236084,18.372033214745898,0.01594839113749913
8954,18.2950496673584,18.298808564850333,0.0037588974919344764
8955,18.20898056030273,18.234377549106284,0.025396988803553455
8956,18.138885498046875,18.161253946573197,0.022368448526322027
8957,18.121957778930664,18.090684513026645,0.031273265904019354
8958,17.998933792114258,18.046023086981222,0.04708929486696434
8959,18.001079559326172,17.960051220143214,0.04102833918295801
8960,17.942190170288086,17.91528371950335,0.02690645078473608
8961,17.876148223876953,17.862826564851275,0.013321659025677945
8962,17.78388023376465,17.800879169271866,0.01699893550721754
8963,17.740964889526367,17.722907806955845,0.018057082570521743
8964,17.663955688476562,17.665604735839224,0.001649047362661804
8965,17.58885383605957,17.599182265939817,0.010328429880246404
8966,17.566919326782227,17.528001353412037,0.03891797337018943
8967,17.503976821899414,17.480133223671146,0.023843598228268092
8968,17.420053482055664,17.422024454845086,0.001970972789422376
8969,17.416954040527344,17.3501313511224,0.06682268940494396
8970,17.258882522583008,17.310298748952846,0.051416226369838114
8971,17.27008819580078,17.214668815427103,0.055419380373677996
8972,17.18306541442871,17.169975047522712,0.013090366905998962
8973,17.1201229095459,17.106549645745872,0.013573263800026325
8974,17.015933990478516,17.040161696172618,0.024227705694102042
8975,17.004966735839844,16.953730005184298,0.051236730655546125
8976,16.930103302001953,16.908892793594532,0.021210508407421003
8977,16.874074935913086,16.848534841187757,0.025540094725329254
8978,16.77107810974121,16.793365746252675,0.02228763651146437
8979,16.714096069335938,16.723167992722665,0.009071923386727576
8980,16.64900779724121,16.66440819735726,0.01540040011605015
8981,16.65186882019043,16.600562518988227,0.05130630120220303
8982,16.529083251953125,16.565648099742702,0.03656484778957747
8983,16.520977020263672,16.476423844238752,0.044553176024919594
8984,16.443967819213867,16.416649700090602,0.027318119123265205
8985,16.40009880065918,16.36581282230054,0.03428597835863911
8986,16.28899574279785,16.333114721106767,0.04411897830891576
8987,16.25204086303711,16.445440469027517,0.1933996059904075
8988,21.1489200592041,18.47129473685527,2.677625322348831
8989,21.160125732421875,20.867257906502346,0.2928678259195294
8990,21.02804183959961,20.90162708054777,0.12641475905184052
