SN,Actual IP Delay (ms),Predicted IP Delay (ms),Absolute Difference (ms)
1,19.09494400024414,19.04133545303921,0.0536085472049308
2,19.09494400024414,18.966165355323028,0.12877864492111257
3,18.95904541015625,18.895964958943523,0.06308045121272698
4,18.939971923828125,18.826120956163095,0.11385096766503011
5,18.861055374145508,18.756429161385313,0.1046262127601949
6,18.82004737854004,18.6867378745319,0.1333095040081389
7,18.74995231628418,18.616953468210795,0.13299884807338458
8,18.69416236877441,18.54700940432963,0.147152964444782
9,18.630027770996094,18.476846086429077,0.15318168456701642
10,18.55087280273437,18.40638647931314,0.1444863234212299
11,18.474817276000977,18.335584192556098,0.1392330834448785
12,18.3868408203125,18.2649032997233,0.12193752058919927
13,18.32890510559082,18.195361342634442,0.1335437629563785
14,18.339157104492188,18.126593292976168,0.21256381151602
15,18.193960189819336,18.05845997947131,0.1355002103480274
16,18.19014549255371,17.990899773963065,0.199245718590646
17,18.12291145324707,17.923815662896914,0.19909579035015668
18,18.039941787719727,17.857169721253285,0.18277206646644117
19,17.969131469726562,17.79089270200984,0.17823876771672076
20,17.911195755004883,17.724938891973352,0.18625686303153088
21,17.82512664794922,17.659221436076677,0.16590521187254126
22,17.863988876342773,17.593760989910834,0.2702278864319396
23,17.694950103759766,17.52846621174342,0.16648389201634473
24,17.70305633544922,17.4633327842173,0.23972355123191846
25,17.635822296142578,17.398343691866103,0.23747860427647538
26,17.54903793334961,17.333453729420967,0.21558420392864264
27,17.48490333557129,17.2686732246774,0.2162301108938891
28,17.4100399017334,17.205179292361095,0.20486060937230377
29,17.366886138916016,17.14389567759156,0.2229904613244571
30,17.26388931274414,17.083998696350022,0.1798906163941183
31,17.194032669067383,17.023103389760763,0.17092927930661972
32,17.18282699584961,16.959655509253935,0.22317148659567465
33,17.060041427612305,16.89256018152463,0.16748124608767512
34,17.05002784729004,16.821702150068063,0.22832569722197604
35,16.978979110717773,16.74455055473345,0.23442855598432288
36,16.916990280151367,16.660205226557423,0.2567850535939442
37,16.849994659423828,16.57544424693924,0.27455041248458656
38,16.791105270385742,16.499181498087268,0.29192377229847466
39,16.76011085510254,16.436374321845193,0.3237365332573461
40,16.665935516357422,16.39214124138988,0.2737942749675426
41,16.579866409301758,16.385162656845864,0.19470375245589366
42,16.502857208251953,16.467333560797215,0.03552364745473824
43,16.451120376586914,16.762275549119465,0.3111551725325512
44,16.453027725219727,17.43253292769964,0.9795052024799134
45,16.295909881591797,18.899477255956754,2.6035673743649568
46,16.295909881591797,20.191818688203966,3.8959088066121694
47,16.231060028076172,20.425268855092327,4.194208827016155
48,21.198034286499023,20.37859940958242,0.8194348769166027
49,21.10600471496582,20.32722455271596,0.7787801622498591
50,21.02804183959961,20.26932862418107,0.7587132154185383
51,21.010875701904297,20.196193610104274,0.814682091800023
52,20.88594436645508,20.131480659301815,0.7544637071532669
53,20.865917205810547,20.06839442094588,0.7975227848646682
54,20.81608772277832,20.000470033664897,0.8156176891134237
55,20.70903778076172,19.929129685692715,0.779908095069004
56,20.647048950195312,19.854544039617394,0.792504910577918
57,20.59412002563477,19.777055775080044,0.8170642505547256
58,20.5068588256836,19.698118910241647,0.8087399154419543
59,20.45297622680664,19.61800501533162,0.8349712114750218
60,20.38502693176269,19.536669393005468,0.8483575387572238
61,20.39194107055664,19.45501750310541,0.9369235674512311
62,20.25794982910156,19.37357623251046,0.8843735965911002
63,20.273923873901367,19.29257245410554,0.9813514197958284
64,20.19500732421875,19.212097255660865,0.9829100685578851
65,20.094871520996094,19.1322288575293,0.9626426634667951
66,20.02215385437012,19.053483649486225,0.968670204883896
67,19.968032836914062,18.976530737234043,0.9915020996800195
68,19.91820335388184,18.901245848610415,1.0169575052714244
69,19.85383033752441,18.82784417423977,1.0259861632846388
70,19.77801322937012,18.756091560987898,1.0219216683822232
71,19.7451114654541,18.68551682434827,1.0595946411058321
72,19.630908966064453,18.615991628763595,1.014917337300858
73,19.631147384643555,18.547117084295905,1.0840303003476492
74,19.53411102294922,18.478644138696154,1.0554668842530646
75,19.4699764251709,18.409841550180772,1.0601348749901263
76,19.41514015197754,18.339881402027913,1.0752587499496258
77,19.31095123291016,18.269368124236962,1.0415831086731977
78,19.268035888671875,18.19979569168595,1.0682401969859256
79,19.175052642822266,18.130984807072537,1.044067835749729
80,19.124984741210938,18.062811875466878,1.06217286574406
81,19.05512809753418,17.99518496255814,1.059943134976038
82,18.997907638549805,17.928040408492052,1.0698672300577527
83,18.989086151123047,17.861313029641224,1.1277731214818232
84,18.85104179382324,17.794947292941288,1.056094500881951
85,18.83816719055176,17.72889680796652,1.1092703825852404
86,18.77093315124512,17.66311789322117,1.107815258023951
87,18.719911575317383,17.597572115761295,1.1223394595560876
88,18.62478256225586,17.532221973837636,1.0925605884182232
89,19.6380615234375,17.467046727205116,2.1710147962323845
90,18.535852432250977,17.40200988996321,1.1338425422877663
91,18.43094825744629,17.337089028785613,1.0938592286606763
92,18.40686798095703,17.27228016493143,1.1345878160256007
93,18.290042877197266,17.208686510130633,1.0813563670666326
94,18.26190948486328,17.14718245618485,1.1147270286784305
95,18.22090148925781,17.0872857289055,1.1336157603523098
96,18.07212829589844,17.026531540636825,1.0455967552616166
97,18.080949783325195,16.96325550787492,1.117694275450276
98,17.99607276916504,16.896320218648953,1.0997525505160866
99,17.95792579650879,16.825784973129032,1.132140823379757
100,17.917871475219727,16.748999633591666,1.1688718416280608
101,17.835140228271484,17.817175079187564,0.01796514908392055
102,17.753124237060547,17.749991584253166,0.0031326528073805093
103,17.66800880432129,17.684238404342523,0.016229600021233637
104,17.62700080871582,17.618734107372802,0.008266701343018212
105,17.60411262512207,17.553452281276805,0.05066034384526574
106,17.49587059020996,17.488361265435515,0.007509324774446213
107,17.462968826293945,17.423432023505825,0.03953680278812044
108,17.4100399017334,17.35859987978472,0.051440021948678805
109,17.316818237304688,17.293826232020137,0.022992005284550032
110,17.244815826416016,17.22973354152657,0.015082284889444963
111,17.1968936920166,17.167412829849127,0.029480862167474697
112,17.117977142333984,17.10758018569436,0.010396956639624477
113,17.055988311767578,17.0476368140271,0.008351497740477498
114,17.000198364257812,16.98532609152892,0.014872272728894131
115,16.90196990966797,16.919862259200613,0.017892349532644403
116,16.854047775268555,16.850732652045508,0.003315123223046612
117,16.77703857421875,16.77650585453705,0.0005327196817006552
118,16.715049743652344,16.695465039980206,0.019584703672137493
119,16.711950302124023,16.61028828193878,0.10166202018524473
120,16.627073287963867,16.528251512347936,0.09882177561593153
121,16.60299301147461,16.45966201926896,0.14333099220564804
122,16.541004180908203,16.407912695161286,0.13309148574691676
123,16.463041305541992,16.384071106212872,0.0789701993291203
124,16.4029598236084,16.41419072501904,0.011230901410641536
125,16.325950622558594,16.611205424041486,0.2852548014828926
126,16.246795654296875,17.128836651238544,0.8820409969416687
127,16.184091567993164,18.21705716275801,2.032965594764846
128,21.162033081054688,19.775431094330997,1.38660198672369
129,21.08001708984375,20.34819573407276,0.7318213557709896
130,21.02208137512207,20.347807002622176,0.6742743724998945
131,20.92909812927246,20.303251876953254,0.6258462523192065
132,20.884990692138672,20.251320334978118,0.633670357160554
133,20.792007446289062,20.184608193858367,0.6073992524306959
134,20.743846893310547,20.11424102897763,0.6296058643329161
135,20.661115646362305,20.053873201845818,0.607242444516487
136,20.651817321777344,19.98762631944828,0.664191002329062
137,20.51401138305664,19.917091878141946,0.5969195049146947
138,20.55191993713379,19.843362253936903,0.7085576831968865
139,20.399093627929688,19.767418756714505,0.6316748712151821
140,20.40314674377441,19.68945372050257,0.7136930232718406
141,20.3249454498291,19.609857231216665,0.7150882186124363
142,20.25699615478516,19.53048896928067,0.7265071855044916
143,20.16186714172364,19.450595852163133,0.7112712895605071
144,20.13397216796875,19.36991375919206,0.7640584087766911
145,20.04098892211914,19.28942129131883,0.7515676308003094
146,19.97900009155273,19.209423203164988,0.7695768883877427
147,19.917011260986328,19.1297769372909,0.7872343236954293
148,19.83809471130371,19.050880029169548,0.787214682134163
149,19.787073135375977,18.973734444273305,0.8133386911026719
150,19.79708671569824,18.898066919291523,0.8990197964067157
151,19.63496208190918,18.824159690865372,0.8108023910438078
152,19.654035568237305,18.75192014745153,0.9021154207857762
153,19.55413818359375,18.680959218983162,0.8731789646105881
154,19.48785781860352,18.610955220026426,0.8769025985770931
155,19.4089412689209,18.541609998976583,0.8673312699443159
156,19.34409141540528,18.472927619228585,0.8711637961766954
157,19.29306983947754,18.404241345393757,0.8888284940837821
158,19.203901290893555,18.334540069361083,0.869361221532472
159,19.137859344482425,18.264302255886378,0.8735570885960477
160,19.079923629760746,18.19483513298792,0.885088496772827
161,18.98789405822754,18.126093495396844,0.8618005628306946
162,18.999099731445312,18.057976604779924,0.9411231266653886
163,18.85509490966797,17.990396928837527,0.8646979808304422
164,18.88298988342285,17.92328996117476,0.9596999222480918
165,18.78595352172852,17.856599491494762,0.9293540302337568
166,18.722057342529297,17.79026524610572,0.9317920964235782
167,18.665075302124023,17.724241850430644,0.9408334516933792
168,18.60904693603516,17.658486300206278,0.9505606358288823
169,18.52297782897949,17.592956607018095,0.9300212219613933
170,18.436908721923828,17.527620856284898,0.9092878656389303
171,18.377065658569336,17.462459662226593,0.9146059963427433
172,18.377065658569336,17.39743399932081,0.9796316592485255
173,18.24307441711425,17.33252168820343,0.9105527289108224
174,18.25690269470215,17.2677223902582,0.9891803044439484
175,18.168926239013672,17.204254192776602,0.9646720462370695
176,18.09215545654297,17.143019592708697,0.9491358638342717
177,18.03207397460937,17.083148176993745,0.948925797615626
178,17.966032028198242,17.022257187761625,0.9437748404366175
179,17.963171005249023,16.958765625759042,1.004405379489981
180,17.86184310913086,16.891617219933153,0.9702258891977067
181,17.83299446105957,16.820669328190263,1.0123251328693073
182,17.77195930480957,16.743424020809528,1.0285352840000428
183,17.698049545288086,16.658937108715577,1.039112436572509
184,17.653942108154297,16.574290962331872,1.0796511458224245
185,17.575979232788086,16.498180273337937,1.0777989594501491
186,17.518997192382812,16.435561685181455,1.083435507201358
187,17.457962036132812,16.391798688729864,1.0661633474029486
188,17.384052276611328,16.38549759064034,0.9985546859709871
189,17.322063446044922,16.469887912450076,0.8521755335948455
190,17.267942428588867,16.767843373727942,0.5000990548609252
191,17.173051834106445,17.445201577316993,0.27214974321054797
192,17.126083374023438,18.919241270396014,1.793157896372577
193,17.125844955444336,20.199663072162366,3.07381811671803
194,16.9830322265625,20.425165915753496,3.442133689190996
195,16.955137252807617,20.37778876228913,3.4226515094815113
196,16.888856887817383,20.326316383943777,3.437459496126394
197,16.82305335998535,20.268316838837563,3.445263478852212
198,16.758203506469727,20.19501251663769,3.4368090101679627
199,16.668081283569336,20.130509507907846,3.4624282243385096
200,16.629934310913086,20.067416497226986,3.4374821863139005
201,16.58010482788086,16.498410553548837,0.08169427433202259
202,16.507863998413086,16.434870992693362,0.07299300571972367
203,16.424894332885742,16.393143312679825,0.0317510202059168
204,16.34502410888672,16.389854100282264,0.04482999139554522
205,16.340970993041992,16.491819197845814,0.15084820480382177
206,16.195058822631836,16.835080031412986,0.6400212087811497
207,21.183013916015625,17.755653586505105,3.4273603295105204
208,21.095991134643555,19.360914693834275,1.73507644080928
209,21.038055419921875,20.331361088778976,0.7066943311428986
210,20.971059799194336,20.424367458645065,0.5466923405492707
211,20.89476585388184,20.37306709735276,0.52169875652908
212,20.840883255004883,20.319774318068085,0.5211089369367983
213,20.75982093811035,20.257969403587595,0.501851534522757
214,20.692110061645508,20.183239506991413,0.508870554654095
215,20.669937133789062,20.122439605529507,0.5474975282595551
216,20.56097984313965,20.058671394053817,0.5023084490858309
217,20.539045333862305,19.99004065328336,0.5490046805789461
218,20.47300338745117,19.918021041121392,0.5549823463297763
219,20.413875579833984,19.842995871158564,0.5708797086754203
220,20.339012145996094,19.765303082408536,0.5737090635875575
221,20.264863967895508,19.68578515209174,0.5790788158037685
222,20.194053649902344,19.605229024364235,0.5888246255381091
223,20.13397216796875,19.523383445971376,0.6105887219973738
224,20.116090774536133,19.441659769427133,0.6744310051089997
225,19.97709274291992,19.359896813398336,0.6171959295215821
226,19.97995376586914,19.278373597671816,0.7015801681973244
227,19.90008354187012,19.197732815882773,0.7023507259873476
228,19.82998847961425,19.11759995846296,0.7123885211512899
229,19.761085510253903,19.038889289276995,0.7221962209769082
230,19.67978477478028,18.962357954251274,0.7174268205290062
231,19.623994827270508,18.887753176358046,0.7362416509124614
232,19.627094268798828,18.81470349357528,0.8123907752235482
233,19.477128982543945,18.743511628827036,0.7336173537169088
234,19.43087577819824,18.673416372791962,0.7574594054062764
235,19.36793327331543,18.604071490358365,0.7638617829570649
236,19.34695243835449,18.53529412875332,0.8116583096011674
237,19.232988357543945,18.466880948921016,0.7661074086229291
238,19.21296119689941,18.397833710167788,0.8151274867316225
239,19.16122436523437,18.32761502851099,0.8336093367233808
240,20.01309394836425,18.257242953694686,1.755850994669565
241,18.99385452270508,18.18780732210712,0.8060472005979626
242,18.963098526000977,18.119111905633645,0.8439866203673319
243,18.890857696533203,18.05103717273937,0.8398205237938328
244,18.82410049438477,17.983497284205896,0.8406032101788732
245,18.756866455078125,17.916429765335806,0.8404366897423188
246,18.687009811401367,17.849767570112363,0.8372422412890046
247,18.620014190673828,17.783460075406765,0.836554115267063
248,18.6159610748291,17.717459367020183,0.8985017078089186
249,18.48483085632324,17.651722440689355,0.8331084156338839
250,18.48697662353516,17.586208239194434,0.9007683843407257
251,18.39685440063477,17.520883578143298,0.8759708224914711
252,18.323183059692383,17.455732796534562,0.8674502631578207
253,18.2490348815918,17.390718307964903,0.8583165736268974
254,18.177032470703125,17.32581471621586,0.8512177544872657
255,18.124818801879883,17.261032264428877,0.8637865374510056
256,18.103837966918945,17.19774945934205,0.9060885075768965
257,18.004894256591797,17.136916204179897,0.8679780524118996
258,17.945051193237305,17.07708237486827,0.8679688183690359
259,17.872095108032227,17.015996850602733,0.856098257429494
260,17.891883850097656,16.95224506201498,0.9396387880826751
261,17.704010009765625,16.88461459363566,0.8193954161299644
262,17.70305633544922,16.813205972162848,0.8898503632863708
263,17.635822296142578,16.735096939392236,0.9007253567503426
264,17.612934112548828,16.649900118338223,0.9630339942106048
265,17.589092254638672,16.56592316231098,1.0231690923276915
266,17.472028732299805,16.490814608097537,0.9812141242022676
267,17.371177673339844,16.43018153862741,0.9409961347124352
268,17.314910888671875,16.390146791700033,0.9247640969718418
269,17.245054244995117,16.38833432707898,0.8567199179161378
270,17.222166061401367,16.489713660863714,0.7324524005376531
271,17.088890075683594,16.815312673138294,0.2735774025452997
272,17.07005500793457,17.55373214760425,0.4836771396696804
273,17.024993896484375,19.090667099476377,2.065673202992002
274,16.96610450744629,20.260809716660333,3.294705209214044
275,16.8759822845459,20.420239049371958,3.5442567648260592
276,16.808032989501953,20.369665358543898,3.561632369041945
277,16.757965087890625,20.318045343515223,3.560080255624598
278,16.691923141479492,20.25889856656704,3.5669754250875485
279,16.618967056274414,20.184918366339843,3.5659513100654294
280,16.53909683227539,20.122151781720277,3.583054949444886
281,16.468048095703125,20.058769592765202,3.590721497062077
282,16.409873962402344,19.990763937585143,3.5808899751827994
283,16.335010528564453,19.91904501664976,3.584034488085308
284,16.31903648376465,19.844615811280164,3.5255793275155156
285,16.261816024780273,19.767453295571613,3.5056372707913397
286,21.18802070617676,19.688502208850878,1.4995184973258837
287,21.06785774230957,19.608298242019373,1.4595595002901973
288,21.03710174560547,19.526904377698884,1.510197367906585
289,21.00801467895508,19.445392674924733,1.5626220040303487
290,20.89405059814453,19.364126130312798,1.5299244678317336
291,20.884037017822266,19.283192784087078,1.600844233735188
292,20.81894874572754,19.20278564750788,1.6161630982196584
293,20.75815200805664,19.122969396278222,1.6351826117784185
294,20.65396308898925,19.04430681059921,1.609656278390041
295,20.59602737426757,18.967488498304874,1.6285388759626969
296,20.5230712890625,18.89238256836734,1.6306887206951615
297,20.457983016967773,18.81912412866882,1.6388588882989552
298,20.407915115356445,18.747441608979898,1.6604735063765474
299,20.322084426879883,18.6771018720151,1.6449825548647823
300,20.26987075805664,18.607650325463965,1.662220432592676
301,20.305156707763672,20.077742938269694,0.22741376949397818
302,20.132064819335938,19.97006432645776,0.1620004928781782
303,20.125865936279297,19.872475801548717,0.25339013473058003
304,20.050048828125,19.77697518441346,0.2730736437115411
305,19.999027252197266,19.683467662503062,0.31555958969420317
306,19.91415023803711,19.592022313531743,0.32212792450536654
307,19.85001564025879,19.50360148487107,0.3464141553877198
308,19.783973693847656,19.418423922616057,0.36554977123159915
309,19.72484588623047,19.336705663931752,0.38814022229871625
310,19.64998245239257,19.25817784751871,0.3918046048738617
311,19.58513259887696,19.18252420580302,0.40260839307394036
312,19.50693130493164,19.109395964051146,0.3975353408804949
313,19.45996284484864,19.038487690409056,0.42147515443958383
314,19.37484741210937,18.96950885213755,0.40533855997182044
315,19.30880546569824,18.902127774623523,0.40667769107471585
316,19.243955612182617,18.835257330408695,0.40869828177392264
317,19.25802230834961,18.766473535094974,0.4915487732546353
318,19.09208297729492,18.697364668184946,0.3947183091099724
319,19.09494400024414,18.627968824006302,0.46697517623783824
320,19.03510093688965,18.558258405334982,0.4768425315546665
321,19.02484893798828,18.488235105252215,0.5366138327360659
322,18.94402503967285,18.417819348940156,0.5262056907326951
323,18.867969512939453,18.34700199376016,0.520967519179294
324,18.780946731567383,18.276013806683977,0.5049329248834056
325,18.725156784057617,18.20618080893155,0.5189759751260681
326,18.64910125732422,18.137144744514444,0.5119565128097747
327,18.589019775390625,18.068777447183493,0.5202423282071322
328,18.51892471313477,18.00097953307045,0.51794518006432
329,18.474817276000977,17.93366330056756,0.5411539754334171
330,18.40400695800781,17.866779819627254,0.5372271383805547
331,18.393993377685547,17.800261536308426,0.5937318413771209
332,18.264055252075195,17.734132830980798,0.5299224210943976
333,18.2490348815918,17.6683029544904,0.5807319271014002
334,18.19896697998047,17.602722553519357,0.5962444264611122
335,18.16701889038086,17.53735438028059,0.6296645101002696
336,18.060922622680664,17.47216821327413,0.5887544094065333
337,18.00990104675293,17.40713662458404,0.6027644221688888
338,17.914772033691406,17.342225583277582,0.5725464504138245
339,17.85588264465332,17.277431703192292,0.5784509414610284
340,17.796993255615234,17.21371792427817,0.5832753313370631
341,17.699003219604492,17.151934765891497,0.5470684537129955
342,17.64702796936035,17.092042863893653,0.5549851054666988
343,17.622947692871094,17.031497009270424,0.5914506836006694
344,17.490863800048828,16.968485435796765,0.522378364252063
345,17.5020694732666,16.9018747948968,0.6001946783698031
346,17.41504669189453,16.831650737707093,0.5833959541874378
347,17.359018325805664,16.755537678399435,0.6034806474062293
348,17.28987693786621,16.672352788098976,0.6175241497672346
349,17.21501350402832,16.587339327742257,0.6276741762860638
350,17.184972763061523,16.50926479150172,0.6757079715598024
351,17.193078994750977,16.444492350057516,0.7485866446934608
352,17.01498031616211,16.397238601051356,0.6177417151107534
353,16.999006271362305,16.38234424801155,0.6166620233507558
354,16.922950744628906,16.4443330311137,0.4786177135152059
355,16.85190200805664,16.705872537286837,0.146029470769804
356,16.788959503173828,17.306794895631583,0.517835392457755
357,16.700029373168945,18.660909412432147,1.960880039263202
358,16.659975051879883,20.07788854325554,3.417913491375657
359,16.56317710876465,20.41401866893011,3.8508415601654633
360,16.52693748474121,20.37649524822882,3.84955776348761
361,16.420841217041016,20.327539465824884,3.9066982487838686
362,16.38317108154297,20.27150863557381,3.8883375540308407
363,16.366004943847656,20.200364007791904,3.834359063944248
364,16.254901885986328,20.133182544554984,3.878280658568656
365,16.242027282714844,20.070735613671786,3.8287083309569425
366,21.164894104003903,20.003563631689758,1.1613304723141447
367,21.08979225158692,19.93250027180693,1.1572919797799912
368,21.091938018798828,19.857546211255794,1.2343918075430338
369,20.94101905822754,19.780289560230813,1.1607294979967264
370,20.95794677734375,19.701652032154016,1.2562947451897344
371,20.853042602539062,19.62154152340645,1.231501079132613
372,20.821094512939453,19.54055264411636,1.280541868823093
373,20.72906494140625,19.459107310126456,1.2699576312797944
374,20.64990997314453,19.37752991580055,1.2723800573439803
375,20.61700820922852,19.296503111490892,1.3205050977376267
376,20.54595947265625,19.21617047048585,1.3297890021704006
377,20.49112319946289,19.136406704774345,1.354716494688546
378,20.4160213470459,19.05767842754358,1.35834291950232
379,20.34592628479004,18.98061902048198,1.3653072643080577
380,20.28894424438477,18.9051363799706,1.3838078644141696
381,20.188093185424805,18.831586053067895,1.35650713235691
382,20.207881927490234,18.75965566628679,1.4482262612034447
383,20.085811614990234,18.68899559835313,1.3968160166371035
384,20.094871520996094,18.619258428998364,1.4756130919977295
385,20.01619338989257,18.55030278593972,1.4658906039528503
386,19.932985305786133,18.481776677589323,1.4512086281968095
387,19.871950149536133,18.41305603420551,1.4588941153306223
388,19.791841506958008,18.343207798722005,1.4486337082360023
389,19.72198486328125,18.27268876445487,1.4492960988263803
390,19.6528434753418,18.203086025749826,1.4497574495919743
391,19.566059112548828,18.134246020139244,1.431813092409584
392,19.55795288085937,18.066047523007,1.4919053578523709
393,19.451141357421875,17.998397584193526,1.4527437732283488
394,19.45996284484864,17.931232035920175,1.528730808928465
395,19.381999969482425,17.864487387640793,1.5175125818416326
396,19.30999755859375,17.798106582517903,1.511890976075847
397,19.21892166137696,17.732042214277044,1.4868794470999163
398,19.15788650512696,17.666254495509293,1.4916320096176676
399,19.10185813903809,17.600699829372957,1.5011583096651329
400,19.03605461120605,17.53534147600533,1.5007131352007228
401,18.937110900878903,18.918832560586907,0.01827834029199593
402,18.893957138061523,18.845806411633248,0.04815072642827545
403,18.83387565612793,18.775683727682235,0.05819192844569443
404,18.76497268676757,18.705728320156823,0.0592443666107485
405,18.680810928344727,18.63578662658938,0.04502430175534755
406,18.68414878845215,18.56575655418169,0.11839223427045908
407,18.557071685791016,18.4955592053484,0.061512480442615924
408,18.555164337158203,18.42510484678428,0.13005949037392384
409,18.48292350769043,18.354328972094436,0.12859453559599388
410,18.42212677001953,18.283269336990315,0.13885743302921583
411,18.35799217224121,18.213439556092226,0.14455261614898518
412,18.286943435668945,18.144488315044782,0.1424551206241631
413,18.22495460510254,18.076184508259985,0.14877009684255427
414,18.15009117126465,18.00850257021125,0.14158860105339954
415,18.1570053100586,17.941295202831498,0.21571010722710326
416,18.004894256591797,17.874527359339254,0.1303668972525429
417,18.006086349487305,17.808152649308795,0.19793370017850975
418,17.959117889404297,17.74211553967575,0.2170023497285456
419,17.8680419921875,17.676371671711877,0.19167032047562316
420,17.813920974731445,17.610859755876618,0.20306121885482753
421,17.724037170410156,17.545550163248436,0.1784870071617206
422,17.66514778137207,17.480425539744715,0.1847222416273553
423,17.59505271911621,17.41541562249438,0.17963709662183192
424,17.547130584716797,17.350539374007212,0.19659121070958463
425,17.482995986938477,17.28571078575669,0.19728520118178494
426,17.431974411010742,17.221755658113125,0.21021875289761738
427,17.419815063476562,17.159547536337527,0.26026752713903534
428,17.29297637939453,17.099685347915283,0.19329103147924798
429,17.257213592529297,17.03938236579461,0.21783122673468824
430,17.18616485595703,16.976629833749257,0.2095350222077741
431,17.13705062866211,16.910435944794244,0.2266146838678651
432,17.073869705200195,16.84062902049277,0.23324068470742532
433,16.997098922729492,16.765341465266204,0.23175745746328857
434,16.93105697631836,16.683128742208453,0.2479282341099065
435,16.85309410095215,16.59800125283084,0.2550928481213077
436,16.79086685180664,16.518864456262605,0.2720023955440354
437,16.720056533813477,16.45200908047073,0.2680474533427457
438,16.654014587402344,16.402562748943694,0.2514518384586495
439,16.633987426757812,16.38272074695024,0.25126667980757134
440,16.542911529541016,16.425718470685524,0.11719305885549147
441,18.55778694152832,16.655047677858192,1.902739263670128
442,16.46900177001953,17.207388678713187,0.7383869086936556
443,16.387939453125,18.449281538835294,2.0613420857102938
444,16.315937042236328,19.9518366139273,3.6358995716909703
445,16.229867935180664,20.39618442847768,4.166316493297018
446,21.151065826416016,20.369955891283098,0.7811099351329176
447,21.08001708984375,20.322674227600146,0.757342862243604
448,21.01898193359375,20.268230153078548,0.750751780515202
449,21.009206771850582,20.198744744902797,0.8104620269477856
450,20.879030227661133,20.12986275087769,0.7491674767834411
451,20.877838134765625,20.068372749506125,0.8094653852595002
452,20.841121673583984,20.00186242366908,0.8392592499149032
453,20.74599266052246,19.930638559685576,0.8153541008368848
454,20.661115646362305,19.85599534884841,0.8051202975138949
455,20.57099342346192,19.77922021012546,0.7917732133364623
456,20.509004592895508,19.70074386338183,0.8082607295136768
457,20.51091194152832,19.620762028807803,0.890149912720517
458,20.374059677124023,19.54003930188719,0.8340203752368325
459,20.38121223449707,19.459005048020117,0.9222071864769532
460,20.24698257446289,19.37741478627686,0.869567788186032
461,20.23506164550781,19.296425229754277,0.9386364157535318
462,20.16210556030273,19.21627679598714,0.9458287643155892
463,20.06697654724121,19.136630191496806,0.9303463557444047
464,20.020008087158203,19.05798656832758,0.9620215188306247
465,20.025968551635746,18.980914293848627,1.0450542577871182
466,20.48492431640625,18.905266069992877,1.5796582464133735
467,19.84715461730957,18.831578942126725,1.0155756751828449
468,19.819974899291992,18.759505151365374,1.0604697479266179
469,19.73795890808105,18.688718948880023,1.049239959201028
470,19.662857055664062,18.618857168746672,1.0439998869173905
471,19.55604553222656,18.54974965630163,1.0062958759249305
472,19.54197883605957,18.481179866455477,1.0607989696040931
473,19.489049911499023,18.41250578280551,1.076544128693513
474,19.41394805908203,18.342733566669267,1.0712144924127642
475,19.324064254760746,18.272278192256408,1.0517860625043376
476,19.26898956298828,18.202691537823057,1.0662980251652243
477,19.20008659362793,18.133860336234875,1.0662262573930548
478,19.1950798034668,18.065668780735678,1.129411022731123
479,19.04606819152832,17.99802425978214,1.0480439317461787
480,19.0579891204834,17.93086260559562,1.1271265148877774
481,18.92995834350586,17.86412235932744,1.0658359841784204
482,18.92304420471192,17.79774494036701,1.1252992643449105
483,18.84293556213379,17.731683619672367,1.111251942461422
484,18.78881454467773,17.66589776329397,1.1229167813837613
485,18.7070369720459,17.600345552125418,1.1066914199204803
486,18.66006851196289,17.53498829926059,1.1250802127023007
487,18.557071685791016,17.469806703573454,1.0872649822175617
488,18.49198341369629,17.404764871741918,1.0872185419543712
489,18.440961837768555,17.339839693207182,1.1011221445613728
490,18.376827239990234,17.27502371841183,1.1018035215784039
491,18.316030502319336,17.21135387495565,1.1046766273636877
492,18.30983161926269,17.149688470368574,1.160143148894118
493,18.16010475158692,17.08978014548279,1.0703246061041298
494,18.15509796142578,17.029101130020763,1.1259968314050184
495,18.069982528686523,16.96596934777972,1.1040131809068043
496,18.013954162597656,16.899193208189445,1.1147609544082115
497,17.974853515625,16.828816604380847,1.1460369112441526
498,17.882108688354492,16.752368314989496,1.1297403733649958
499,17.858028411865234,16.66892387533636,1.1891045365288733
500,17.795085906982422,16.58390542039001,1.2111804865924114
501,17.71092414855957,17.687713961493046,0.023210187066524668
502,17.650842666625977,17.62046172746068,0.030380939165297605
503,17.590999603271484,17.554752483007974,0.036247120263510624
504,17.583131790161133,17.489306766648838,0.09382502351229505
505,17.500877380371094,17.424096811851086,0.07678056852000736
506,17.468929290771484,17.35908249258955,0.10984679818193399
507,17.312049865722656,17.294233418056137,0.017816447666518798
508,17.306089401245117,17.230050740295155,0.07603866094996192
509,17.21501350402832,17.167654178578573,0.0473593254497473
510,17.162799835205078,17.107702002888914,0.055097832316164386
511,17.083168029785156,17.047603629634978,0.0355644001501787
512,17.01211929321289,16.985323043982703,0.02679624923018764
513,16.933917999267578,16.919739087541075,0.01417891172650343
514,16.875028610229492,16.850431622202677,0.02459698802681487
515,16.78299903869629,16.776027389781234,0.006971648915055084
516,16.785860061645508,16.694844398728037,0.09101566291747076
517,16.716957092285156,16.609565166945117,0.10739192534003905
518,16.642093658447266,16.52967353127366,0.11242012717360694
519,16.582965850830078,16.460999892057515,0.121965958772563
520,16.555070877075195,16.408846238988417,0.1462246380867782
521,16.471147537231445,16.38415516769598,0.08699236953546574
522,16.40605926513672,16.412072828543955,0.006013563407236688
523,16.328096389770508,16.600100758211056,0.2720043684405482
524,16.2508487701416,17.08793231662753,0.8370835464859283
525,21.22783660888672,18.10929186518706,3.1185447436996583
526,21.14105224609375,19.6709889765998,1.4700632694939486
527,21.078109741210938,20.331566290224146,0.7465434509867919
528,20.966053009033203,20.334433692596576,0.6316193164366268
529,20.96390724182129,20.291850667945255,0.6720565738760342
530,20.87712287902832,20.24024216586895,0.6368807131593712
531,20.81298828125,20.17442871226649,0.63855956898351
532,20.74885368347168,20.103515020764462,0.6453386627072177
533,20.68114280700684,20.04359619877505,0.6375466082317907
534,20.60699462890625,19.97788500727893,0.6291096216273218
535,20.62201499938965,19.907861199271792,0.714153800117856
536,20.48206329345703,19.834612410136288,0.6474508833207437
537,20.47085762023925,19.760005092621213,0.7108525276180373
538,20.400047302246094,19.68388957834577,0.7161577239003236
539,20.31707763671875,19.606107394906758,0.7109702418119923
540,20.25985717773437,19.527442100297776,0.7324150774365954
541,20.2028751373291,19.447916720423564,0.7549584169055379
542,20.09797096252441,19.36769243661729,0.7302785259071207
543,20.032167434692383,19.287503368900616,0.7446640657917669
544,19.98686790466309,19.20766917100991,0.7791987336531783
545,19.929170608520508,19.12827923763416,0.8008913708863474
546,19.84381675720215,19.049381652280317,0.7944351049218312
547,19.842863082885746,18.971584231110228,0.8712788517755179
548,19.71912384033203,18.89565393992143,0.8234699004106005
549,19.701004028320312,18.82160974122371,0.8793942870966021
550,19.620895385742188,18.74927030601725,0.8716250797249359
551,19.55604553222656,18.678223369022362,0.8778221632041969
552,19.49715614318848,18.608132853614734,0.8890232895737462
553,19.46306228637696,18.538721941013137,0.9243403453638237
554,19.3789005279541,18.469939330856278,0.908961197097824
555,19.30785179138184,18.40123934306348,0.9066124483183593
556,19.23799514770508,18.33158174852656,0.9064133991785219
557,19.170045852661133,18.26143823967641,0.9086076129847243
558,19.07610893249512,18.192013274500596,0.8840956579945249
559,19.084930419921875,18.123305837150383,0.961624582771492
560,18.89801025390625,18.05521806753063,0.8427921863756183
561,18.92399787902832,17.987663618498573,0.9363342605297476
562,18.85700225830078,17.920578152967437,0.9364241053333444
563,18.80192756652832,17.85390800026221,0.9480195662661117
564,18.743038177490234,17.787591870842334,0.9554463066479002
565,18.661022186279297,17.721584728747075,0.9394374575322217
566,18.628835678100582,17.6558430617888,0.9729926163117817
567,18.552064895629883,17.590325135515172,0.9617397601147104
568,18.467187881469727,17.524998019496252,0.9421898619734748
569,18.45717430114746,17.459844359649423,0.9973299414980374
570,18.3401107788086,17.39482470718201,0.9452860716265903
571,18.323898315429688,17.32991688272989,0.9939814326997976
572,18.24307441711425,17.265123256606785,0.977951160507466
573,18.198013305664062,17.20172667646125,0.9962866292028139
574,18.134117126464844,17.14064707798002,0.9934700484848236
575,18.06187629699707,17.08078886829867,0.9810874286984017
576,18.013954162597656,17.01981991267587,0.9941342499217853
577,17.90595054626465,16.956223972215412,0.9497265740492367
578,17.817020416259766,16.8889031683932,0.9281172478665667
579,17.766952514648438,16.81776002205737,0.9491924925910666
580,17.70782470703125,16.740252921991328,0.9675717850399224
581,17.653942108154297,16.655358273609977,0.9985838345443199
582,17.596006393432617,16.571035124798073,1.0249712686345447
583,17.565011978149414,16.495309103859768,1.0697028742896464
584,17.42410659790039,16.433210143496524,0.9908964544038668
585,17.43292808532715,16.391110408882525,1.041817676444623
586,17.366886138916016,16.386561480558726,0.98032465835729
587,17.300844192504883,16.477667451397338,0.8231767411075452
588,17.230987548828125,16.785974242012003,0.44501330681612217
589,17.145156860351562,17.485681710425638,0.3405248500740754
590,17.11893081665039,18.986251732428627,1.8673209157782367
591,17.057180404663086,20.225840816920027,3.1686604122569406
592,16.98613166809082,20.424320052370604,3.4381883842797833
593,16.987085342407227,20.37517125870636,3.388085916299133
594,16.90506935119629,20.323757122355346,3.418687771159057
595,16.85190200805664,20.265408125283102,3.4135061172264614
596,16.76487922668457,20.19160535996889,3.426726133284319
597,16.705036163330078,20.127783647126307,3.422747483796229
598,16.614913940429688,20.064642552938494,3.4497286125088067
599,16.59393310546875,19.996628770968528,3.4026956654997775
600,16.53599739074707,19.925106247455915,3.3891088567088445
601,16.511917114257812,16.412833424123363,0.0990836901344494
602,16.3729190826416,16.406834392888925,0.033915310247323305
603,16.366004943847656,16.516418186682813,0.15041324283515678
604,16.313791275024414,16.91863011933492,0.6048388443105068
605,16.220808029174805,18.174416234728596,1.9536082055537918
606,21.198034286499023,19.796310849301335,1.4017234371976883
607,21.079063415527344,20.373159200971713,0.7059042145556305
608,21.090030670166016,20.355037813942545,0.7349928562234709
609,21.006107330322266,20.314332754992392,0.6917745753298732
610,20.91383934020996,20.263794280253933,0.6500450599560281
611,20.859956741333008,20.197622570663043,0.6623341706699648
612,20.81894874572754,20.12522506277037,0.6937236829571702
613,20.72906494140625,20.065375995727663,0.6636889456785866
614,20.63298225402832,20.001367366717204,0.631614887311116
615,20.552873611450195,19.933686783133453,0.6191868283167423
616,20.553112030029297,19.862048452864656,0.6910635771646412
617,20.47896385192871,19.787539334060966,0.6914245178677447
618,20.46704292297364,19.710817696704908,0.7562252262687323
619,20.328044891357425,19.632469346902326,0.6955755444550995
620,20.313024520874023,19.552138060362267,0.760886460511756
621,20.2329158782959,19.470901313979994,0.7620145643159049
622,20.179033279418945,19.38956230549138,0.789470973927564
623,20.127058029174805,19.307588730157477,0.819469299017328
624,20.045042037963867,19.226742069690772,0.8182999682730951
625,19.98591423034668,19.14595161952093,0.8399626108257507
626,19.906044006347656,19.0661854834957,0.8398585228519551
627,19.834041595458984,18.988232129544258,0.8458094659147264
628,19.76490020751953,18.91271511948389,0.8521850880356396
629,19.700050354003903,18.83912534378851,0.8609250102153929
630,19.71006393432617,18.76725404554236,0.9428098887838097
631,19.549131393432617,18.696535227689992,0.8525961657426251
632,19.531965255737305,18.626561365579164,0.9054038901581407
633,19.46091651916504,18.55721936138366,0.9036971577813802
634,19.40298080444336,18.48838494294114,0.9145958615022209
635,19.34099197387696,18.41984275031905,0.9211492235579115
636,19.264936447143555,18.350266254373082,0.9146701927704726
637,19.19412612915039,18.279752637965885,0.9143734911845058
638,19.19102668762207,18.210092165190872,0.9809345224311983
639,19.051074981689453,18.14119831959715,0.9098766620923016
640,19.068002700805664,18.07295156964983,0.995051131155833
641,19.047975540161133,18.005258457264972,1.0427170828961607
642,18.898963928222656,17.93805379881519,0.9609101294074662
643,18.796920776367188,17.871278167149285,0.9256426092179026
644,18.73183250427246,17.804875521278518,0.9269569829939428
645,18.64886283874512,17.73879252914412,0.9100703096010001
646,18.57805252075196,17.672985170634092,0.9050673501178679
647,18.52703094482422,17.607410780101418,0.9196201647228008
648,18.45002174377441,17.54203380284025,0.9079879409341594
649,18.45312118530273,17.476833329297392,0.9762878560053387
650,18.30291748046875,17.411775328540102,0.8911421519286478
651,18.290042877197266,17.34683660535552,0.9432062718417455
652,18.223047256469727,17.282001329434138,0.9410459270355886
653,18.14794540405273,17.218136104403925,0.9298092996488059
654,18.112897872924805,17.156059365731835,0.9568385071929697
655,18.049001693725582,17.096180839075714,0.9528208546498682
656,18.02611351013184,17.03577000768064,0.9903435024512
657,17.885923385620117,16.972901668879103,0.9130217167410137
658,17.887115478515625,16.906532884632952,0.9805825938826729
659,17.802953720092773,16.8365291396384,0.9664245804543725
660,17.753124237060547,16.760899285714004,0.9922249513465431
661,17.699003219604492,16.6782169865769,1.020786233027593
662,17.628908157348633,16.593228118225056,1.0356800391235765
663,17.57502555847168,16.51451918444735,1.0605063740243281
664,17.51112937927246,16.448572781641246,1.0625565976312146
665,17.457008361816406,16.400133029232933,1.0568753325834734
666,17.40407943725586,16.38221369028514,1.0218657469707182
667,17.328977584838867,16.433837895689862,0.8951396891490049
668,17.26508140563965,16.677449089584684,0.5876323160549646
669,17.197847366333008,17.250175634998755,0.05232826866574669
670,17.17400550842285,18.541500625929075,1.3674951175062233
671,17.095088958740234,20.00709810806711,2.9120091493268774
672,17.026901245117188,20.404616650239404,3.377715405122217
673,16.963958740234375,20.37281516686562,3.408856426631246
674,16.905784606933594,20.325060794903038,3.4192761879694444
675,16.822099685668945,20.26992729770427,3.4478276120353257
676,16.743898391723633,20.19957909533332,3.455680703609687
677,16.694068908691406,20.131416322215046,3.4373474135236393
678,16.621112823486328,20.0695105000932,3.4483976766068736
679,16.547203063964844,20.00281596701825,3.4556129030534066
680,16.544818878173828,19.931610388312038,3.3867915101382096
681,16.397953033447266,19.85680802783918,3.4588549943919134
682,16.4031982421875,19.77980737069629,3.3766091285087896
683,16.335010528564453,19.701247047123616,3.3662365185591625
684,16.288042068481445,19.62121848350762,3.3331764150261733
685,21.218061447143555,19.540380627063314,1.6776808200802407
686,21.11601829528809,19.459177065073163,1.6568412302149262
687,21.058082580566406,19.377601702444736,1.6804808781216707
688,20.977020263671875,19.29657828429754,1.6804419793743364
689,20.94101905822754,19.21633774691145,1.7246813113160897
690,20.8740234375,19.136644413379145,1.7373790241208553
691,20.80082893371582,19.057967605817794,1.7428613278980265
692,20.715951919555664,18.98090836806432,1.7350435514913443
693,20.630836486816406,18.905320417900384,1.725516068916022
694,20.62392234802246,18.831691193412325,1.7922311546101355
695,20.514965057373047,18.759680554580882,1.7552845027921649
696,20.52021026611328,18.688947514846177,1.8312627512671042
697,20.4470157623291,18.619126030046118,1.8278897322829835
698,20.373106002807617,18.550115531155598,1.8229904716520196
699,20.335912704467773,18.48155200571,1.8543606987577732
700,20.27106285095215,18.412858282317757,1.8582045686343918
701,20.282983779907227,20.043054412781203,0.23992936712602386
702,20.116090774536133,19.931711973185884,0.18437880135024898
703,20.152807235717773,19.832869213701088,0.31993802201668586
704,19.98186111450196,19.736907401238568,0.2449537132633921
705,19.989013671875,19.643291522129402,0.34572214974559756
706,19.92082595825196,19.553141718915867,0.36768423933609284
707,19.845962524414062,19.46636859690898,0.37959392750508414
708,19.76299285888672,19.383429965273535,0.3795628936131834
709,19.691944122314453,19.30381315901286,0.3881309633015917
710,19.61612701416016,19.22721410073791,0.3889129134222493
711,19.573211669921875,19.153333453687083,0.4198782162347925
712,19.50812339782715,19.081609792124254,0.426513605702894
713,19.505023956298828,19.01194915004112,0.4930748062577095
714,19.35601234436035,18.944093501858106,0.41191884250224575
715,19.35410499572754,18.877260813354724,0.47684418237281534
716,19.287109375,18.808600443662726,0.4785089313372737
717,19.212007522583008,18.739635996581683,0.47237152600132504
718,19.160032272338867,18.670411153607347,0.48962111873152026
719,19.073963165283203,18.60091220078175,0.47305096450145356
720,19.03104782104492,18.53109240906292,0.4999554119819969
721,18.951892852783203,18.46092689015677,0.4909659626264329
722,18.89801025390625,18.39037890420059,0.5076313497056617
723,18.81098747253418,18.319428472835853,0.49155899969832717
724,18.735170364379883,18.248960400313763,0.48620996406611994
725,18.735885620117188,18.179457722709458,0.5564278974077297
726,18.61500740051269,18.110717270275245,0.5042901302374467
727,18.59116554260254,18.042570581428663,0.5485949611738761
728,18.52107048034668,17.974966694424666,0.5461037859220141
729,18.45097541809082,17.907828235451007,0.5431471826398138
730,18.37897300720215,17.841076984154824,0.537896023047324
731,18.323898315429688,17.77467501551655,0.5492232999131375
732,18.251895904541016,17.708656699085168,0.5432392054558477
733,18.180131912231445,17.642923328224924,0.537208584006521
734,18.121957778930664,17.577427835277604,0.5445299436530604
735,18.10884475708008,17.512128231828683,0.5967165252513986
736,17.95792579650879,17.447004793481824,0.5109210030269651
737,17.98701286315918,17.382025944272073,0.6049869188871071
738,17.889022827148438,17.317159515656044,0.5718633114923932
739,17.831087112426758,17.25242599391663,0.5786611185101265
740,17.75383949279785,17.18940714019368,0.5644323526041717
741,17.705917358398438,17.129112284862913,0.5768050735355246
742,17.616987228393555,17.069357861061007,0.5476293673325472
743,17.568111419677734,17.007916959045133,0.5601944606326015
744,17.503976821899414,16.943647426217012,0.5603293956824018
745,17.428159713745117,16.875677114107646,0.5524825996374716
746,17.35711097717285,16.80349957979388,0.5536113973789725
747,17.347097396850586,16.72442887688419,0.6226685199663962
748,17.20285415649414,16.6385251520893,0.5643290044048399
749,17.20285415649414,16.55522068792692,0.6476334685672214
750,17.14611053466797,16.48231889578966,0.6637916388783083
751,17.055034637451172,16.42421956470841,0.630815072742763
752,16.981124877929688,16.38833350170188,0.5927913762278081
753,16.93415641784668,16.394366394560933,0.5397900232857467
754,16.95704460144043,16.51474544359033,0.4422991578501012
755,16.79396629333496,16.87929086901363,0.08532457567866913
756,16.7081356048584,17.694402648203322,0.9862670433449239
757,16.635894775390625,19.3035104360888,2.667615660698175
758,16.587018966674805,20.318401567806177,3.731382601131372
759,16.588926315307617,20.407747496051343,3.8188211807437256
760,16.448020935058594,20.35252731309356,3.9045063780349665
761,16.456127166748047,20.30085582839547,3.844728661647423
762,16.39413833618164,20.240079630070795,3.8459412938891546
763,16.30091667175293,20.16603576998932,3.8651190982363914
764,16.24011993408203,20.106045838588216,3.8659259045061845
765,16.19100570678711,20.04245167586305,3.8514459690759395
766,21.1489200592041,19.974562504671667,1.1743575545324347
767,21.02184295654297,19.902911984218008,1.1189309723249607
768,21.01588249206543,19.82856201505001,1.1873204770154189
769,20.941972732543945,19.75157557978946,1.1903971527544854
770,20.85590362548828,19.672695602480417,1.1832080230078645
771,20.7979679107666,19.592680583514266,1.2052873272523357
772,20.735979080200195,19.511541358610884,1.224437721589311
773,20.668983459472656,19.430268718906518,1.238714740566138
774,20.58911323547364,19.349305574451137,1.2398076610225033
775,20.535945892333984,19.268458913984432,1.2674869783495524
776,20.51997184753418,19.188285083998835,1.3316867635353447
777,20.377159118652344,19.108598522791453,1.2685605958608903
778,20.38002014160156,19.030097795678103,1.3499223459234564
779,20.3249454498291,18.953428643840198,1.3715168059889038
780,20.251035690307617,18.878485080392693,1.3725506099149243
781,20.16901969909668,18.805357685181434,1.3636620139152456
782,20.1101303100586,18.73396281999362,1.3761674900649794
783,20.02096176147461,18.663797131779347,1.3571646296952622
784,19.97590065002441,18.59439180634581,1.3815088436785992
785,19.92392539978028,18.525563652303845,1.3983617474764358
786,19.841909408569336,18.45709714041277,1.3848122681565656
787,19.758939743041992,18.388029753992896,1.3709099890490961
788,19.681930541992188,18.3177714542353,1.3641590877568888
789,19.605159759521484,18.247570042007055,1.3575897175144291
790,19.611835479736328,18.178253603338135,1.4335818763981933
791,19.470930099487305,18.109658755889768,1.3612713435975365
792,19.488096237182617,18.041670031522017,1.4464262056606003
793,19.34599876403809,17.974203622713958,1.3717951413241316
794,19.33884620666504,17.907201964703745,1.431644241961294
795,19.27804946899414,17.840598180782763,1.4374512882113777
796,19.208908081054688,17.77434046266535,1.4345676183893374
797,19.12784576416016,17.708383097158276,1.4194626670018842
798,19.07491683959961,17.642682741382032,1.4322340982175774
799,18.996000289916992,17.577199692581758,1.4188005973352347
800,18.9208984375,17.511900089132837,1.408998348367163
801,18.85199546813965,18.825608799090787,0.026386669048861222
802,18.85318756103516,18.75401448893399,0.09917307210116988
803,18.73183250427246,18.683887402971777,0.047945101300683746
804,18.7070369720459,18.61377826367061,0.09325870837528782
805,18.63408088684082,18.543583962383536,0.09049692445728397
806,18.571853637695312,18.47320748555603,0.09864615213928118
807,18.505096435546875,18.402571628683972,0.10252480686290255
808,18.4478759765625,18.33163795882342,0.11623801773907871
809,18.38397979736328,18.260925236063485,0.12305456129979575
810,18.293142318725582,18.191330793456473,0.10181152526910964
811,18.24212074279785,18.12253430003352,0.11958644276433006
812,18.14603805541992,18.054422488660293,0.09161556675962501
813,18.098115921020508,17.986868039628234,0.11124788139227348
814,18.10884475708008,17.91981795949482,0.1890267975852602
815,17.952919006347656,17.85317946740861,0.09973953893904763
816,17.961978912353516,17.786900924392057,0.17507798796145835
817,17.88496971130371,17.720956256994214,0.16401345430949732
818,17.81296730041504,17.655292471772555,0.1576748286424845
819,17.735958099365234,17.589860807987634,0.1460972913776004
820,17.674922943115234,17.524619446533052,0.15030349658218256
821,17.628908157348633,17.4595085369873,0.16939962036133238
822,17.53997802734375,17.394570237073026,0.14540779027072404
823,17.486095428466797,17.32969339600743,0.15640203245936846
824,17.42410659790039,17.264963006468292,0.15914359143209822
825,17.348051071166992,17.201597663671464,0.14645340749552815
826,17.333984375,17.140538890089374,0.19344548491062596
827,17.210960388183594,17.08068939977636,0.13027098840723284
828,17.19188690185547,17.019726539245994,0.17216036260947476
829,17.123937606811523,16.956107911497043,0.1678296953144809
830,17.065048217773438,16.888755066112537,0.1762931516609001
831,17.016887664794922,16.817576576706017,0.19931108808890485
832,16.924142837524414,16.740042556648405,0.1841002808760095
833,16.865015029907227,16.655118363999577,0.20989666590764955
834,16.795873641967773,16.570808971472673,0.22506467049510093
835,16.73293113708496,16.49509596609633,0.23783517098863172
836,16.656160354614258,16.433026169057285,0.2231341855569724
837,16.59703254699707,16.39106173279714,0.20597081419992946
838,16.544103622436523,16.386669689612887,0.15743393282363627
839,16.460180282592773,16.478447729046053,0.01826744645327949
840,16.475915908813477,16.787949856173157,0.31203394735968004
841,16.35289192199707,17.490731325196407,1.1378394031993366
842,16.349077224731445,18.996780665986535,2.6477034412550893
843,16.26300811767578,20.23031393753172,3.9673058198559374
844,21.1639404296875,20.42465934584925,0.7392810838382502
845,21.16703987121582,20.37532702217959,0.7917128490362302
846,21.028995513916016,20.32392507601344,0.7050704379025774
847,21.01993560791016,20.26551038738944,0.7544252205207194
848,20.951032638549805,20.191628385873628,0.7594042526761768
849,20.87020874023437,20.12789268155757,0.7423160586768027
850,20.823001861572266,20.06472043467511,0.758281426897156
851,20.72906494140625,19.996686335730374,0.7323786056758763
852,20.65300941467285,19.92513672291807,0.7278726917547829
853,20.59197425842285,19.850658756809025,0.7413155016138262
854,20.54095268249512,19.77325988696066,0.7676927955344617
855,20.557165145874023,19.694279002010262,0.8628861438637614
856,20.39504051208496,19.61417865175008,0.7808618603348805
857,20.39790153503418,19.532721804807807,0.8651797302263731
858,20.30801773071289,19.45110242206738,0.8569153086455117
859,20.244121551513672,19.369733615349105,0.8743879361645668
860,20.191192626953125,19.28877859768363,0.9024140292694938
861,20.11895179748535,19.208297642762773,0.9106541547225788
862,20.022869110107425,19.128435678339883,0.894433431767542
863,19.999027252197266,19.04971688236401,0.9493103698332561
864,19.9270248413086,18.972834910215397,0.9541899310932038
865,19.86098289489746,18.89762976571774,0.9633531291797226
866,19.766807556152344,18.824295814596326,0.942511741556018
867,19.748926162719727,18.75261803553485,0.996308127184875
868,19.6990966796875,18.68212118063184,1.0169754990556612
869,19.68097686767578,18.61264406855412,1.068332799121663
870,19.517183303833008,18.543794750996767,0.9733885528362407
871,19.516944885253903,18.475332641116893,1.04161224413701
872,19.453048706054688,18.406480614629572,1.0465680914251152
873,19.36006546020508,18.33646137794176,1.0236040822633221
874,19.2868709564209,18.2659883954841,1.0208825609367977
875,19.23203468322754,18.196454395877026,1.0355802873505127
876,19.147872924804688,18.127677034271983,1.0201958905327047
877,19.07205581665039,18.05953203850663,1.012523778143759
878,19.004106521606445,17.991929844583865,1.0121766770225804
879,18.993139266967773,17.924807300573775,1.0683319663939983
880,18.94402503967285,17.858098545616485,1.0859264940563662
881,18.84603500366211,17.79174940111261,1.0542856025494984
882,18.79286766052246,17.72571347663643,1.0671541838860321
883,18.73397827148437,17.659947090692185,1.0740311807921863
884,18.65410804748535,17.59440850882754,1.05969953865781
885,18.59712600708008,17.52906657834785,1.06805942873223
886,18.53609085083008,17.463899373851177,1.0721914769789045
887,18.52083206176757,17.398869224280133,1.1219628374874375
888,18.37897300720215,17.333953273038105,1.0450197341640433
889,18.38397979736328,17.269152112703523,1.1148276846597582
890,18.332958221435547,17.205644889699556,1.1273133317359907
891,18.25118064880371,17.144325804878235,1.1068548439254755
892,18.180131912231445,17.084447955454607,1.0956839567768384
893,18.10288429260254,17.02360124029667,1.0792830523058683
894,18.100976943969727,16.96016919009935,1.1408077538703765
895,17.997026443481445,16.893092486263583,1.103933957217862
896,17.951011657714844,16.822276062278263,1.1287355954365808
897,17.900943756103516,16.745178687870066,1.1557650682334497
898,17.82083511352539,16.660919452874623,1.1599156606507677
899,17.771005630493164,16.576108696668257,1.1948969338249071
900,17.705202102661133,16.499773081832814,1.2054290208283192
901,17.627954483032227,17.611175346218033,0.016779136814193407
902,17.559051513671875,17.544580027703205,0.014471485968670095
903,17.518997192382812,17.47909587840013,0.03990131398268204
904,17.48490333557129,17.41386899279007,0.07103434278121767
905,17.37809181213379,17.348857297804443,0.029234514329345984
906,17.343997955322266,17.283990445918107,0.060007509404158554
907,17.294883728027344,17.220102872215648,0.0747808558116958
908,17.20881462097168,17.15799210261082,0.05082251836086016
909,17.08197593688965,17.098122549285222,0.016146612395573356
910,17.071008682250977,17.0377752084363,0.03323347381467556
911,17.00592041015625,16.975093870456703,0.03082653969954663
912,16.932964324951172,16.908944678846183,0.02401964610498908
913,16.849040985107422,16.839133564168662,0.009907420938759515
914,16.79682731628418,16.763813078512158,0.03301423777202217
915,16.720056533813477,16.6816120377149,0.038444496098577474
916,16.69001579284668,16.596728267380456,0.09328752546622354
917,16.576051712036133,16.51789736826359,0.058154343772542916
918,16.560077667236328,16.45129280129254,0.10878486594378955
919,16.496896743774414,16.40218337176691,0.0947133720075044
920,16.45803451538086,16.38251958773651,0.07551492764434897
921,16.362905502319336,16.425694725221263,0.06278922290192668
922,16.288042068481445,16.65477729278564,0.36673522430419325
923,16.206979751586914,17.200578090154295,0.9935983385673808
924,21.183013916015625,18.313962360082314,2.8690515559333107
925,21.05903625488281,19.849296842266995,1.2097394126158143
926,21.05307579040528,20.35743453973282,0.695641250672459
927,20.956993103027344,20.34597441149799,0.6110186915293525
928,20.90001106262207,20.30006685254193,0.5999442100801389
929,20.83897590637207,20.246700254915595,0.5922756514564753
930,20.764827728271484,20.17861671799892,0.5862110102725637
931,20.704030990600582,20.109417101934923,0.5946138886656591
932,20.637989044189453,20.04872352597431,0.589265518215143
933,20.55597305297852,19.98305635459019,0.5729166983883296
934,20.48301696777344,19.912574737418254,0.5704422303551873
935,20.41101455688477,19.83862772158318,0.5723868353015895
936,20.41482925415039,19.762483086310567,0.6523461678398235
937,20.2789306640625,19.684630470692355,0.5943001933701453
938,20.26987075805664,19.605205321227004,0.6646654368296367
939,20.19906044006348,19.524990518675622,0.6740699213878578
940,20.106077194213867,19.44447637936264,0.6616008148512265
941,20.05791664123535,19.363335799994275,0.694580841241077
942,20.008087158203125,19.282719398574955,0.7253677596281705
943,19.97590065002441,19.202960373490896,0.7729402765335145
944,19.68312263488769,19.123623264249545,0.5594993706381466
945,19.63210105895996,19.045244777601056,0.5868562813589051
946,19.537925720214844,18.968131699864443,0.5697940203504004
947,19.507884979248047,18.89247280959694,0.6154121696511083
948,19.427061080932617,18.818704075215464,0.6083570057171528
949,19.366025924682617,18.74651786386039,0.619508060822227
950,19.301891326904297,18.675610775375162,0.6262805515291348
951,19.214868545532227,18.605648087600457,0.6092204579317695
952,19.15287971496582,18.536442037827783,0.6164376771380375
953,19.073963165283203,18.467785054298247,0.6061781109849562
954,19.09995079040528,18.399044771172157,0.7009060192331233
955,18.93305778503418,18.329251560828652,0.6038062242055275
956,18.9208984375,18.259071481423916,0.6618269560760837
957,18.867969512939453,18.18965955297358,0.6783099599658726
958,18.81098747253418,18.120968030586937,0.6900194419472427
959,18.73397827148437,18.0528943135414,0.6810839579429704
960,18.66698265075684,17.985351716077957,0.681630934678882
961,18.598079681396484,17.918278610039806,0.6798010713566782
962,18.52083206176757,17.851616584124486,0.6692154776430854
963,18.46194267272949,17.785307904262027,0.6766347684674621
964,18.445968627929688,17.719306518642952,0.7266621092867354
965,18.30410957336425,17.653568576463385,0.6505409969008653
966,18.305063247680664,17.58805361308191,0.7170096345987531
967,18.2340145111084,17.522728952030775,0.7112855590776235
968,18.18084716796875,17.457577323881424,0.7232698440873264
969,18.100976943969727,17.392560803614288,0.708416140355439
970,18.02706718444824,17.327655772746198,0.6994114117020409
971,17.95506477355957,17.262867903099277,0.6921968704602932
972,17.92311668395996,17.199534390229587,0.7235822937303737
973,17.854928970336914,17.138590661517128,0.7163383088197861
974,17.789840698242188,17.078745573215315,0.7110951250268727
975,17.724990844726562,17.01771126465701,0.707279580069553
976,17.633914947509766,16.954028553783473,0.6798863937262922
977,17.585039138793945,16.88652726750206,0.6985118712918847
978,17.573118209838867,16.815243553097048,0.7578746567418193
979,17.435073852539062,16.737401265274343,0.6976725872647194
980,17.461061477661133,16.652313690286746,0.8087477873743865
981,17.299890518188477,16.568206917256134,0.7316836009323424
982,17.299175262451172,16.49282080353842,0.8063544589127503
983,17.230987548828125,16.431468047564124,0.7995195012640011
984,17.169952392578125,16.390560982859625,0.7793914097184995
985,17.11893081665039,16.387520060824556,0.7314107558258343
986,17.0290470123291,16.484493912592768,0.5445530997363335
987,16.96491241455078,16.80220424567125,0.16270816887953288
988,16.88408851623535,17.522915868198652,0.6388273519633003
989,16.804933547973633,19.044278366834533,2.2393448188609
990,16.81208610534668,20.24569795082698,3.4336118454803
991,16.675949096679688,20.422096698098358,3.74614760141867
992,16.669034957885742,20.372179922787836,3.703144964902094
993,16.602039337158203,20.320696031490115,3.718656694331912
994,16.543865203857422,20.261975911012087,3.718110707154665
995,16.460180282592773,20.18800180587732,3.727821523284547
996,16.391992568969727,20.12476725360557,3.7327746846358423
997,16.33906364440918,20.061490712919294,3.7224270685101146
998,16.277074813842773,19.993476930949328,3.716402117106554
999,21.23403549194336,19.921837923448038,1.3121975684953213
1000,21.17013931274414,19.84739652789358,1.3227427848505613
1001,21.098852157592773,20.846170203526526,0.25268195406624727
1002,21.03400230407715,20.87242515278831,0.16157715128883865
1003,20.96390724182129,20.81441815812468,0.14948908369660785
1004,20.905017852783203,20.73176193243853,0.17325592034467263
1005,20.83706855773925,20.639375907535396,0.19769265020385518
1006,20.756006240844727,20.561455568667952,0.19455067217677424
1007,20.67899703979492,20.487293870132817,0.19170316966210166
1008,20.613908767700195,20.408012293955835,0.20589647374436026
1009,20.627975463867188,20.324414037872884,0.30356142599430314
1010,20.46489715576172,20.237889460190672,0.2270076955710465
1011,20.4617977142334,20.149077191149445,0.3127205230839536
1012,20.4010009765625,20.05888675398637,0.34211422257612867
1013,20.32184600830078,19.967510482729267,0.35433552557151415
1014,20.245790481567383,19.87555246876127,0.37023801280611224
1015,20.190000534057617,19.78398115454638,0.40601937951123546
1016,20.153045654296875,19.693670169999677,0.45937548429719754
1017,20.056962966918945,19.60388945849445,0.45307350842449523
1018,19.97995376586914,19.51572800987833,0.4642257559908103
1019,19.91605758666992,19.42863117074012,0.48742641592980007
1020,19.84214782714844,19.343854530120552,0.4982932970278888
1021,19.83499526977539,19.262284246735817,0.5727110230395738
1022,19.71912384033203,19.183802820748497,0.5353210195835345
1023,19.706010818481445,19.10843937315576,0.5975714453256842
1024,19.644975662231445,19.035687334053364,0.6092883281780814
1025,19.54483985900879,18.965238731965428,0.579601127043361
1026,19.47498321533203,18.896337436814292,0.578645778517739
1027,19.42110061645508,18.828143849617618,0.5929567668374638
1028,19.34814453125,18.76048883156045,0.5876556996895488
1029,19.320964813232425,18.693190884334854,0.6277739288975717
1030,19.208908081054688,18.623819081909687,0.5850889991450003
1031,19.186973571777344,18.55404009344852,0.6329334783288232
1032,19.11592483520508,18.48402424292317,0.6319005922819123
1033,19.04606819152832,18.413610010384218,0.6324581811441021
1034,18.97001266479492,18.342783681873698,0.6272289829212205
1035,18.91493797302246,18.271887767724593,0.6430502052978682
1036,18.85294914245605,18.202118768442688,0.6508303740133634
1037,18.78809928894043,18.133143824258013,0.6549554646824163
1038,18.7380313873291,18.0648325679158,0.673198819413301
1039,18.690824508666992,17.99708883240214,0.6937356762648506
1040,18.61095428466797,17.929838122142883,0.6811161625250861
1041,18.51415634155273,17.86302236445181,0.6511339771009226
1042,18.46194267272949,17.796587888653903,0.6653547840755856
1043,18.35298538208008,17.73048525677723,0.622500125302853
1044,18.313884735107425,17.66467180317477,0.6492129319326558
1045,18.320083618164062,17.59910096811268,0.7209826500513827
1046,18.20707321166992,17.533738889966344,0.6733343217035745
1047,18.13483238220215,17.468556109122346,0.6662762730798022
1048,18.103837966918945,17.403523843199764,0.7003141237191812
1049,18.01586151123047,17.338609585038967,0.6772519261915022
1050,17.947912216186523,17.27381578960774,0.6740964265787852
1051,17.904996871948242,17.21019513016131,0.6948017417869323
1052,17.827987670898438,17.14861861233885,0.6793690585595868
1053,17.843961715698242,17.088735006439038,0.7552267092592047
1054,17.6849365234375,17.028046340413994,0.6568901830235063
1055,17.681121826171875,16.964873162336858,0.7162486638350174
1056,17.625093460083008,16.898049193201814,0.7270442668811938
1057,17.53520965576172,16.82763089726791,0.7075787584938098
1058,17.464876174926758,16.751056811941112,0.713819362985646
1059,17.388105392456055,16.667507909176038,0.7205974832800166
1060,17.320871353149414,16.58247756033404,0.7383937928153728
1061,17.25292205810547,16.50510268991212,0.7478193681933476
1062,17.187833786010742,16.44119333895233,0.7466404470584109
1063,17.123937606811523,16.39491446611885,0.729023140692675
1064,17.0590877532959,16.38322771896128,0.6758600343346188
1065,17.040014266967773,16.453221940373908,0.5867923265938657
1066,16.948938369750977,16.728447108896205,0.22049126085477155
1067,16.911983489990234,17.35389514566066,0.4419116556704239
1068,16.77703857421875,18.757727416073067,1.9806888418543167
1069,16.726970672607422,20.128034900380953,3.4010642277735315
1070,16.644954681396484,20.42045102314205,3.7754963417455656
1071,16.642093658447266,20.378612276999775,3.736518618552509
1072,16.522884368896484,20.32844831182956,3.8055639429330768
1073,16.530990600585938,20.271686070486794,3.7406954699008566
1074,16.464948654174805,20.19971995969172,3.734771305516915
1075,16.38317108154297,20.13363087246489,3.750459790921923
1076,16.309022903442383,20.070804691386,3.761781787943619
1077,16.228914260864258,20.003275130648035,3.774360869783777
1078,21.218061447143555,19.9321244077737,1.2859370393698555
1079,21.14295959472656,19.857236038774317,1.2857235559522415
1080,21.08097076416016,19.779887961362874,1.3010828027972856
1081,20.99895477294922,19.70114004438983,1.2978147285593877
1082,20.940065383911133,19.62101328206245,1.3190521018486834
1083,20.88308334350586,19.539926881293468,1.3431564622123915
1084,20.80512046813965,19.45831291641298,1.3468075517266698
1085,20.72715759277344,19.37676057968929,1.3503970130841516
1086,20.732879638671875,19.295745965564493,1.4371336731073825
1087,20.581960678100582,19.215333749741603,1.3666269283589791
1088,20.579099655151367,19.135530027313052,1.4435696278383148
1089,20.51091194152832,19.056766872608932,1.454145068919388
1090,20.43318748474121,18.979722364662166,1.453465120079045
1091,20.35784721374512,18.904330981229123,1.453516232515998
1092,20.32089233398437,18.83083804978014,1.4900542842042306
1093,20.23601531982422,18.758983174421928,1.4770321454022906
1094,20.172119140625,18.68837491477393,1.4837442258510691
1095,20.122051239013672,18.618718844010118,1.5033323950035538
1096,20.05195617675781,18.549789613018675,1.5021665637391344
1097,19.96612548828125,18.48128957811923,1.484835910162019
1098,19.92082595825196,18.41254201474385,1.5082839435081112
1099,19.843101501464844,18.342653653235175,1.500447848229669
1100,19.83904838562012,18.272121751550685,1.5669266340694357
1101,19.697904586791992,19.59665796994159,0.10124661685040337
1102,19.693851470947266,19.497537545134946,0.1963139258123192
1103,19.61207389831543,19.41383160908572,0.19824228922971088
1104,19.541025161743164,19.334053621491876,0.2069715402512884
1105,19.49501037597656,19.25746201277434,0.23754836320221884
1106,19.42896842956543,19.18352244649668,0.24544598306874832
1107,19.35005187988281,19.111910528295084,0.23814135158772487
1108,19.264936447143555,19.042332339267887,0.22260410787566798
1109,19.196033477783203,18.972508484154105,0.2235249936290984
1110,19.192934036254883,18.9036903192914,0.28924371696348317
1111,19.057035446166992,18.834861657325064,0.2221737888419284
1112,19.049882888793945,18.765910077661374,0.2839728111325712
1113,19.010066986083984,18.696763793656146,0.31330319242783844
1114,18.930912017822266,18.627337135399102,0.3035748824231632
1115,18.85700225830078,18.557638060372028,0.29936419792875313
1116,18.799781799316406,18.48763440003154,0.3121473992848678
1117,18.75591278076172,18.417255383582187,0.33865739717953147
1118,18.658876419067383,18.346524544853082,0.31235187421430055
1119,18.58305931091309,18.275622027687177,0.30743728322591224
1120,18.496036529541016,18.205871821606934,0.2901647079340819
1121,18.43404769897461,18.136911607228967,0.29713609174564226
1122,18.440961837768555,18.06862320748337,0.372338630285185
1123,18.30911636352539,18.000891831462695,0.3082245320626953
1124,18.294811248779297,17.93366330056756,0.36114794821173746
1125,18.24498176574707,17.866862272683193,0.3781194930638776
1126,18.165111541748047,17.800429828582764,0.3646817131652824
1127,18.077850341796875,17.734326519473598,0.3435238223232773
1128,18.04494857788086,17.668510187633046,0.376438390247813
1129,17.963886260986328,17.602910485535972,0.3609757754503562
1130,17.904996871948242,17.53751056702413,0.36748630492411394
1131,17.876148223876953,17.47223966130207,0.40390856257488394
1132,17.74883270263672,17.407200707708625,0.34163199492809326
1133,17.747879028320312,17.342291274829336,0.40558775349097687
1134,17.68183708190918,17.277498410592784,0.40433867131639545
1135,17.614126205444336,17.213783700483987,0.4003425049603493
1136,17.538070678710938,17.151996394048297,0.3860742846626408
1137,17.518997192382812,17.092103052931407,0.42689413945140586
1138,17.37499237060547,17.03155779088661,0.3434345797188598
1139,17.340898513793945,16.96854520156421,0.372353312229734
1140,17.25602149963379,16.901934983934552,0.35408651569923677
1141,17.261028289794922,16.831710799763755,0.4293174900311669
1142,17.114877700805664,16.755603750894466,0.35927394991119854
1143,17.126083374023438,16.672424193799884,0.45365918022355345
1144,16.9980525970459,16.58741162231081,0.4106409747350881
1145,16.99090003967285,16.509330440726444,0.4815695989464075
1146,16.9219970703125,16.444544475795908,0.47745259451659194
1147,16.83497428894043,16.39727567953031,0.43769860941011984
1148,16.766071319580078,16.382337856629903,0.3837334629501754
1149,16.70694351196289,16.444188992227993,0.26275451973489794
1150,16.642093658447266,16.70549751979422,0.06340386134695564
1151,16.576051712036133,17.306027421909675,0.7299757098735427
1152,16.501903533935547,18.659090196649686,2.157186662714139
1153,16.453027725219727,20.076628213587355,3.6236004883676287
1154,16.38507843017578,20.413796536672635,4.028718106496854
1155,16.417980194091797,20.37640720800482,3.958427013913024
1156,16.273975372314453,20.327475805970607,4.053500433656154
1157,16.24584197998047,20.271455134206917,4.025613154226448
1158,21.16703987121582,20.200317955982428,0.9667219152333928
1159,21.08979225158692,20.133120916398184,0.9566713351887373
1160,21.02804183959961,20.070682789537386,0.9573590500622231
1161,21.00086212158203,20.003518257112773,0.9973438644692578
1162,20.911216735839844,19.93245354276496,0.978763193074883
1163,20.850181579589844,19.85750354560878,0.9926780339810648
1164,20.758867263793945,19.780249603513766,0.9786176602801788
1165,20.68400382995605,19.70161546159943,0.9823883683566201
1166,20.615816116333008,19.62150698454934,0.9943091317836661
1167,20.63584327697754,19.54052013695673,1.0953231400208097
1168,20.48778533935547,19.459080898059256,1.0287044412962132
1169,20.4770565032959,19.37750350373335,1.0995529995625475
1170,20.388126373291016,19.296477376656185,1.0916489966348308
1171,20.366907119750977,19.21614744458111,1.1507596751698657
1172,20.28393745422364,19.1363843561021,1.1475530981215414
1173,20.215988159179688,19.057657771952563,1.1583303872271244
1174,20.14303207397461,18.980598703507212,1.1624333704673973
1175,20.071983337402344,18.9051143699146,1.1668689674877442
1176,20.071983337402344,18.83156218062254,1.240421156779803
1177,19.932031631469727,18.759630777992697,1.1724008534770292
1178,19.92583274841309,18.688969863518423,1.2368628848946663
1179,19.849061965942383,18.619230323849933,1.2298316420924493
1180,19.767045974731445,18.55027468079129,1.2167712939401554
1181,19.703149795532227,18.481747725900277,1.2214020696319494
1182,19.63496208190918,18.41302742113271,1.2219346607764692
1183,19.59395408630371,18.34317935495733,1.2507747313463824
1184,19.498825073242188,18.272661675155177,1.2261633980870101
1185,19.443988800048828,18.20305927506638,1.2409295249824481
1186,19.395112991333008,18.13421943876392,1.2608935525690868
1187,19.330978393554688,18.06602161886417,1.2649567746905177
1188,19.31190490722656,17.998371680050695,1.3135332271758635
1189,19.181013107299805,17.931206301085467,1.2498068062143375
1190,19.171953201293945,17.864461822114208,1.3074913791797371
1191,19.10686492919922,17.79808118629944,1.3087837428997773
1192,19.012928009033203,17.732016818058582,1.2809111909746207
1193,18.976926803588867,17.66622909929083,1.3106977042980361
1194,18.9058780670166,17.600674941078864,1.3052031259377372
1195,18.815040588378903,17.53531633374905,1.2797242546298513
1196,18.756866455078125,17.47013338359693,1.2867330714811942
1197,18.698930740356445,17.405090535916656,1.293840204439789
1198,18.627166748046875,17.340164680149428,1.287002067897447
1199,18.56708526611328,17.275348112775646,1.2917371533376354
1200,18.55111122131348,17.21166929598894,1.3394419253245395
1201,18.412113189697266,18.41991165872514,0.007798469027875399
1202,18.41115951538086,18.34542065589062,0.06573885949023861
1203,18.342018127441406,18.273873752008285,0.06814437543312124
1204,18.275022506713867,18.203693503295426,0.07132900341844106
1205,18.193960189819336,18.134487792138998,0.05947239768033796
1206,18.12386512756348,18.066069194446754,0.057795933116725706
1207,18.08810234069824,17.998268063479372,0.08983427721886628
1208,18.037080764770508,17.931043257362944,0.10603750740756368
1209,17.940044403076172,17.86427050393513,0.0757738991410406
1210,17.877817153930664,17.797908661322026,0.07990849260863797
1211,17.79794692993164,17.731900334069906,0.06604659586173511
1212,17.805099487304688,17.666192359428123,0.13890712787656412
1213,17.64702796936035,17.60074342621465,0.04628454314570263
1214,17.663002014160156,17.535476075963174,0.12752593819698177
1215,17.616987228393555,17.47038971609527,0.14659751229828544
1216,17.528057098388672,17.405450908256626,0.12260619013204632
1217,17.473936080932617,17.34061605560555,0.1333200253270661
1218,17.377138137817383,17.275897263672846,0.10124087414453697
1219,17.306089401245117,17.21224536687771,0.0938440343674074
1220,17.322063446044922,17.150602395616943,0.171461050427979
1221,17.180919647216797,17.09072488480956,0.09019476240723634
1222,17.202138900756836,17.030118502532332,0.17202039822450388
1223,17.116069793701172,16.96707255950969,0.14899723419148359
1224,17.017126083374023,16.900371423417937,0.11675465995608647
1225,16.949892044067383,16.83007409813797,0.11981794592941242
1226,16.915082931518555,16.75381898931505,0.16126394220350448
1227,16.841888427734375,16.67052125515056,0.17136717258381395
1228,16.7849063873291,16.585523244160072,0.1993831431690296
1229,16.69597625732422,16.507658269048875,0.18831798827534385
1230,16.622066497802734,16.443232655294793,0.17883384250794165
1231,16.564130783081055,16.396282920187133,0.16784786289392173
1232,16.498088836669922,16.382573766335895,0.11551507033402686
1233,16.42298698425293,16.448215075904216,0.025228091651285922
1234,16.422033309936523,16.715925461056713,0.29389215112018974
1235,16.2811279296875,17.32851433423832,1.0473864045508208
1236,16.312122344970703,18.710415954160453,2.39829360918975
1237,21.20494842529297,20.10601739482354,1.09893103046943
1238,21.129131317138672,20.418652970874973,0.7104783462636988
1239,21.08597755432129,20.37869354489885,0.7072840094224375
1240,21.06785774230957,20.329139088971715,0.7387186533378554
1241,21.038055419921875,20.272720204502548,0.7653352154193271
1242,20.87998390197754,20.201141470693074,0.6788424312844654
1243,20.853042602539062,20.13444084252569,0.718601760013371
1244,20.80297470092773,20.071782615104894,0.7311920858228369
1245,20.68400382995605,20.004398659352773,0.6796051706032777
1246,20.64204216003418,19.9333217548201,0.7087204052140805
1247,20.576953887939453,19.858317579064533,0.7186363088749204
1248,20.5078125,19.78098981862786,0.7268226813721412
1249,20.44010162353516,19.70228118113937,0.7378204423957904
1250,20.36094665527344,19.622120557187372,0.7388260980860686
1251,20.370006561279297,19.541061245718083,0.8289453155612136
1252,20.21503448486328,19.459506200064425,0.7555282847988565
1253,20.19691467285156,19.37791119769372,0.8190034751578388
1254,20.154953002929688,19.29687491212917,0.8580780908005181
1255,20.1101303100586,19.21648470636228,0.8936456036963207
1256,20.03812789916992,19.136688433491145,0.9014394656787736
1257,19.9739933013916,19.057925278787025,0.916068022604577
1258,19.875049591064453,18.98086485587669,0.8941847351877641
1259,19.82998847961425,18.90543182264537,0.9245566569688819
1260,19.776105880737305,18.83191366428605,0.9441922164512562
1261,19.696950912475582,18.76002492730322,0.9369259851723619
1262,19.63019371032715,18.689393641750485,0.9408000685766638
1263,19.607067108154297,18.619706926216395,0.9873601819379019
1264,19.5009708404541,18.55075940994766,0.9502114305064424
1265,19.49501037597656,18.48224870863646,1.0127616673400972
1266,19.395112991333008,18.41351993846274,0.9815930528702665
1267,21.865129470825195,18.343655788015667,3.5214736828095283
1268,19.301891326904297,18.273116436773762,1.028774890130535
1269,19.23799514770508,18.203505740586934,1.0344894071181479
1270,19.16790008544922,18.134660317116413,1.0332397683328054
1271,19.10400390625,18.066457248664847,1.0375466575851533
1272,19.01698112487793,17.99880324645642,1.0181778784215112
1273,18.948793411254883,17.931634819944975,1.017158591309908
1274,18.902063369750977,17.864887124119377,1.0371762456315992
1275,18.860816955566406,17.79850377937464,1.0623131761917648
1276,18.771886825561523,17.73243754874443,1.0394492768170949
1277,18.77117156982422,17.666648136895446,1.1045234329287723
1278,18.62812042236328,17.60109228560225,1.0270281367610323
1279,18.620967864990234,17.535732493115574,1.08523537187466
1280,18.52297782897949,17.47054818849847,1.0524296404810194
1281,18.47100257873535,17.40550449427758,1.0654980844577722
1282,18.40496063232422,17.340577707315674,1.0643829250085446
1283,18.35799217224121,17.275760293401277,1.0822318788399343
1284,18.2790756225586,17.212070132970325,1.0670054895882757
1285,18.20588111877441,17.15036172411999,1.0555193946544215
1286,18.125057220458984,17.090450944266422,1.0346062761925623
1287,18.08500289916992,17.02980418200184,1.0551987171680786
1288,17.998933792114258,16.966702621260765,1.0322311708534926
1289,18.00704002380371,16.899970163166245,1.1070698606374663
1290,17.86184310913086,16.829634193307186,1.0322089158236736
1291,17.862796783447266,16.753281224389127,1.1095155590581385
1292,17.783164978027344,16.669912465467007,1.1132525125603365
1293,17.70615577697754,16.584897862280457,1.1212579146970825
1294,17.66204833984375,16.507136546067613,1.1549117937761366
1295,17.615079879760742,16.442843437083354,1.172236442677388
1296,17.52185821533203,16.396083178928933,1.1257750364030983
1297,17.470121383666992,16.382601278905895,1.0875201047610972
1298,17.3799991607666,16.448638727155185,0.9313604336114167
1299,17.316102981567383,16.71687896207885,0.5992240194885312
1300,17.24386215209961,17.329636593132136,0.08577444103252674
1301,17.232894897460938,17.18912701990405,0.04376787755688838
1302,17.122983932495117,17.128917072597005,0.005933140101888057
1303,17.099857330322266,17.069066481781192,0.0307908485410735
1304,17.02284812927246,17.007630828317133,0.015217300955328028
1305,16.957998275756836,16.943426987040766,0.01457128871606983
1306,16.88408851623535,16.875397120799107,0.00869139543624442
1307,16.826868057250977,16.80320633812471,0.02366171912626669
1308,16.72196388244629,16.724079721207374,0.0021158387610853424
1309,16.68405532836914,16.6383039510265,0.0457513773426399
1310,16.65782928466797,16.555137388330365,0.10269189633760334
1311,16.6170597076416,16.482327043743084,0.134732663898518
1312,16.468048095703125,16.424304557386193,0.04374353831693156
1313,16.4639949798584,16.38836274968014,0.07563223017825749
1314,16.391992568969727,16.394096707884387,0.002104138914660325
1315,16.335010528564453,16.51434077601266,0.17933024744820614
1316,16.27206802368164,16.878506422152384,0.6064383984707433
1317,21.191835403442383,17.684358105185538,3.5074772982568447
1318,21.17204666137696,19.25055085519034,1.9214958061866199
1319,21.04496955871582,20.28355592437947,0.7614136343363498
1320,21.028995513916016,20.40149867184482,0.6274968420711957
1321,20.96700668334961,20.35253611711596,0.6144705662336492
1322,20.893096923828125,20.29812048635904,0.5949764374690858
1323,20.83611488342285,20.237462126488026,0.5986527569348254
1324,20.746946334838867,20.16366681073123,0.5832795241076383
1325,20.68305015563965,20.103081591969385,0.5799685636702634
1326,20.61605453491211,20.03922398580471,0.5768305491073988
1327,20.535945892333984,19.971284022176405,0.564661870157579
1328,20.46799659729004,19.899609798585516,0.5683867987045232
1329,20.41101455688477,19.825372927243734,0.5856416296410352
1330,20.41292190551757,19.74859372512583,0.6643281803917418
1331,20.25699615478516,19.66985867557014,0.5871374792150199
1332,20.29895782470703,19.589966235685097,0.7089915890219345
1333,20.130157470703125,19.508925886725592,0.6212315839775329
1334,20.126819610595703,19.427735869385288,0.6990837412104156
1335,20.084142684936523,19.346855347293967,0.7372873376425559
1336,19.968032836914062,19.2661021449112,0.7019306920028612
1337,19.913196563720703,19.18598418660622,0.7272123771144834
1338,19.83499526977539,19.10636602588056,0.7286292438948294
1339,19.773006439208984,19.027901869321795,0.7451045698871894
1340,19.705772399902344,18.95120071824863,0.7545716816537151
1341,19.63496208190918,18.87624107052943,0.7587210113797482
1342,19.64092254638672,18.80311350601005,0.8378090403766691
1343,19.5009708404541,18.731670218699037,0.7693006217550646
1344,19.501924514770508,18.6614813352719,0.8404431794986067
1345,19.35291290283203,18.59205095223615,0.7608619505958814
1346,19.36197280883789,18.523203497068153,0.8387693117697381
1347,19.2868709564209,18.45471836128354,0.8321525951373587
1348,19.207000732421875,18.385639461911296,0.8213612705105788
1349,19.15597915649414,18.315387087938007,0.8405920685561341
1350,19.07205581665039,18.2452417166985,0.8268140999518891
1351,18.99409294128418,18.175955922799858,0.8181370184843217
1352,18.98407936096192,18.107384270564353,0.8766950903975683
1353,18.85700225830078,18.039415524555125,0.8175867337456566
1354,18.84913444519043,17.971966215867496,0.8771682293229333
1355,18.723011016845703,17.904979626280237,0.8180313905654657
1356,18.784046173095703,17.8383893870091,0.9456567860866016
1357,18.604040145874023,17.772143181844058,0.8318969640299656
1358,18.589019775390625,17.706195974824368,0.882823800566257
1359,18.54681968688965,17.640504423070524,0.9063152638191241
1360,18.440961837768555,17.575028739173604,0.8659330985949509
1361,18.397092819213867,17.50973565408742,0.8873571651264456
1362,18.316030502319336,17.444610184043086,0.8714203182762503
1363,18.265962600708008,17.379615419869765,0.8863471808382428
1364,18.21303367614746,17.31472875893303,0.898304917214432
1365,18.12005043029785,17.24997297317543,0.8700774571224201
1366,18.085956573486328,17.187014901068665,0.8989416724176635
1367,18.06187629699707,17.12685219072796,0.9350241062691111
1368,18.004894256591797,17.066998637019992,0.9378956195718047
1369,17.919063568115234,17.005432023722733,0.9136315443925014
1370,17.852067947387695,16.94101824037375,0.9110497070139445
1371,17.8070068359375,16.872855297947353,0.9341515379901466
1372,17.71402359008789,16.800449959553987,0.9135736305339037
1373,17.731904983520508,16.72101795310965,1.0108870304108564
1374,17.575979232788086,16.63498364942484,0.9409955833632466
1375,17.580032348632812,16.552305117393473,1.0277272312393393
1376,17.506122589111328,16.47989590607679,1.0262266830345368
1377,17.431974411010742,16.422422083856247,1.0095523271544948
1378,17.35997200012207,16.38782487893664,0.9721471211854293
1379,17.333984375,16.39640298080991,0.9375813941900901
1380,17.251014709472656,16.52328303849515,0.727731670977505
1381,17.161846160888672,16.901833229752583,0.2600129311360888
1382,17.10796356201172,17.741346034256367,0.6333824722446479
1383,17.04692840576172,19.36591402409249,2.318985618330771
1384,16.981840133666992,20.331773523366792,3.3499333896997996
1385,16.897916793823242,20.401350357929005,3.5034335641057623
1386,16.830921173095703,20.344971430176884,3.5140502570811805
1387,16.785860061645508,20.293452322789562,3.5075922611440546
1388,16.71910285949707,20.232191226000396,3.5130883665033252
1389,16.698122024536133,20.158089801157075,3.4599677766209425
1390,16.64590835571289,20.098916612141693,3.4530082564288023
1391,16.549110412597656,20.035309581999172,3.486199169401516
1392,16.47782325744629,19.967407543390436,3.4895842859441473
1393,16.404151916503906,19.89595409759204,3.491802181088133
1394,16.340017318725586,19.82162986325875,3.4816125445331636
1395,16.282081604003906,19.74467932132029,3.4625977173163847
1396,16.206026077270508,19.665956461949463,3.4599303846789553
1397,21.19302749633789,19.58609923815402,1.6069282581838706
1398,21.121978759765625,19.505079883401777,1.616898876363848
1399,21.05188369750977,19.423908828571257,1.6279748689385123
1400,20.915985107421875,19.34308180784683,1.5729032995750458
1401,20.917177200317383,20.845257294126895,0.07191990619048738
1402,20.838022232055664,20.7619976542901,0.07602457776556548
1403,20.768165588378903,20.668993316121487,0.09917227225741598
1404,20.708799362182617,20.58943136569269,0.11936799648992746
1405,20.634174346923828,20.514484077466477,0.11969026945735095
1406,20.55501937866211,20.434313295027096,0.12070608363501378
1407,20.554065704345703,20.350466494619468,0.20359920972623513
1408,20.444869995117188,20.263700822169994,0.18116917294719315
1409,20.4160213470459,20.175040253207044,0.24098109383885458
1410,20.28989791870117,20.084710983383047,0.20518693531812104
1411,20.325899124145508,19.99375053287622,0.33214859126928786
1412,20.23792266845703,19.90233430490207,0.3355883635549617
1413,20.151853561401367,19.81083884072632,0.341014720675048
1414,20.11394500732422,19.720057856829953,0.39388715049426537
1415,20.016908645629883,19.630602894153526,0.3863057514763568
1416,20.01309394836425,19.541942325190576,0.4711516231736752
1417,19.866943359375,19.45471274848387,0.4122306108911289
1418,19.861936569213867,19.369594782688182,0.49234178652568517
1419,19.80209350585937,19.287206063836493,0.5148874420228786
1420,19.758939743041992,19.20820283021385,0.5507369128281425
1421,19.60015296936035,19.132260687456437,0.4678922819039144
1422,19.6230411529541,19.05888457861238,0.5641565743417232
1423,19.53887939453125,18.98786473091718,0.5510146636140689
1424,19.47903633117676,18.918852708253553,0.5601836229232084
1425,19.40202713012696,18.85062610597288,0.5514010241540817
1426,19.33884620666504,18.782956358109004,0.5558898485560348
1427,19.305944442749023,18.715684315026238,0.5902601277227859
1428,19.27518844604492,18.6464198539511,0.6287685920938166
1429,19.093036651611328,18.57676225941418,0.5162743921971469
1430,19.084930419921875,18.506778577432215,0.5781518424896603
1431,19.02008056640625,18.436465252534617,0.5836153138716327
1432,19.00887489318848,18.365759979332097,0.6431149138563832
1433,18.882036209106445,18.294627033810684,0.5874091752957611
1434,18.864154815673828,18.224551417517887,0.6396033981559412
1435,18.800020217895508,18.155341135042136,0.6446790828533722
1436,18.741130828857425,18.08682992580657,0.6543009030508564
1437,18.659114837646484,18.018915866321095,0.6401989713253897
1438,18.597841262817383,17.95151735007039,0.6463239127469933
1439,18.533945083618164,17.88457139443267,0.6493736891854951
1440,18.66483688354492,17.818022635651687,0.8468142478932315
1441,18.481969833374023,17.751821805063628,0.7301480283103956
1442,18.38898658752441,17.685921835010276,0.703064752514134
1443,18.33796501159668,17.62027752022277,0.7176874913739084
1444,18.268823623657227,17.55485288272496,0.7139707409322682
1445,18.19896697998047,17.489612621773176,0.7093543582072925
1446,18.13507080078125,17.424533796116748,0.7105370046645021
1447,18.05901527404785,17.359584491174473,0.6994307828733781
1448,17.99607276916504,17.294742781544414,0.7013299876206247
1449,17.932891845703125,17.230545458630786,0.702346387072339
1450,17.879009246826172,17.168127987361004,0.7108812594651681
1451,17.7919864654541,17.10820036134919,0.6837861041049109
1452,17.734050750732422,17.04816336228987,0.685887388442552
1453,17.657041549682617,16.985798545846365,0.6712430038362527
1454,17.665863037109375,16.920181489666675,0.7456815474427003
1455,17.518043518066406,16.85088240508037,0.6671611129860366
1456,17.529010772705078,16.776470342158234,0.7525404305468442
1457,17.41504669189453,16.69523092917302,0.7198157627215096
1458,17.422914505004883,16.609874916156286,0.8130395888485964
1459,17.33708381652832,16.52978330642796,0.8073005101003616
1460,17.266035079956055,16.460954580971077,0.805080498984978
1461,17.17400550842285,16.408751870873317,0.7652536375495345
1462,17.117977142333984,16.384208457427718,0.7337686849062663
1463,17.052173614501953,16.412976341342755,0.6391972731591977
1464,16.973018646240234,16.603074782373994,0.36994386386624
1465,16.917943954467773,17.10184715868479,0.18390320421701745
1466,16.856908798217773,18.20375970277155,1.3468509045537758
1467,16.782045364379883,19.78610834180472,3.0040629774248373
1468,16.79205894470215,20.3584314259615,3.56637248125935
1469,16.655921936035156,20.353082643737253,3.6971607077020963
1470,16.649961471557617,20.308909477193993,3.6589480056363755
1471,16.53003692626953,20.256845874882856,3.726808948613325
1472,16.499042510986328,20.190010477449505,3.6909679664631767
1473,16.429901123046875,20.1193236588324,3.689422535785525
1474,16.375064849853516,20.05872150925825,3.6836566594047326
1475,16.29495620727539,19.992369655824405,3.697413448549014
1476,16.234874725341797,19.92173295241173,3.6868582270699335
1477,21.213054656982425,19.84792815540004,1.3651265015823846
1478,21.129131317138672,19.77188984562872,1.3572414715099512
1479,21.05998992919922,19.69383812365777,1.366151805541449
1480,21.007061004638672,19.614587022942942,1.39247398169573
1481,20.92719078063965,19.53535556197039,1.3918352186692573
1482,20.83992958068848,19.455410297950948,1.384519282737532
1483,20.814180374145508,19.374705179075136,1.4394751950703721
1484,20.74790000915528,19.29414905134763,1.4537509578076495
1485,20.74003219604492,19.21407849931711,1.5259536967278073
1486,20.576953887939453,19.134393292574714,1.4425605953647391
1487,20.56503295898437,19.055327414946532,1.509705544037839
1488,20.489931106567383,18.978093451210043,1.5118376553573398
1489,20.509004592895508,18.902383768505615,1.6066208243898927
1490,20.33209800720215,18.828446403233556,1.503651603968592
1491,20.34282684326172,18.75620719843596,1.5866196448257597
1492,20.27297019958496,18.685249317513808,1.587720882071153
1493,20.23601531982422,18.61525005918452,1.6207652606397005
1494,20.16305923461914,18.545914150081444,1.6171450845376967
1495,20.084857940673828,18.477216024678,1.6076419159958277
1496,19.98305320739746,18.40856649070588,1.574486716691581
1497,20.016908645629883,18.33890060007093,1.678008045558954
1498,19.85001564025879,18.26858439693524,1.58143124332355
1499,19.85406875610352,18.19906174097241,1.6550070151311083
1500,19.763946533203125,18.13027625257746,1.6336702806256653
1501,19.746065139770508,19.561043667636113,0.18502147213439457
1502,19.64902877807617,19.467047861098763,0.18198091697740537
1503,19.580841064453125,19.385152167501474,0.19568889695165126
1504,19.49596405029297,19.306833615928554,0.18913043436441512
1505,19.423961639404297,19.23147524757951,0.19248639182478655
1506,19.37294006347656,19.158648374286713,0.21429168918984587
1507,19.288063049316406,19.088017427350223,0.2000456219661828
1508,19.208908081054688,19.01728066283681,0.19162741821787677
1509,19.208192825317383,18.94778814371989,0.2604046815974925
1510,19.0730094909668,18.87897624325774,0.19403324770906138
1511,19.06108856201172,18.81009187891891,0.25099668309280787
1512,19.01388168334961,18.74107697801719,0.27280470533241896
1513,18.937110900878903,18.671866526233316,0.2652443746455866
1514,18.866777420043945,18.602363002088396,0.26441441795554965
1515,18.78809928894043,18.532567421431168,0.25553186750926216
1516,18.717050552368164,18.462427637359724,0.25462291500844003
1517,18.661975860595703,18.391975141184957,0.27000071941074566
1518,18.630027770996094,18.321092602377576,0.3089351686185182
1519,18.58210563659668,18.250663470723794,0.3314421658728861
1520,18.500089645385746,18.18120430530712,0.31888534007862646
1521,18.491029739379883,18.11252903650029,0.3785007028795917
1522,18.359899520874023,18.044452610524786,0.31544691034923744
1523,18.37301254272461,17.976917970543127,0.39609457218148236
1524,18.24307441711425,17.909838769412545,0.3332356477017058
1525,18.24307441711425,17.843174711799747,0.39989970531450325
1526,18.15986633300781,17.776870264640365,0.3829960683674436
1527,18.09000968933105,17.71089088907729,0.3791188002537602
1528,18.0051326751709,17.645119593197478,0.3600130819734204
1529,17.93694496154785,17.579614111070896,0.3573308504769557
1530,17.88496971130371,17.514250763113637,0.3707189481900741
1531,17.828941345214844,17.44905765447413,0.37988369074071215
1532,17.785072326660156,17.38406839281481,0.4010039338453453
1533,17.766952514648438,17.319197562187583,0.44775495246085484
1534,17.647981643676758,17.25445904585854,0.39352259781821886
1535,17.65298843383789,17.191382881335926,0.46160555250196467
1536,17.574071884155273,17.130964515729374,0.44310736842589904
1537,17.509937286376953,17.07118808187147,0.43874920450548416
1538,17.453908920288086,17.009869928244825,0.4440389920432608
1539,17.40407943725586,16.945697239663104,0.4583821975927549
1540,17.320871353149414,16.877806967968922,0.4430643851804916
1541,17.31109619140625,16.805839121765587,0.5052570696406633
1542,17.197847366333008,16.72697112300625,0.4708762433267566
1543,17.145872116088867,16.6412334894801,0.5046386266087666
1544,17.052888870239258,16.557743802231073,0.4951450680081848
1545,17.059803009033203,16.48423042682623,0.5755725822069735
1546,16.9219970703125,16.42564420791004,0.49635286240246046
1547,16.956090927124023,16.38875004201168,0.567340885112344
1548,16.80898666381836,16.392785882068495,0.41620078174986475
1549,16.8149471282959,16.508643219054875,0.3063039092410236
1550,16.71290397644043,16.86289329263957,0.14998931619913947
1551,16.66998863220215,17.65958748023877,0.9895988480366213
1552,16.576051712036133,19.253129079288556,2.677077367252423
1553,16.509056091308594,20.306050878843962,3.7969947875353682
1554,16.459941864013672,20.411611107419958,3.951669243406286
1555,16.405105590820312,20.35794517303202,3.952839582211709
1556,16.32404327392578,20.305984510059716,3.9819412361339346
1557,16.32094383239746,20.245555732003595,3.924611899606134
1558,16.227006912231445,20.171586367496275,3.9445794552648294
1559,21.18802070617676,20.1108982093956,1.0771224967811612
1560,21.11101150512696,20.047263412720895,1.0637480924060654
1561,21.07381820678711,19.979309904442744,1.0945083023443658
1562,20.982027053833008,19.90757269823007,1.0744543556029384
1563,20.943164825439453,19.833177354485088,1.1099874709543656
1564,20.899057388305664,19.756241034428967,1.1428163538766967
1565,20.780086517333984,19.67725676331611,1.1028297540178755
1566,20.78700065612793,19.597146254568543,1.189854401559387
1567,20.709991455078125,19.5159244073011,1.1940670477770254
1568,20.624876022338867,19.434584721579995,1.1902913007588722
1569,20.550012588500977,19.353530150738152,1.1964824377628247
1570,20.4927921295166,19.2726523375768,1.2201397919398005
1571,20.42508125305176,19.192399271389604,1.2326819816621573
1572,20.35999298095703,19.112677494092623,1.2473154868644087
1573,20.279884338378903,19.03411886360118,1.2457654747777234
1574,20.21312713623047,18.957420590766105,1.2557065454643634
1575,20.128965377807617,18.882474487696754,1.246490890110863
1576,20.130157470703125,18.809297654513557,1.320859816189568
1577,20.00284194946289,18.737782749866483,1.2650591995964078
1578,20.01309394836425,18.6676045328511,1.3454894155131498
1579,19.936084747314453,18.598192773708888,1.337891973605565
1580,19.85001564025879,18.529367159288768,1.3206484809700214
1581,19.80900764465332,18.460905557333263,1.3481020873200578
1582,19.72508430480957,18.39187897417105,1.3332053306385205
1583,19.67000961303711,18.321665879682314,1.3483437333547954
1584,19.58894729614257,18.25140554822724,1.3375417479153313
1585,19.52409744262696,18.182044242905704,1.3420531997212564
1586,19.44708824157715,18.113411470437768,1.3336767711393804
1587,19.41204071044922,18.045390069602263,1.3666506408469559
1588,19.387006759643555,17.97789538633765,1.4091113733059046
1589,19.24586296081543,17.910867824184606,1.3349951366308233
1590,19.229888916015625,17.84424236882387,1.3856465471917545
1591,19.1800594329834,17.77796602681292,1.4020934061704793
1592,19.1030502319336,17.71199240772603,1.3910578242075715
1593,19.03510093688965,17.64627850729994,1.388822429589709
1594,18.976926803588867,17.58078411485542,1.3961426887334483
1595,18.92304420471192,17.515474945497544,1.4075692592143767
1596,18.829822540283203,17.450337115960224,1.3794854243229793
1597,18.774986267089844,17.385332531915765,1.389653735174079
1598,18.769025802612305,17.32043825211349,1.4485875504988144
1599,18.64790916442871,17.255667821203247,1.3922413432254643
1600,18.62502098083496,17.19253366864848,1.4324873121864812
1601,18.56708526611328,18.50435611680723,0.06272914930605111
1602,18.498897552490234,18.43054471677874,0.06835283571149375
1603,18.43404769897461,18.359116159274436,0.07493153970017374
1604,18.34893226623535,18.28749323604484,0.06143903019051322
1605,18.28598976135254,18.217228671886687,0.06876108946585191
1606,18.21613311767578,18.14794931169672,0.06818380597906071
1607,18.201828002929688,18.079437594536785,0.12239040839290283
1608,18.077850341796875,18.01159278207365,0.06625755972322622
1609,18.067121505737305,17.94427045447833,0.12285105125897644
1610,18.0051326751709,17.877455374019746,0.12767730115115228
1611,17.939090728759766,17.811045447899687,0.1280452808600785
1612,17.84205436706543,17.744978032112613,0.09707633495281698
1613,17.81010627746582,17.679233317608123,0.13087295985769742
1614,17.712116241455078,17.613723602778464,0.0983926386766143
1615,17.6849365234375,17.548429501843543,0.13650702159395678
1616,17.625093460083008,17.483311735318807,0.1417817247642006
1617,17.599105834960938,17.41835616597598,0.1807496689849586
1618,17.460107803344727,17.353504721128843,0.10660308221588366
1619,17.410993576049805,17.28871498909257,0.12227858695723626
1620,17.334938049316406,17.22475639063248,0.11018165868392771
1621,17.32492446899414,17.162522195405927,0.16240227358821357
1622,17.20881462097168,17.102661784718975,0.10615283625270422
1623,17.217159271240234,17.042491201550547,0.1746680696896874
1624,17.13705062866211,16.979928463911165,0.15712216475094465
1625,17.04692840576172,16.913993955000706,0.13293445076101307
1626,16.978979110717773,16.844390962333478,0.1345881483842959
1627,16.898155212402344,16.769475504034403,0.1286797083679403
1628,16.824960708618164,16.687706876183483,0.1372538324346806
1629,16.83497428894043,16.60235255624798,0.23262173269245068
1630,16.692161560058594,16.52286036076589,0.16930119929270404
1631,16.689777374267578,16.455160856999385,0.23461651726819355
1632,16.618967056274414,16.404731247384063,0.21423580889035065
1633,16.5560245513916,16.38322606820708,0.17279848318452196
1634,16.467809677124023,16.419816474169124,0.04799320295489906
1635,16.398191452026367,16.636653958713055,0.23846250668668745
1636,16.33286476135254,17.17102933601211,0.8381645746595723
1637,16.25514030456543,18.369162564681574,2.114022260116144
1638,16.20006561279297,19.901432231222316,3.701366618429347
1639,21.12007141113281,20.387150147030297,0.7329212641025116
1640,21.08097076416016,20.36659343195879,0.7143773322013693
1641,21.070003509521484,20.31977838146304,0.750225128058446
1642,20.960092544555664,20.265970228251717,0.6941223163039467
1643,20.93291282653809,20.197311720949074,0.7356011055890157
1644,20.79010009765625,20.12779583731117,0.6623042603450813
1645,20.787954330444336,20.066749423222063,0.7212049072222726
1646,20.713090896606445,20.000105682584035,0.7129852140224102
1647,20.64180374145508,19.92901997402896,0.7127837674261208
1648,20.580053329467773,19.85458941419438,0.7254639152733944
1649,20.50304412841797,19.778039793891367,0.7250043345266022
1650,20.457029342651367,19.699662323091616,0.7573670195597515
1651,20.394086837768555,19.61973398988448,0.7743528478840744
1652,20.31803131103516,19.539124360790083,0.7789069502450765
1653,20.25008201599121,19.45816934312461,0.7919126728666015
1654,20.23506164550781,19.376635291678213,0.8584263538295964
1655,20.164012908935547,19.295700590987508,0.868312317948039
1656,20.102977752685547,19.215628684492003,0.8873490681935436
1657,20.04003524780273,19.136034904136068,0.904000343666663
1658,19.967079162597656,19.0574298832189,0.9096492793787547
1659,19.91486549377441,18.980345587863212,0.9345199059111984
1660,19.845962524414062,18.904671967789,0.9412905566250629
1661,19.77801322937012,18.830923550382295,0.947089678987826
1662,19.779205322265625,18.758797443410913,1.0204078788547122
1663,19.632816314697266,18.68796061779676,0.944855696900504
1664,19.60611343383789,18.61805921956261,0.9880542142752802
1665,19.55413818359375,18.548868068904767,1.005270114688983
1666,19.49000358581543,18.48027203629954,1.009731549515891
1667,19.41990852355957,18.411624534024895,1.0082839895346751
1668,19.36006546020508,18.341877206182744,1.0181882540223377
1669,19.27399635314941,18.271459248865085,1.0025371042843254
1670,19.263029098510746,18.201887493546565,1.061141604964181
1671,19.14691925048828,18.13306661975389,1.013852630734391
1672,19.083023071289062,18.064883360352724,1.0181397109363388
1673,19.04606819152832,17.997246288956603,1.0488219025717171
1674,19.0122127532959,17.930090391246267,1.0821223620496312
1675,18.87202262878418,17.863355732146147,1.008666896638033
1676,18.871068954467773,17.79698288450504,1.074086069962732
1677,18.79405975341797,17.73092562720535,1.063134126212617
1678,18.73087882995605,17.6651423104488,1.0657365195072508
1679,18.652915954589844,17.59959297751834,1.0533229770715025
1680,18.576860427856445,17.53423826427536,1.0426221635810862
1681,18.50295066833496,17.4690587002857,1.0338919680492609
1682,18.429994583129883,17.404018646189456,1.0259759369404264
1683,18.36705207824707,17.339094822119705,1.0279572561273653
1684,18.311023712158203,17.2742802864434,1.0367434257148034
1685,18.2490348815918,17.210631098578233,1.0384037830135675
1686,18.232107162475582,17.149009121524728,1.0830980409508548
1687,18.10312271118164,17.089103590222976,1.0140191209586646
1688,18.10002326965332,17.028404088478055,1.0716191811752651
1689,17.97795295715332,16.96523268813621,1.0127202690171089
1690,17.96889305114746,16.898412867050183,1.0704801840972777
1691,17.914772033691406,16.827996137216417,1.0867758964749896
1692,17.86494255065918,16.751452527351773,1.1134900233074063
1693,17.796993255615234,16.667932703256838,1.1290605523583963
1694,17.71688461303711,16.582910396550687,1.133974216486422
1695,17.644882202148438,16.50547618363163,1.1394060185168087
1696,17.59791374206543,16.4415030881635,1.1564106539019292
1697,17.53520965576172,16.395138164476464,1.140071491285255
1698,17.522811889648438,16.383103002365118,1.1397088872833194
1699,17.442941665649414,16.452309030974277,0.9906326346751371
1700,17.405033111572266,16.72613021188596,0.6789028996863067
1701,17.234086990356445,17.287241923767738,0.053154933411292404
1702,17.241954803466797,17.221655089088017,0.020299714378779754
1703,17.176151275634766,17.15923186134205,0.016919414292715373
1704,17.077922821044922,17.09874374078879,0.020820919743869126
1705,17.019033432006836,17.037901512296116,0.018868080289280442
1706,16.9370174407959,16.974855315311288,0.03783787451538956
1707,16.893863677978516,16.908231637685844,0.014367959707328737
1708,16.798973083496094,16.837985189496862,0.039012106000768654
1709,16.72506332397461,16.762209561278496,0.037146237303886664
1710,16.72506332397461,16.67941556110719,0.045647762867417896
1711,16.68095588684082,16.594408280496964,0.08654760634385639
1712,16.585826873779297,16.51575432953223,0.07007254424706844
1713,16.514062881469727,16.449782297708992,0.06428058376073409
1714,16.438961029052734,16.401170803373333,0.0377902256794016
1715,16.38197898864746,16.38266402872901,0.0006850400815494595
1716,16.34693145751953,16.431168647311978,0.08423718979244654
1717,16.247034072875977,16.6731117540877,0.42607768121172285
1718,16.212940216064453,17.24757810977451,1.0346378937100553
1719,21.17180824279785,18.70182085798433,2.469987384813521
1720,21.090030670166016,20.07103630489837,1.0189943652676448
1721,20.999908447265625,20.43428552849491,0.565622918770714
1722,20.94078063964844,20.40079976791276,0.5399808717356827
1723,20.88308334350586,20.351430196456022,0.5316531470498376
1724,20.81608772277832,20.294724165410116,0.5213635573682041
1725,20.74503898620605,20.223039783331842,0.5219992028742091
1726,20.68114280700684,20.15489529549086,0.5262475115159795
1727,20.60985565185547,20.092337975711416,0.5175176761440525
1728,20.55692672729492,20.024624884968034,0.5323018423268842
1729,20.54405212402344,19.95210141183179,0.5919507121916503
1730,20.488977432250977,19.87643557993124,0.6125418523197368
1731,20.390987396240234,19.798650010329766,0.5923373859104686
1732,20.327091217041016,19.71942328998466,0.6076679270563545
1733,20.269155502319336,19.638750001035987,0.6304055012833487
1734,20.183086395263672,19.557346655460606,0.6257397398030662
1735,20.11895179748535,19.475542388249778,0.6434094092355735
1736,20.05600929260254,19.393492962876735,0.6625163297258041
1737,20.04885673522949,19.312116706601046,0.7367400286284429
1738,19.906044006347656,19.231450867209787,0.674593139137869
1739,19.897937774658203,19.15141349957139,0.7465242750868128
1740,19.82879638671875,19.0724495454333,0.756346841285449
1741,19.752979278564453,18.99518138145595,0.7577978971085031
1742,19.685029983520508,18.919728708482353,0.7653012750381549
1743,19.633054733276367,18.84621867691294,0.7868360563634269
1744,19.542932510375977,18.77432435276205,0.7686081576139259
1745,19.486188888549805,18.703711183178484,0.7824777053713206
1746,19.440889358520508,18.63397807721867,0.8069112813018364
1747,19.422054290771484,18.56500008548778,0.8570542052837027
1748,19.28901672363281,18.49651935171437,0.79249737191844
1749,19.29593086242676,18.427910959616156,0.8680199028106053
1750,19.21987533569336,18.358138235555543,0.861737100137816
1751,19.145965576171875,18.28736574702816,0.8585998291437136
1752,19.060134887695312,18.21758320309641,0.8425516845989023
1753,19.00315284729004,18.148599454889336,0.8545533924007032
1754,18.929004669189453,18.08027753213537,0.8487271370540839
1755,18.936872482299805,18.01252109851248,0.9243513837873252
1756,18.815040588378903,17.945261245614574,0.8697793427643283
1757,18.796920776367188,17.87843397497113,0.9184868013960568
1758,18.73993873596192,17.811980875279687,0.9279578606822341
1759,18.64194869995117,17.745853693725167,0.8960950062260018
1760,18.60499382019043,17.680009764660554,0.9249840555298761
1761,18.557071685791016,17.614405914514464,0.9426657712765518
1762,18.48387718200684,17.549006334618866,0.9348708473879732
1763,18.40996742248535,17.48378571340936,0.9261817090759905
1764,18.33987236022949,17.418713067499425,0.9211592927300636
1765,18.275022506713867,17.353764439789643,0.9212580669242243
1766,18.18513870239257,17.2889147726778,0.8962239297147718
1767,18.18704605102539,17.224862800787832,0.9621832502375582
1768,18.045902252197266,17.162573749729404,0.8833285024678617
1769,18.043994903564453,17.102671012011683,0.94132389155277
1770,17.963886260986328,17.042451329487562,0.9214349314987658
1771,17.714977264404297,16.979842709346826,0.7351345550574706
1772,17.64202117919922,16.913876116547044,0.7281450626521746
1773,17.580032348632812,16.844244468479985,0.7357878801528273
1774,17.496109008789062,16.769265307999603,0.726843700789459
1775,17.431020736694336,16.68745799324256,0.7435627434517755
1776,17.42720603942871,16.602211310946302,0.8249947284824088
1777,17.290830612182617,16.522762162054505,0.7680684501281121
1778,17.278194427490234,16.4551831633446,0.8230112641456344
1779,17.225980758666992,16.40475446376044,0.8212262949065519
1780,17.152070999145508,16.38321337009785,0.768857629047659
1781,17.07005500793457,16.4195722683651,0.650482739569469
1782,17.010927200317383,16.63571108177564,0.3752161185417435
1783,16.94202423095703,17.168529755537065,0.22650552458003403
1784,16.86382293701172,18.358138743479913,1.4943158064681938
1785,16.826868057250977,19.893451723532962,3.0665836662819856
1786,16.742944717407227,20.38459494883682,3.641650231429594
1787,16.691923141479492,20.365019543646667,3.6730964021671753
1788,16.66712760925293,20.318394795481254,3.651267186228324
1789,16.52693748474121,20.264693645003717,3.7377561602625065
1790,16.534090042114258,20.19616042571215,3.662070383597893
1791,16.455888748168945,20.126600521962246,3.6707117737933004
1792,16.383886337280273,20.065613704332463,3.68172736705219
1793,16.32213592529297,19.999013983806435,3.6768780585134664
1794,16.246795654296875,19.927974327060838,3.681178672763963
1795,16.25514030456543,19.853589819035733,3.5984495144703033
1796,21.149873733520508,19.777083541612228,1.3727901919082797
1797,21.08120918273925,19.698747381994508,1.3824618007447427
1798,21.034955978393555,19.618854942109465,1.4161010362840898
1799,20.944833755493164,19.53827849740719,1.406555258085973
1800,20.87998390197754,19.457358695831317,1.422625206146222
1801,20.81513404846192,20.758220051448006,0.05691399701391475
1802,20.74193954467773,20.66271740261527,0.07922214206245926
1803,20.69306373596192,20.586202321169367,0.1068614147925544
1804,20.60699462890625,20.511099946702416,0.09589468220383424
1805,20.64204216003418,20.43120412065491,0.2108380393792686
1806,20.487070083618164,20.347515792650483,0.13955429096768057
1807,20.49803733825684,20.260794817545502,0.23724252071133733
1808,20.374059677124023,20.172382115674736,0.20167756144928717
1809,20.358800888061523,20.082644069816524,0.27615681824499916
1810,20.28417587280273,19.992105535152405,0.2920703376503262
1811,20.19786834716797,19.901142375715608,0.2967259714523607
1812,20.125865936279297,19.810277414990196,0.31558852128910075
1813,20.04694938659668,19.719765292393276,0.3271840942034032
1814,19.9880599975586,19.630642850870572,0.3574171466880287
1815,19.944190979003903,19.54256267015353,0.4016283088503734
1816,19.87481117248535,19.455761781614456,0.4190493908708959
1817,19.85812187194824,19.370696639953167,0.48742523199507204
1818,19.781827926635746,19.28847926092203,0.4933486657137145
1819,19.711971282958984,19.20924441378702,0.5027268691719655
1820,19.59991455078125,19.132870196699514,0.46704435408173595
1821,19.58489418029785,19.05939521191158,0.5254989683862732
1822,19.5310115814209,18.988294096317304,0.5427174851035943
1823,19.45209503173828,18.919233482222353,0.5328615495159283
1824,19.366979598999023,18.850968616305863,0.5160109826931603
1825,19.288063049316406,18.783277366310358,0.5047856830060482
1826,19.22082901000977,18.71601514309873,0.5048138669110394
1827,19.15597915649414,18.646766089062794,0.5092130674313466
1828,19.0730094909668,18.577125086721935,0.49588440424486535
1829,19.065141677856445,18.50715020876237,0.5579914690940768
1830,18.927812576293945,18.436826725377387,0.4909858509165588
1831,18.959999084472656,18.366108754065635,0.5938903304070209
1832,18.802165985107425,18.294978178857946,0.5071878062494797
1833,18.811941146850582,18.22489883778644,0.5870423090641417
1834,18.73707771301269,18.155685677072597,0.5813920359400946
1835,18.68295669555664,18.087172605447677,0.5957840901089639
1836,18.604040145874023,18.01925685288097,0.5847832929930519
1837,18.535852432250977,17.951857828705897,0.5839946035450794
1838,18.48602294921875,17.884911703760054,0.6011112454586964
1839,18.435001373291016,17.818362606362825,0.6166387669281903
1840,18.383026123046875,17.75216143715852,0.6308646858883549
1841,18.294095993041992,17.6862609591808,0.6078350338611926
1842,18.219947814941406,17.620616305777048,0.5993315091643581
1843,18.188953399658203,17.555191498971112,0.6337619006870909
1844,18.13197135925293,17.489950899403084,0.6420204598498458
1845,18.045902252197266,17.424871481168225,0.6210307710290408
1846,17.980098724365234,17.35992158364752,0.6201771407177148
1847,17.901182174682617,17.295079112130907,0.6061030625517105
1848,17.921924591064453,17.230872223308324,0.6910523677561287
1849,17.79913902282715,17.168445694053958,0.6306933287731908
1850,17.781972885131836,17.10851510514999,0.6734577799818453
1851,17.705917358398438,17.048487079421193,0.6574302789772446
1852,17.6849365234375,16.986134791778795,0.6988017316587047
1853,17.47298240661621,16.920536867417013,0.5524455391991978
1854,17.503023147583008,16.851255221567385,0.6517679260156228
1855,17.45891571044922,16.77687452297505,0.6820411874741694
1856,17.366886138916016,16.69566664362776,0.6712194952882555
1857,17.30799674987793,16.61030478948078,0.697691960397151
1858,17.27294921875,16.530167403068674,0.742781815681326
1859,17.188072204589844,16.46127908115247,0.7267931234373748
1860,17.14301109313965,16.408980881273294,0.7340302118663544
1861,17.042875289916992,16.384266487786903,0.6586088021300895
1862,16.98589324951172,16.412675988732417,0.5732172607793018
1863,16.9069766998291,16.601277788282687,0.3056989115464148
1864,16.894102096557617,17.098185616561068,0.20408352000345076
1865,16.8149471282959,18.19522589613598,1.3802787678400819
1866,16.746997833251953,19.779923177452474,3.032925344200521
1867,16.6928768157959,20.35685008809196,3.6639732722960616
1868,16.629934310913086,20.35239863892002,3.722464328006936
1869,16.594886779785156,20.30833924743547,3.7134524676503133
1870,16.51906967163086,20.256375198300702,3.737305526669843
1871,16.433000564575195,20.189637322346243,3.756636757771048
1872,16.38197898864746,20.11888684387486,3.7369078552274004
1873,16.30687713623047,20.05828130813825,3.7514041719077795
1874,16.267061233520508,19.99196060739905,3.724899373878543
1875,21.17705345153809,19.92135167051856,1.2557017810195283
1876,21.14295959472656,19.847580057898995,1.2953795368275642
1877,21.088123321533203,19.771559356172475,1.3165639653607286
1878,21.00396156311035,19.69353336903623,1.3104281940741203
1879,20.93386650085449,19.61458092785051,1.3192855730039774
1880,20.89095115661621,19.535398227617407,1.3555529289988044
1881,20.784854888916016,19.45546379931784,1.3293910895981753
1882,20.788908004760746,19.374789833136674,1.4141181716240716
1883,20.647048950195312,19.294243863896554,1.3528050862987584
1884,20.642995834350582,19.21417805249348,1.4288177818571022
1885,20.56097984313965,19.13450706763342,1.4264727755062268
1886,20.471811294555664,19.05544389893521,1.4163673956204548
1887,20.40910720825196,18.978140857484505,1.4309663507674557
1888,20.36404609680176,18.902421185600815,1.4616249112009463
1889,20.272016525268555,18.82847298460888,1.4435435406596753
1890,20.205974578857425,18.75622700748636,1.4497475713710664
1891,20.210981369018555,18.6852632007799,1.5257181682386545
1892,20.14899253845215,18.615258016666303,1.5337345217858456
1893,20.083904266357425,18.545918213476398,1.5379860528810276
1894,20.01786231994629,18.477212469207416,1.5406498507388733
1895,19.937992095947266,18.40856327385154,1.5294288220957242
1896,19.88697052001953,18.338902462460283,1.5480680575592487
1897,19.815921783447266,18.26858879894644,1.5473329845008266
1898,19.73104476928711,18.199066820216103,1.5319779490710062
1899,19.66094970703125,18.13028183974552,1.5306678672857288
1900,19.60301399230957,18.062127870649647,1.5408861216599234
1901,19.55509185791016,19.425146809567195,0.1299450483429645
1902,19.46091651916504,19.338316800030952,0.12259971913408663
1903,19.484996795654297,19.26128024956597,0.22371654608832614
1904,19.34504508972168,19.18715512158542,0.15788996813626
1905,19.34504508972168,19.11547649598333,0.2295685937383496
1906,19.269943237304688,19.043904873115025,0.2260383641896624
1907,19.199848175048828,18.97368957762069,0.22615859742813882
1908,19.1340446472168,18.904680941119523,0.22936370609727774
1909,19.06108856201172,18.835724112904018,0.22536444910770115
1910,18.989086151123047,18.766661805727836,0.22242434539521128
1911,18.91708374023437,18.69743374589916,0.21964999433521015
1912,18.864870071411133,18.62801165896144,0.23685841244969197
1913,18.85294914245605,18.55831664732932,0.29463249512673073
1914,18.70894432067871,18.48832348409246,0.22062083658624942
1915,18.756866455078125,18.417969017320956,0.3388974377571685
1916,18.5849666595459,18.34723970236496,0.23772695718093928
1917,18.58997344970703,18.276360211103793,0.31361323860323864
1918,18.533945083618164,18.20663201507955,0.32731306853861497
1919,18.437862396240234,18.137706508866813,0.30015588737342114
1920,18.35799217224121,18.069467039168785,0.2885251330724259
1921,18.311023712158203,18.00178797935814,0.30923573280006167
1922,18.23115348815918,17.934571469339744,0.2965820188194357
1923,18.1570053100586,17.867779584094023,0.2892257259645774
1924,18.08500289916992,17.801362039108426,0.28364086006149236
1925,18.10002326965332,17.735274306346582,0.364748963306738
1926,17.987966537475586,17.669469318150277,0.31849721932530883
1927,17.951011657714844,17.603886377557387,0.3471252801574565
1928,17.88187026977539,17.538503559165974,0.34336671060941626
1929,17.886877059936523,17.473295974681946,0.4135810852545774
1930,17.750024795532227,17.408225360469487,0.3417994350627396
1931,17.74001121520996,17.34325548459026,0.39675573061970226
1932,17.630815505981445,17.278451953941953,0.3523635520394919
1933,17.599821090698242,17.214708461452233,0.3851126292460094
1934,17.524003982543945,17.152862489751897,0.37114149279204867
1935,17.47298240661621,17.092962884234453,0.3800195223817582
1936,17.401933670043945,17.03245800217701,0.3694756678669364
1937,17.343997955322266,16.96948003636578,0.3745179189564851
1938,17.25316047668457,16.902923912681445,0.35023656400312575
1939,17.258167266845703,16.832748997174463,0.4254182696712405
1940,17.127037048339844,16.756760887261635,0.37027616107820904
1941,17.122983932495117,16.673675380829422,0.4493085516656947
1942,16.99995994567871,16.588665772232503,0.41129417344620833
1943,16.978025436401367,16.510448234118513,0.46757720228285393
1944,16.911983489990234,16.445414126970093,0.46656936302014174
1945,16.848087310791016,16.39788622578564,0.45020108500537503
1946,16.77989959716797,16.382236864334487,0.3976627328334814
1947,16.69907569885254,16.441932368909562,0.25714332994297706
1948,16.644001007080078,16.699698039346345,0.05569703226626643
1949,16.61396026611328,17.293978609330907,0.6800183432176254
1950,16.50691032409668,18.633968765271902,2.1270584411752225
1951,16.435861587524414,20.061945813154125,3.626084225629711
1952,16.40605926513672,20.411868455767035,4.005809190630316
1953,16.381025314331055,20.375621618313744,3.9945963039826893
1954,16.235828399658203,20.327022737433253,4.09119433777505
1955,16.219139099121094,20.271201849254794,4.0520627501337
1956,21.61407470703125,20.200190636273874,1.4138840707573763
1957,21.07691764831543,20.132783654617015,0.944133993698415
1958,21.06618881225586,20.070458625582432,0.9957301866734269
1959,20.956993103027344,20.003406513751543,0.9535865892758011
1960,20.941972732543945,19.9323004882217,1.0096722443222461
1961,20.884037017822266,19.857382320992656,1.0266546968296097
1962,20.795106887817383,19.780173753474628,1.0149331343427548
1963,20.73192596435547,19.70155925130257,1.0303667130528993
1964,20.66516876220703,19.62146567336731,1.0437030888397203
1965,20.60508728027344,19.540510655701837,1.064576624571604
1966,20.53189277648925,19.459121532008794,1.0727712444804567
1967,20.463943481445312,19.37754413768289,1.086399343762423
1968,20.4470157623291,19.29651665614074,1.150499106188363
1969,20.30611038208008,19.216208734121665,1.089901647958417
1970,20.31588554382324,19.136457835827514,1.1794277079957247
1971,20.24507522583008,19.057744796327825,1.187330429502257
1972,20.17998695373535,18.980684034801243,1.1993029189341087
1973,20.05290985107422,18.90517650599577,1.14773334507845
1974,20.05219459533692,18.831608232432018,1.2205863629049034
1975,19.98186111450196,18.759659898989867,1.2222012155120936
1976,19.886016845703125,18.688982730935777,1.197034114767348
1977,19.84882354736328,18.61921356234575,1.2296099850175324
1978,19.77086067199707,18.55025537966526,1.2206052923318111
1979,19.714832305908203,18.481721313833077,1.233110992075126
1980,19.661903381347656,18.413006765541695,1.2488966158059611
1981,19.575119018554688,18.343168688545575,1.2319503300091128
1982,19.57082748413086,18.272657611760224,1.2981698723706359
1983,19.4699764251709,18.203056227520165,1.2669201976507338
1984,19.443988800048828,18.134217576374567,1.309771223674261
1985,19.3789005279541,18.06601941785857,1.3128811100955318
1986,19.294023513793945,17.998370156277588,1.2956533575163576
1987,19.244909286499023,17.93120477731236,1.313704509186664
1988,19.1497802734375,17.864460636957347,1.2853196364801533
1989,19.06991004943848,17.798080170450703,1.271829878987777
1990,19.00506019592285,17.73201614082609,1.2730440550967614
1991,18.936872482299805,17.666228591366462,1.2706438909333428
1992,18.88608932495117,17.600674348500434,1.2854149764507348
1993,18.834829330444336,17.53531574117062,1.2995135892737153
1994,18.79811286926269,17.4701327910185,1.3279800782441917
1995,18.689870834350582,17.40509011264635,1.2847807217042337
1996,18.66698265075684,17.34016425687912,1.3268183938777192
1997,18.576860427856445,17.275347689505338,1.3015127383511071
1998,18.53203773498535,17.21166870341051,1.3203690315748418
1999,18.47696304321289,17.149984674929897,1.3269783682829939
2000,18.420934677124023,17.090075418849437,1.330859258274586
2001,18.346071243286133,18.304731342595915,0.0413399006902182
2002,18.290996551513672,18.231699098549825,0.05929745296384681
2003,18.22090148925781,18.16183596395149,0.0590655253063197
2004,18.132925033569336,18.092936869805953,0.039988163763382545
2005,18.076181411743164,18.024766139205894,0.05141527253726963
2006,18.064022064208984,17.957234885386697,0.10678717882228739
2007,17.937183380126953,17.890234412533346,0.04694896759360745
2008,17.90595054626465,17.823665844701964,0.08228470156268486
2009,17.849206924438477,17.75749785988978,0.0917090645486951
2010,17.778873443603516,17.69163852378597,0.08723491981754705
2011,17.714977264404297,17.626057699544617,0.08891956485967967
2012,17.633914947509766,17.560716192335235,0.07319875517453056
2013,17.564058303833008,17.49553739023213,0.06852091360087798
2014,17.494916915893555,17.43053771612324,0.0643791997703147
2015,17.46201515197754,17.36563717192041,0.09637798005712739
2016,17.368078231811523,17.30084760919226,0.06723062261926316
2017,17.293930053710938,17.23653405625214,0.057395997458797865
2018,17.31705665588379,17.174000185647742,0.14305647023604706
2019,17.169952392578125,17.11406705712193,0.05588533545619612
2020,17.210960388183594,17.054250497238854,0.15670989094473953
2021,17.095088958740234,16.992180530891687,0.10290842784854703
2022,17.06218719482422,16.926972269175167,0.13521492564905202
2023,16.993999481201172,16.858074614148677,0.13592486705249485
2024,16.90387725830078,16.784314345173357,0.11956291312742451
2025,16.87312126159668,16.703688462499144,0.16943279909753528
2026,16.775846481323242,16.618180918712255,0.15766556261098685
2027,16.722917556762695,16.53729734907472,0.18562020768797538
2028,16.64590835571289,16.467324375831538,0.17858397988135266
2029,16.58010482788086,16.413239509656563,0.1668653182242963
2030,16.51597023010254,16.385360472224164,0.13060975787837492
2031,16.44301414489746,16.407480239887917,0.03553390500954379
2032,16.438007354736328,16.572277211515996,0.1342698567796674
2033,16.30401611328125,17.035918152288332,0.7319020390070818
2034,16.296863555908203,18.04649361994848,1.749630064040275
2035,16.236066818237305,19.670435000421094,3.434368182183789
2036,21.136999130249023,20.35812396240999,0.7788751678390327
2037,21.095991134643555,20.35157918760433,0.7444119470392252
2038,21.02804183959961,20.30352886504261,0.7245129745570011
2039,21.030902862548828,20.252358532388826,0.7785443301600026
2040,20.9500789642334,20.186872859312643,0.763206104920755
2041,20.87688446044922,20.11439882414834,0.7624856363008803
2042,20.80917358398437,20.054184051559787,0.7549895324245846
2043,20.7369327545166,19.98970068257222,0.7472320719443815
2044,20.637035369873047,19.92099002836767,0.716045341505378
2045,20.60103416442871,19.849270430199795,0.7517637342289163
2046,20.53213119506836,19.77515613793912,0.7569750571292388
2047,20.43700218200684,19.698997958016662,0.7380042239901776
2048,20.389080047607425,19.621015313759926,0.7680647338474991
2049,20.336151123046875,19.542127209660975,0.7940239133858995
2050,20.242929458618164,19.462156888039317,0.7807725705788471
2051,20.24197578430176,19.381635976401412,0.860339807900349
2052,20.10202407836914,19.301305367093846,0.8007187112752945
2053,20.092010498046875,19.221148467920557,0.8708620301263181
2054,20.00904083251953,19.141597691827883,0.8674431406916483
2055,19.9580192565918,19.06246849296167,0.8955507636301299
2056,19.8659896850586,18.984675812419027,0.8813138726395735
2057,19.805908203125,18.908204581777,0.8977036213480005
2058,19.74415779113769,18.83405812097294,0.910099670164751
2059,19.6990966796875,18.761717161993374,0.9373795176941258
2060,19.65785026550293,18.6906820765671,0.9671681889358297
2061,19.5620059967041,18.62060087310624,0.9414051235978604
2062,19.48714256286621,18.55121112402003,0.9359314388461826
2063,19.489049911499023,18.482399731482246,1.006650180016777
2064,19.34599876403809,18.413785413599726,0.9322133504383636
2065,19.340038299560547,18.34424701198145,0.9957912875790953
2066,19.27018165588379,18.273887973890623,0.9962936819931656
2067,19.17695999145508,18.204304705619734,0.9726552858353479
2068,19.14191246032715,18.13546960994472,1.0064428503824274
2069,19.0889835357666,18.067275514823677,1.0217080209429241
2070,19.00911331176757,17.99962930078891,1.0094840109786603
2071,18.894195556640625,17.932463583207436,0.9617319734331886
2072,18.85199546813965,17.86572418347987,0.9862712846597788
2073,18.83387565612793,17.79934828829255,1.0345273678353806
2074,18.68915557861328,17.733288491371013,0.9558670872422681
2075,18.692970275878903,17.667505851846954,1.0254644240319486
2076,18.64218711853028,17.60195397929465,1.0402331392356317
2077,18.57209205627441,17.536596472467636,1.0354955838067745
2078,18.509864807128903,17.4714137762777,1.0384510308512027
2079,18.44000816345215,17.406369828094626,1.033638335357523
2080,18.36800575256348,17.341442787170536,1.0265629653929444
2081,18.280982971191406,17.276622071747738,1.0043608994436681
2082,18.269062042236328,17.212907107676756,1.0561549345595722
2083,18.197059631347656,17.151146551924512,1.0459130794231442
2084,18.129825592041016,17.091230946789437,1.0385946452515782
2085,18.057823181152344,17.030619485268517,1.027203695883827
2086,17.976045608520508,16.96754797671929,1.0084976318012195
2087,17.910003662109375,16.900862586282983,1.009141075826392
2088,17.8220272064209,16.830569197416878,0.9914580090040204
2089,17.779827117919922,16.754321707459496,1.0255054104604255
2090,17.729997634887695,16.671035782536592,1.0589618523511035
2091,17.682790756225586,16.58602329570158,1.0967674605240063
2092,17.59791374206543,16.50810996195773,1.089803780107701
2093,17.496824264526367,16.443608011403654,1.053216253122713
2094,17.5020694732666,16.39662358929428,1.1054458839723225
2095,17.41814613342285,16.382446615935464,1.0356995174873873
2096,17.396926879882812,16.446584913804685,0.9503419660781276
2097,17.264127731323242,16.71163722491542,0.5524905064078212
2098,17.253875732421875,17.318781233512937,0.06490550109106152
2099,17.171859741210938,18.6858464672639,1.5139867260529627
2100,17.116785049438477,20.092006131790185,2.975221082351709
2101,17.045021057128906,17.042730433928455,0.0022906232004515914
2102,16.989946365356445,16.97965257632461,0.010293789031834422
2103,16.889095306396484,16.913430497567106,0.02433519117062133
2104,16.828060150146484,16.84349248645134,0.015432336304854744
2105,16.755104064941406,16.768324039489357,0.013219974547951097
2106,16.746997833251953,16.68630246530256,0.060695367949392676
2107,16.621112823486328,16.60118881686401,0.019924006622318302
2108,16.6318416595459,16.521919071092128,0.10992258845377023
2109,16.531944274902344,16.454622753457215,0.07732152144512838
2110,16.471147537231445,16.40434613489461,0.06680140233683574
2111,16.394853591918945,16.383393175324557,0.01146041659438879
2112,16.336917877197266,16.4214659585582,0.08454808136093561
2113,16.26420021057129,16.64583790854124,0.38163769796994984
2114,16.19696617126465,17.211661677123402,1.0146955058587537
2115,21.131038665771484,18.646780988177625,2.4842576775938596
2116,21.11983299255371,20.106133201579723,1.0136997909739875
2117,20.984888076782227,20.45029395014808,0.534594126634147
2118,20.99394798278809,20.41068736230045,0.5832606204876392
2119,20.854949951171875,20.362635685273744,0.49231426589813054
2120,20.86496353149414,20.305936426552762,0.5590271049413786
2121,20.802021026611328,20.23406241937664,0.5679586072346865
2122,20.725011825561523,20.164928494864398,0.5600833306971253
2123,20.64204216003418,20.102288552720893,0.5397536073132869
2124,20.57790756225586,20.03419688901431,0.5437106732415486
2125,20.50495147705078,19.961507493917452,0.5434439831333293
2126,20.47896385192871,19.885757007955362,0.5932068439733484
2127,20.355939865112305,19.80789287938478,0.5480469857275239
2128,20.325899124145508,19.72834447360583,0.5975546505396778
2129,20.24698257446289,19.647356271548233,0.5996263029146576
2130,20.24507522583008,19.565774813827375,0.6793004120027071
2131,20.16997337341309,19.4837721174963,0.6862012559167887
2132,20.09797096252441,19.40149988263329,0.696471079891122
2133,20.04098892211914,19.31992722893483,0.7210616931843106
2134,19.99092102050781,19.23908971110677,0.7518313094010374
2135,19.95110511779785,19.158936875328436,0.7921682424694154
2136,19.819021224975582,19.079859484747885,0.7391617402276971
2137,19.81806755065918,19.002483640804257,0.8155839098549222
2138,19.742965698242188,18.927021994500137,0.8159437037420503
2139,19.681930541992188,18.85351450255257,0.8284160394396167
2140,19.56796646118164,18.781618146704204,0.7863483144774364
2141,19.55103874206543,18.711010225672453,0.8400285163929766
2142,19.49596405029297,18.641295404989933,0.8546686453030361
2143,19.40393447875977,18.572278980315104,0.8316554984446647
2144,19.3471908569336,18.503807389180338,0.843383467753263
2145,19.26708221435547,18.43525977869831,0.8318224356571591
2146,19.20318603515625,18.36555443927068,0.8376315958855685
2147,19.137859344482425,18.294805484572407,0.8430538599100181
2148,19.079923629760746,18.22490645665198,0.8550171731087666
2149,19.06299591064453,18.15583551476152,0.907160395883011
2150,18.945932388305664,18.087440620206507,0.8584917680991566
2151,18.91684532165528,18.019621711886202,0.8972236097690782
2152,18.863201141357425,17.95230801900516,0.9108931223522667
2153,18.78690719604492,17.885434019319746,0.9014731767251725
2154,18.722057342529297,17.81894062429501,0.903116718234287
2155,18.657922744750977,17.75277873457526,0.905144010175718
2156,18.592119216918945,17.686905007280984,0.9052142096379612
2157,18.5089111328125,17.621275760916433,0.8876353718960672
2158,18.45002174377441,17.555854678889204,0.894167064885206
2159,18.39804649353028,17.490614417937422,0.9074320755928582
2160,18.32103729248047,17.42552712687484,0.8955101656056286
2161,18.34893226623535,17.36056588570989,0.9883663805254628
2162,18.213987350463867,17.29570495960786,0.9182823908560067
2163,18.2180404663086,17.23146573293377,0.9865747333748303
2164,18.13197135925293,17.169005680671034,0.9629656785818952
2165,18.04494857788086,17.109052997057006,0.9358955808238534
2166,17.979860305786133,17.04901955346827,0.930840752317863
2167,17.9288387298584,16.98666887425304,0.942169855605357
2168,17.841815948486328,16.921086102968275,0.9207298455180535
2169,17.79007911682129,16.851816477995385,0.9382626388259041
2170,17.73214340209961,16.77747378907668,0.9546696130229293
2171,17.702102661132812,16.696310268457637,1.0057923926751755
2172,17.574071884155273,16.610946128650994,0.9631257555042794
2173,17.555952072143555,16.53075270125015,1.0251993708934037
2174,17.513036727905273,16.461781947441523,1.0512547804637506
2175,17.421960830688477,16.409340914997017,1.0126199156914595
2176,17.354965209960938,16.384357279267903,0.9706079306930349
2177,17.275094985961914,16.412190624670586,0.8629043612913279
2178,17.20595359802246,16.598362598692518,0.6075909993299433
2179,17.184972763061523,17.092287937401807,0.09268482565971681
2180,17.116069793701172,18.181547831488842,1.0654780377876705
2181,17.03619956970215,19.769560165855182,2.733360596153034
2182,16.95990562438965,20.3541614750975,3.39425585070785
2183,16.958951950073242,20.35127104682033,3.3923190967470873
2184,16.827106475830078,20.307401280433623,3.4802948046035453
2185,16.826868057250977,20.255599089864518,3.428731032613541
2186,16.75105094909668,20.189018331848274,3.4379673827515944
2187,16.662120819091797,20.118183199315354,3.456062380223557
2188,16.60609245300293,20.057555992138987,3.451463539136057
2189,16.54982566833496,19.991283374906743,3.441457706571782
2190,16.48712158203125,19.920719135370746,3.433597553339496
2191,16.41106605529785,19.847001701350564,3.4359356460527124
2192,16.343116760253906,19.771014184016167,3.4278974237622606
2193,16.285181045532227,19.693023412969524,3.407842367437297
2194,16.2200927734375,19.614552484085834,3.3944597106483343
2195,21.17705345153809,19.535448342821837,1.6416051087162522
2196,21.10791206359864,19.455532877032056,1.6523791865665842
2197,21.041154861450195,19.374909703287813,1.6662451581623827
2198,20.968914031982425,19.294381342092493,1.6745326898899329
2199,20.901918411254883,19.214323657479326,1.6875947537755565
2200,20.889997482299805,19.134677391605237,1.7553200906945676
2201,20.756006240844727,20.71134472726044,0.044661513584287604
2202,20.780086517333984,20.622645556045427,0.15744096128855745
2203,20.667076110839844,20.545356397860814,0.12171971297902928
2204,20.607948303222656,20.463278528723094,0.14466977449956175
2205,20.57504653930664,20.37773390645725,0.19731263284938905
2206,20.505189895629883,20.28961309179067,0.21557680383921252
2207,20.416975021362305,20.19955877835855,0.21741624300375406
2208,20.35999298095703,20.108170994149077,0.2518219868079541
2209,20.267963409423828,20.016017937223296,0.2519454722005321
2210,20.21312713623047,19.9234348376649,0.2896922985655692
2211,20.13707160949707,19.83084767471155,0.3062239347855211
2212,20.11299133300781,19.739297354703922,0.37369397830388706
2213,20.00594139099121,19.649087955031064,0.3568534359601472
2214,20.004987716674805,19.56003052782762,0.4449571888471837
2215,19.942045211791992,19.472283545496794,0.46976166629519867
2216,19.85692977905273,19.387045032317474,0.46988474673525715
2217,19.784927368164062,19.304553374126954,0.4803739940371088
2218,19.722938537597656,19.225148541636372,0.49778999596128415
2219,19.66094970703125,19.148805477243513,0.5121442297877365
2220,19.6688175201416,19.07518251715601,0.593635002985593
2221,19.522905349731445,19.003964409648688,0.5189409400827572
2222,19.54197883605957,18.93478511055946,0.6071937255001103
2223,19.449949264526367,18.86657967179417,0.5833695927321969
2224,19.40202713012696,18.798991191829373,0.6030359382975874
2225,19.30785179138184,18.7318056651975,0.576046126184341
2226,19.24896240234375,18.662625688875778,0.586336713467972
2227,19.19388771057129,18.593057658335965,0.6008300522353238
2228,19.093036651611328,18.523167773054183,0.5698688785571449
2229,19.04296875,18.452930298195724,0.5900384518042756
2230,19.0420150756836,18.382306631508527,0.6597084441750738
2231,18.91303062438965,18.31123345175456,0.6017971726350879
2232,18.88608932495117,18.240861884862625,0.6452274400885436
2233,18.809080123901367,18.17144944848792,0.6376306754134475
2234,18.72897148132324,18.102769269745522,0.6262022115777164
2235,18.688201904296875,18.0347118062798,0.6534900980170733
2236,18.613815307617188,17.967191049564235,0.6466242580529524
2237,18.53489875793457,17.9001385991171,0.6347601588174712
2238,18.539905548095703,17.8334965515603,0.7064089965354015
2239,18.39494705200196,17.767215468921904,0.627731583080056
2240,18.40686798095703,17.701246421154337,0.7056215598026938
2241,18.40400695800781,17.63554471091311,0.7684622470946998
2242,18.27692985534668,17.570071058713665,0.7068587966330142
2243,18.22519302368164,17.504788132114868,0.7204048915667727
2244,18.1269645690918,17.439673751752593,0.6872908173392069
2245,18.05996894836425,17.374699050591857,0.6852698977723932
2246,17.982006072998047,17.309835584867983,0.6721704881300639
2247,17.9140567779541,17.245230398685862,0.6688263792682392
2248,17.838001251220703,17.18242174099771,0.6555795102229922
2249,17.771005630493164,17.122389567219898,0.6486160632732663
2250,17.718076705932617,17.062516035153408,0.6555606707792094
2251,17.625093460083008,17.000814567936118,0.62427889214689
2252,17.66490936279297,16.936154187305874,0.7287551754870947
2253,17.537832260131836,16.867652840268477,0.6701794198633593
2254,17.550945281982422,16.794814834966587,0.7561304470158348
2255,17.466068267822266,16.71485898918945,0.751209278632814
2256,17.40407943725586,16.628898546173332,0.7751808910825275
2257,17.332077026367188,16.54703298942195,0.7850440369452372
2258,17.262935638427734,16.475474106989907,0.7874615314378275
2259,17.203092575073242,16.419142458531155,0.783950116542087
2260,17.119884490966797,16.38692316503665,0.7329613259301482
2261,17.082929611206055,16.40010653251167,0.6828230786943834
2262,17.063140869140625,16.53956374993726,0.5235771192033667
2263,16.91293716430664,16.94569859412809,0.03276142982144847
2264,16.90220832824707,17.8345376272091,0.9323292989620313
2265,16.836881637573242,19.475286394367686,2.6384047567944435
2266,16.78609848022461,20.349902359953376,3.5638038797287663
2267,16.724824905395508,20.384622715369005,3.6597978099734974
2268,16.638994216918945,20.330806435367776,3.691812218448831
2269,16.57390594482422,20.27995169305541,3.7060457482311904
2270,16.53599739074707,20.21719662138821,3.681199230641141
2271,16.484975814819336,20.142427445307476,3.65745163048814
2272,16.381025314331055,20.084264687170617,3.703239372839562
2273,16.373157501220703,20.020657657028096,3.6475001558073927
2274,16.28899574279785,19.95260933620102,3.66361359340317
2275,16.228914260864258,19.881264924833886,3.652350663969628
2276,21.14105224609375,19.806861454298996,1.3341907917947537
2277,21.07787132263184,19.730245465211738,1.3476258574201019
2278,20.997047424316406,19.651896438176664,1.3451509861397426
2279,20.92790603637696,19.572331778817897,1.3555742575590628
2280,20.86877822875977,19.491644267986885,1.377133960772884
2281,20.848989486694336,19.41067164227661,1.4383178444177247
2282,20.71690559387207,19.330121609641537,1.386783984230533
2283,20.72405815124512,19.249442225600433,1.474615925644688
2284,20.642995834350582,19.169595837524867,1.4733999968257159
2285,20.56002616882324,19.09010770543773,1.4699184633855076
2286,20.46513557434082,19.01187939509441,1.4532561792464094
2287,20.43390274047852,18.93523530085872,1.4986674396197976
2288,20.396947860717773,18.860348963556817,1.5365988971609568
2289,20.29204368591309,18.78761453249922,1.50442915341387
2290,20.277023315429688,18.716527808095407,1.5604955073342808
2291,20.205020904541016,18.646421547032332,1.5585993575086832
2292,20.11299133300781,18.57702299392372,1.5359683390840893
2293,20.13111114501953,18.508182311080645,1.6229288339388859
2294,19.984006881713867,18.439670932536956,1.5443359491769115
2295,19.97709274291992,18.37042086265228,1.606671880267637
2296,19.91605758666992,18.299975477418684,1.6160821092512343
2297,19.84214782714844,18.23005139189604,1.6120964352524005
2298,19.75703239440918,18.160943202218505,1.596089192190675
2299,19.696950912475582,18.09252071043943,1.604430202036152
2300,19.61588859558105,18.024678606906264,1.5912099886747875
2301,19.546031951904297,19.442500214950087,0.10353173695420992
2302,19.50693130493164,19.35472072545963,0.1522105794720119
2303,19.442081451416016,19.276465156508493,0.1656162949075224
2304,19.353151321411133,19.201321132243265,0.1518301891678675
2305,19.37198638916016,19.128780389678468,0.24320599948169175
2306,19.22607421875,19.05848907483687,0.1675851439131293
2307,19.160032272338867,18.988119201026166,0.1719130713127015
2308,19.09995079040528,18.919000683553122,0.1809501068521584
2309,19.112110137939453,18.85009295469331,0.26201718324614376
2310,18.983125686645508,18.781101418312574,0.2020242683329343
2311,18.97597312927246,18.711950224371776,0.2640229049006848
2312,18.85104179382324,18.642572665470425,0.20846912835281373
2313,18.841981887817383,18.572979069404028,0.26900281841335527
2314,18.759965896606445,18.503031957976646,0.25693393862979974
2315,18.719911575317383,18.432762991807294,0.28714858351008843
2316,18.661975860595703,18.362127134935236,0.2998487256604676
2317,18.566131591796875,18.291085107875915,0.27504648392095987
2318,18.51987838745117,18.221168810526933,0.29870957692423517
2319,18.439054489135746,18.152092450776536,0.28696203835920997
2320,18.379926681518555,18.08372278313186,0.29620389838669325
2321,18.301963806152344,18.015911493677095,0.286052312475249
2322,18.290996551513672,17.94860880582405,0.3423877456896207
2323,18.198013305664062,17.881761048897715,0.3162522567663473
2324,18.168926239013672,17.815259019158702,0.3536672198549695
2325,18.102169036865234,17.749129128674213,0.3530399081910218
2326,18.052101135253903,17.683256925153046,0.3688442101008569
2327,17.956972122192383,17.617621583696064,0.33935053849631913
2328,17.89689064025879,17.55219245953299,0.34469818072579983
2329,17.844200134277344,17.486942801980376,0.35725733229696743
2330,17.832040786743164,17.42183104589401,0.4102097408491545
2331,17.686128616333008,17.356840006499397,0.3292886098336112
2332,17.6999568939209,17.29200456126989,0.40795233265100705
2333,17.62700080871582,17.22788791367691,0.3991128950389111
2334,17.544984817504883,17.16554316024599,0.37944165725889434
2335,17.467975616455078,17.105636528441437,0.36233908801364123
2336,17.418861389160156,17.0455260496567,0.37333533950345554
2337,17.338037490844727,16.98305423047941,0.3549832603653158
2338,17.27008819580078,16.917279887053382,0.35280830874739877
2339,17.203807830810547,16.847832022953924,0.3559758078566233
2340,17.213106155395508,16.773158378981634,0.4399477764138737
2341,17.069101333618164,16.691656834694868,0.3774444989232961
2342,17.047882080078125,16.606348651222902,0.44153342885522306
2343,17.004013061523438,16.526578875073028,0.47743418645040947
2344,16.946077346801758,16.45829117372344,0.4877861730783195
2345,16.876935958862305,16.40687077297187,0.47006518589043367
2346,16.803979873657227,16.383736913141433,0.42024296051579313
2347,16.744136810302734,16.41545717094317,0.3286796393595637
2348,16.649961471557617,16.61790266081198,0.032058810745638766
2349,16.605138778686523,17.13235030271676,0.5272115240302355
2350,16.540050506591797,18.274992540085577,1.7349420334937804
2351,16.490936279296875,19.834634758808534,3.3436984795116587
2352,16.47806167602539,20.37069001130476,3.892628335279369
2353,16.332149505615234,20.3584666420511,4.026317136435864
2354,16.33477210998535,20.313365666993377,3.9785935570080255
2355,16.256093978881836,20.260496158016394,4.0044021791345585
2356,16.21103286743164,20.19288532937935,3.9818524619477103
2357,21.100997924804688,20.122711852991415,0.9782860718132724
2358,21.0418701171875,20.06214085611191,0.9797292610755903
2359,20.962953567504883,19.995539781120897,0.967413786383986
2360,20.949840545654297,19.924695167333084,1.0251453783212128
2361,20.80297470092773,19.850615413929518,0.9523592869982132
2362,20.82085609436035,19.774371225480536,1.0464848688798156
2363,20.756959915161133,19.6961772846862,1.0607826304749324
2364,20.702123641967773,19.616387784139988,1.0857358578277854
2365,20.64204216003418,19.53596845737593,1.1060737026582501
2366,20.552873611450195,19.455341220236733,1.0975323912134627
2367,20.48015594482422,19.374344214156736,1.105811730667483
2368,20.43890953063965,19.293678374765477,1.1452311558741712
2369,20.4160213470459,19.21355736891428,1.2024639781316182
2370,20.267963409423828,19.13384337979096,1.134120029632868
2371,20.25914192199707,19.05528813546198,1.2038537865350918
2372,20.19691467285156,18.97818453898026,1.2187301338713006
2373,20.117998123168945,18.902508717900446,1.2154894052684995
2374,20.04694938659668,18.828660408701126,1.2182889778955541
2375,19.97208595275879,18.756470472567344,1.2156154801914454
2376,19.88697052001953,18.68556084446027,1.2014096755592618
2377,19.844770431518555,18.615607468632334,1.229162962886221
2378,19.776105880737305,18.546308638008213,1.2297972427290915
2379,19.779205322265625,18.477667569442247,1.3015377528233785
2380,19.635915756225582,18.409019220626988,1.2268965355985948
2381,19.572973251342773,18.339313034658744,1.2336602166840294
2382,19.52195167541504,18.268968387758378,1.2529832876566616
2383,19.514083862304688,18.199435573308165,1.3146482889965228
2384,19.36483383178711,18.130643143280167,1.234190688506942
2385,19.35410499572754,18.0624840949406,1.2916209007869384
2386,19.28901672363281,17.994867171211126,1.2941495524216826
2387,19.22297477722168,17.92772837362122,1.2952464036004585
2388,19.142866134643555,17.861009290868424,1.281856843775131
2389,19.07801628112793,17.79465032649341,1.2833659546345189
2390,19.002914428710938,17.728604920762336,1.274309507948601
2391,18.998146057128903,17.66283074664443,1.3353153104844715
2392,18.876075744628903,17.597288101384834,1.278787643244069
2393,18.891096115112305,17.531940668391144,1.3591554467211608
2394,18.796205520629883,17.4667674534561,1.3294380671737827
2395,18.719911575317383,17.40173247860355,1.318179096713834
2396,18.661022186279297,17.33681271792875,1.3242094683505456
2397,18.57805252075196,17.272003684766446,1.3060488359855142
2398,18.49818229675293,17.208417479523064,1.289764817229866
2399,18.44000816345215,17.146929001924605,1.2930791615275439
2400,18.39995384216309,17.087033375148053,1.3129204670150365
2401,18.30601692199707,18.29326156379807,0.012755358199001421
2402,18.24307441711425,18.22107349005364,0.022000927060609854
2403,18.22781562805176,18.151551511323305,0.07626411672845634
2404,18.110990524291992,18.082859650320415,0.028130873971576875
2405,18.04804801940918,18.014895814246756,0.03315220516242334
2406,17.99917221069336,17.947510334721528,0.05166187597183125
2407,17.99488067626953,17.880632948873654,0.11424772739587752
2408,17.850875854492188,17.814173076857287,0.036702777634900485
2409,17.867088317871094,17.748076709381166,0.11901160848992731
2410,17.766952514648438,17.682261562697477,0.08469095195096088
2411,17.71688461303711,17.616736271520494,0.10014834151661489
2412,17.69709587097168,17.55143759926625,0.1456582717054289
2413,17.57192611694336,17.486304425702315,0.08562169124104457
2414,17.534971237182617,17.42129569360884,0.11367554357377685
2415,17.472028732299805,17.356461348882135,0.11556738341766959
2416,17.379045486450195,17.29168854765817,0.087356938792027
2417,17.309904098510742,17.22761837514497,0.08228572336577145
2418,17.25006103515625,17.165327292389065,0.0847337427671846
2419,17.25482940673828,17.105470775788945,0.14935863094933666
2420,17.1051025390625,17.045405671581193,0.05969686748130698
2421,17.109155654907227,16.982984983457072,0.12617067145015426
2422,17.054080963134766,16.917199804311167,0.13688115882359853
2423,16.96300506591797,16.847818308995954,0.11518675692201441
2424,16.89910888671875,16.773104623652557,0.12600426306619283
2425,16.82591438293457,16.69158437081819,0.1343300121163793
2426,16.772031784057617,16.606265351626348,0.1657664324312691
2427,16.672849655151367,16.52647115277972,0.14637850237164685
2428,16.679048538208008,16.458190223755054,0.22085831445295412
2429,16.579866409301758,16.40680965273944,0.17305675656231756
2430,16.50094985961914,16.383716680820726,0.11723317879841488
2431,16.49785041809082,16.4157304130903,0.08212000500051886
2432,16.35909080505371,16.619643529260486,0.2605527242067751
2433,16.35003089904785,17.136519853863774,0.7864889548159226
2434,16.29185676574707,18.289809709784777,1.9979529440377064
2435,16.201019287109375,19.845616760903795,3.64459747379442
2436,21.183013916015625,20.374057888489006,0.8089560275266194
2437,21.061182022094727,20.360316841220083,0.7008651808746436
2438,21.04783058166504,20.314993733904885,0.7328368477601543
2439,20.960092544555664,20.26198268333701,0.6981098612186543
2440,20.907878875732425,20.194204578274366,0.7136742974580592
2441,20.832061767578125,20.124104920228092,0.7079568473500331
2442,20.84183692932129,20.063489226004094,0.7783477033171948
2443,20.721912384033203,19.996821104996343,0.7250912790368602
2444,20.6599235534668,19.9259175719817,0.734005981485101
2445,20.55692672729492,19.85177483595635,0.7051518913385699
2446,20.49899101257324,19.77547579167549,0.7235152208977489
2447,20.43795585632324,19.697231735676723,0.7407241206465152
2448,20.42698860168457,19.617400246715988,0.8095883549685823
2449,20.294904708862305,19.5369396087699,0.7579651000924059
2450,20.28489112854004,19.456088207675748,0.8288029208642911
2451,20.20096778869629,19.374910380520305,0.8260574081759842
2452,20.106077194213867,19.29419848931957,0.8118787048942977
2453,20.05600929260254,19.21404599215748,0.8419633004450588
2454,19.97590065002441,19.134460338591452,0.841440311432958
2455,19.93107795715332,19.055902046716255,0.8751759104370649
2456,19.92106437683105,18.97880420671072,0.9422601701203313
2457,19.819974899291992,18.903128893555277,0.9168460057367156
2458,19.78588104248047,18.82929954686574,0.9565814956147278
2459,19.72222328186035,18.75712112368433,0.9651021581760233
2460,19.669055938720703,18.686224362994608,0.9828315757260953
2461,19.501209259033203,18.61628131496218,0.8849279440710234
2462,19.498825073242188,18.546997214144767,0.9518278590974205
2463,19.46401596069336,18.478364103060585,0.9856518576327744
2464,19.38319206237793,18.409719479024034,0.973472583353896
2465,19.29306983947754,18.340009060352713,0.9530607791248258
2466,19.237041473388672,18.269647821256285,0.9673936521323867
2467,19.16098594665528,18.200104679010565,0.9608812676447158
2468,19.16193962097168,18.131304968733275,1.0306346522384047
2469,19.03319358825684,18.06313931737691,0.9700542708799311
2470,19.026994705200195,17.995516975787496,1.0314777294126998
2471,18.94092559814453,17.92837377618639,1.0125518219581409
2472,18.86582374572754,17.861650291422393,1.0041734543051462
2473,18.82290840148925,17.795287602268672,1.0276207992205784
2474,18.774986267089844,17.729238810375136,1.0457474567147074
2475,18.68915557861328,17.663462096635385,1.0256934819778962
2476,18.63598823547364,17.597917758294557,1.0380704771790832
2477,18.566131591796875,17.53256829360339,1.033563298193485
2478,18.48483085632324,17.467393385587116,1.0174374707361231
2479,18.42808723449707,17.402356717653333,1.025730516843737
2480,18.344879150390625,17.337435941129797,1.0074432092608276
2481,18.275022506713867,17.272625468848446,1.0023970378654212
2482,18.27001571655273,17.20902199417651,1.060993722376221
2483,18.13006401062012,17.14749719998565,0.98256681063447
2484,18.110990524291992,17.08759776377633,1.0233927605156623
2485,18.06902885437012,17.02685254883818,1.0421763055319424
2486,17.979860305786133,16.963593108272335,1.0162671975137982
2487,17.898082733154297,16.896675935015537,1.0014067981387598
2488,17.843961715698242,16.82616841370077,1.0177933019974716
2489,17.76909828186035,16.749414565474297,1.019683716386055
2490,17.73810386657715,16.665690640436992,1.0724132261401564
2491,17.64392852783203,16.58069144428964,1.0632370835423899
2492,17.672061920166016,16.503636862509552,1.1684250576564637
2493,17.510175704956055,16.44001177988841,1.0701639250676465
2494,17.51995086669922,16.39408633776185,1.1258645289373703
2495,17.452001571655273,16.383670586684218,1.0683309849710554
2496,17.380952835083008,16.456436212763492,0.9245166223195156
2497,17.318010330200195,16.73652230215339,0.581488028046806
2498,17.24410057067871,17.372097292664535,0.12799672198582357
2499,17.160892486572266,18.793265529723158,1.632373043150892
2500,17.100095748901367,20.144222788644583,3.0441270397432163
2501,17.030954360961914,17.046104998783562,0.01515063782164816
2502,16.95990562438965,16.98345481349861,0.02354918910896231
2503,16.915082931518555,16.917408222610675,0.0023252910921200964
2504,16.83807373046875,16.847649254835062,0.009575524366312038
2505,16.75891876220703,16.772694390070342,0.013775627863310547
2506,16.70694351196289,16.690989337419637,0.01595417454325343
2507,16.628026962280273,16.60579332057921,0.02223364170106379
2508,16.566038131713867,16.526078484915274,0.039959646798592985
2509,16.511917114257812,16.458021508210408,0.053895606047404954
2510,16.50404930114746,16.406829546443902,0.09721975470355915
2511,16.430139541625977,16.383936273456357,0.04620326816962006
2512,16.366004943847656,16.415579665370217,0.049574721522560594
2513,16.30091667175293,16.618610241785348,0.31769357003241794
2514,16.230106353759766,17.140817401951836,0.9107110481920699
2515,21.23594284057617,18.463147027574678,2.7727958130014905
2516,21.129131317138672,19.98847150559868,1.1406598115399902
2517,21.08287811279297,20.425273595719773,0.6576045170731959
2518,21.00491523742676,20.397124427177005,0.6077908102497567
2519,20.93291282653809,20.349859017073868,0.5830538094642215
2520,20.85399627685547,20.29486909316347,0.5591271836919987
2521,20.788908004760746,20.224782979767042,0.5641250249937038
2522,20.726919174194336,20.15490409951326,0.5720150746810759
2523,20.71499824523925,20.092390799845816,0.6226074453934345
2524,20.60198783874512,20.024636397920403,0.5773514408247173
2525,20.50614356994629,19.952456958890252,0.5536866110560368
2526,20.468950271606445,19.8772753482217,0.591674923384744
2527,20.46489715576172,19.799982126642135,0.6649150291195838
2528,20.394086837768555,19.7207933313166,0.6732935064519552
2529,20.309925079345703,19.640198601337033,0.6697264780086698
2530,20.270109176635746,19.559001811671806,0.7111073649639401
2531,20.20192146301269,19.477446088785655,0.7244753742270369
2532,20.11299133300781,19.395377700902827,0.7176136321049817
2533,20.04289627075196,19.313994672302215,0.7289015984497453
2534,19.97900009155273,19.23347037450185,0.7455297170508821
2535,19.891977310180664,19.15351325891379,0.7384640512668739
2536,19.845008850097656,19.074582150551578,0.7704266995460785
2537,19.83499526977539,18.99730585978432,0.8376894099910714
2538,19.69289779663086,18.9216813390658,0.7712164575650604
2539,19.678831100463867,18.848035183765433,0.8307959166984347
2540,19.59991455078125,18.776005751732328,0.8239087990489224
2541,19.537925720214844,18.705275082311346,0.8326506379034981
2542,19.48094367980957,18.63546595700427,0.845477722805299
2543,19.40488815307617,18.566315440295966,0.8385727127802021
2544,19.3479061126709,18.49779593496237,0.8501101777085296
2545,19.27018165588379,18.429249001712833,0.8409326541709561
2546,19.214868545532227,18.359575153596097,0.8552933919361294
2547,19.12689208984375,18.288836188077084,0.8380559017666656
2548,19.078969955444336,18.219048903517887,0.8599210519264489
2549,19.07610893249512,18.150052118585336,0.9260568139097849
2550,18.922090530395508,18.081718513570877,0.8403720168246309
2551,18.935203552246094,18.013951413536233,0.9212521387098604
2552,18.86296272277832,17.946681910075313,0.9162808127030075
2553,18.821001052856445,17.879846851258208,0.9411542015982377
2554,18.76306533813477,17.813387148549964,0.9496781895848052
2555,18.681049346923828,17.747254549135505,0.9337947977883232
2556,18.60189437866211,17.681406218059692,0.9204881606024173
2557,18.54085922241211,17.615797627286156,0.9250615951259533
2558,18.46599578857422,17.55039432261185,0.9156014659623679
2559,18.4171199798584,17.485170315239884,0.9319496646185144
2560,18.41592788696289,17.420094791091856,0.9958330958710349
2561,18.28908920288086,17.355143962376474,0.9339452405043858
2562,18.2950496673584,17.290291755642784,1.0047579117156147
2563,18.227100372314453,17.226201181500755,1.0008991908136977
2564,18.156051635742188,17.16387767623928,0.9921739595029067
2565,18.08309555053711,17.103963764185437,0.9791317863516724
2566,18.014907836914062,17.043782514605255,0.9711253223088079
2567,17.928123474121094,16.981223840360826,0.9468996337602675
2568,17.84491539001465,16.915335552567967,0.9295798374466813
2569,17.78697967529297,16.84577713026414,0.9412025450288297
2570,17.758846282958984,16.770925966724803,0.987920316234181
2571,17.652034759521484,16.68924910387659,0.9627856556448933
2572,17.63606071472168,16.60397859146201,1.03208212325967
2573,17.56000518798828,16.52439619707735,1.03560899091093
2574,17.51112937927246,16.456514284971746,1.0546150943007149
2575,17.46201515197754,16.405665828223448,1.056349323754091
2576,17.384052276611328,16.383432116192864,1.000620160418464
2577,17.323970794677734,16.417320766617394,0.9066500280603407
2578,17.234086990356445,16.627868179263317,0.6062188110931288
2579,17.16303825378418,17.152786047134327,0.010252206649852269
2580,17.083168029785156,18.322302139608837,1.2391341098236808
2581,17.004013061523438,19.868176729687548,2.8641636681641103
2582,17.0290470123291,20.37884592220962,3.349798909880519
2583,16.885042190551758,20.362262530170483,3.477220339618725
2584,16.889095306396484,20.316344135494546,3.427248829098062
2585,16.80302619934082,20.26300394993541,3.4599777505945895
2586,16.749143600463867,20.19487232951178,3.4457287290479144
2587,16.664981842041016,20.125041532764953,3.460059690723938
2588,16.61086082458496,20.06428903757751,3.4534282129925487
2589,16.546964645385742,19.99764461970699,3.450679974321247
2590,16.464948654174805,19.926682167465515,3.46173351329071
2591,16.389131546020508,19.852424979148964,3.463293433128456
2592,16.337156295776367,19.776029090621705,3.438872794845338
2593,16.264915466308594,19.697748464068354,3.4328329977597605
2594,16.251087188720703,19.61789936706282,3.3668121783421157
2595,21.17490768432617,19.537386582214822,1.6375211021113465
2596,21.107196807861328,19.456515541378394,1.650681266482934
2597,21.014928817749023,19.37505530827366,1.6398735094753647
2598,20.94697952270508,19.29418359020474,1.652795932500343
2599,20.87998390197754,19.214159089983696,1.6658248119938435
2600,20.86806297302246,19.13463574180696,1.7334272312155008
2601,20.74503898620605,20.703328326248993,0.04171065995705803
2602,20.72596549987793,20.61571746764912,0.11024803222881019
2603,20.65300941467285,20.538894922651707,0.11411449202114454
2604,20.5988883972168,20.457350035485433,0.14153836173136725
2605,20.557880401611328,20.372187372345252,0.18569302926607634
2606,20.46704292297364,20.284259568938978,0.18278335403466173
2607,20.39623260498047,20.194404361859597,0.20182824312087178
2608,20.328998565673828,20.103225165257754,0.22577340041607386
2609,20.333051681518555,20.011301012914373,0.32175066860418156
2610,20.23482322692871,19.919110708201515,0.31571251872719586
2611,20.17092704772949,19.826690821673765,0.3442362260557239
2612,20.10703086853028,19.73523260528509,0.3717982632451893
2613,20.03788948059082,19.64534218211611,0.39254729847471026
2614,19.964933395385746,19.556162853064052,0.40877054232169385
2615,19.889116287231445,19.46883101425101,0.4202852729804363
2616,19.81806755065918,19.38357218409692,0.43449536656225973
2617,19.82998847961425,19.30117127506037,0.5288172045538815
2618,19.67692375183105,19.22180775375182,0.45511599807923275
2619,19.68312263488769,19.145515143179637,0.5376074917080551
2620,19.61588859558105,19.071920965473055,0.5439676301079963
2621,19.54507827758789,19.000691345013365,0.5443869325745254
2622,19.49310302734375,18.931519495481552,0.5615835318621976
2623,19.41704750061035,18.863290692195278,0.5537568084150735
2624,19.32692527770996,18.795675630855158,0.5312496468548034
2625,19.270896911621094,18.72847791403842,0.5424189975826721
2626,19.20604705810547,18.65928134552064,0.5467657125848291
2627,19.138097763061523,18.589696214860396,0.5484015482011273
2628,19.05488967895508,18.519798541404953,0.535091137550129
2629,19.064903259277344,18.449550738750986,0.6153525205263577
2630,18.9509391784668,18.378915728419543,0.5720234500472579
2631,18.958091735839844,18.30783001986447,0.6502617159753754
2632,18.85390281677246,18.23751940389684,0.6163834128756207
2633,18.80192756652832,18.168148786628535,0.6337787798997851
2634,18.693923950195312,18.099503823975738,0.5944201262195747
2635,18.637895584106445,18.031475820123433,0.6064197639830127
2636,18.57900619506836,17.963980290318204,0.615025904750155
2637,18.557071685791016,17.89695001923519,0.660121666555824
2638,18.42188835144043,17.830327442112548,0.5915609093278817
2639,18.419981002807617,17.764062951670212,0.6559180511374052
2640,18.297910690307617,17.69810846440123,0.5998022259063873
2641,18.342018127441406,17.632418605728617,0.7095995217127893
2642,18.269062042236328,17.566955112016558,0.7021069302197702
2643,18.226146697998047,17.50168098944016,0.7244657085578865
2644,18.1269645690918,17.43657397398124,0.6903905951105607
2645,18.064022064208984,17.371603590177642,0.6924184740313422
2646,17.98105239868164,17.3067451190434,0.6743072796382421
2647,17.935991287231445,17.242221877992847,0.6937694092385982
2648,17.833948135375977,17.179494996128142,0.6544531392478348
2649,17.837047576904297,17.119484155173836,0.7175634217304605
2650,17.68803596496582,17.059622813292208,0.6284131516736124
2651,17.757177352905273,16.997821115666056,0.7593562372392171
2652,17.577171325683594,16.932904063921228,0.6442672617623657
2653,17.575979232788086,16.864238572658508,0.7117406601295784
2654,17.5018310546875,16.791046120800956,0.7107849338865435
2655,17.436981201171875,16.71084973050796,0.7261314706639155
2656,17.354965209960938,16.625027061976994,0.729938147983944
2657,17.321109771728516,16.543538046491335,0.7775717252371805
2658,17.234086990356445,16.472580356040822,0.7615066343156229
2659,17.22884178161621,16.4170146998579,0.8118270817583095
2660,17.111778259277344,16.38635314691328,0.7254251123640643
2661,17.071008682250977,16.40258945730011,0.6684192249508669
2662,16.969919204711914,16.55029428714272,0.4196249175691946
2663,16.987085342407227,16.975710321332826,0.011375021074400138
2664,16.842126846313477,17.90240732796633,1.0602804816528533
2665,16.835927963256836,19.543316429917468,2.707388466660632
2666,16.777992248535156,20.35707357481442,3.5790813262792653
2667,16.71910285949707,20.371678093511036,3.652575234013966
2668,16.63804054260254,20.320836895848515,3.682796353245976
2669,16.57891273498535,20.269806073088148,3.6908933381027964
2670,16.479969024658203,20.206247803685073,3.7262787790268703
2671,16.433000564575195,20.13250937545763,3.6995088108824348
2672,16.3419246673584,20.074045248861694,3.7321205815032954
2673,16.284942626953125,20.010010885016527,3.725068258063402
2674,16.24298095703125,19.941779034184037,3.6987980771527873
2675,21.20089530944824,19.87041024244718,1.3304850670010602
2676,21.11506462097168,19.796119869738504,1.3189447512331753
2677,21.028995513916016,19.719715854421338,1.3092796594946776
2678,20.99299430847168,19.641514464069587,1.3514798444020926
2679,20.90287208557129,19.56219564010553,1.3406764454657605
2680,20.91193199157715,19.481800693711193,1.4301312978659553
2681,20.765066146850582,19.40096622342935,1.3640999234212323
2682,20.751953125,19.320525225225538,1.4314278997744623
2683,20.685911178588867,19.239997202646464,1.4459139759424033
2684,20.60699462890625,19.16027474811699,1.44671988078926
2685,20.55597305297852,19.080910888192193,1.4750621647863262
2686,20.457983016967773,19.002836309624627,1.4551467073431468
2687,20.399808883666992,18.92619407777829,1.473614805888701
2688,20.34211158752441,18.851330935689248,1.4907806518351627
2689,20.28512954711914,18.77889634931762,1.5062331978015209
2690,20.261049270629883,18.707839931067838,1.553209339562045
2691,20.143985748291016,18.637740950254056,1.5062447980369598
2692,20.15089988708496,18.56836474581769,1.5825351412672717
2693,20.055055618286133,18.499517290649692,1.555538327636441
2694,19.98519897460937,18.430977299033202,1.5542216755761693
2695,19.91796493530273,18.36163495622145,1.55632997908128
2696,19.847869873046875,18.291101700071977,1.5567681729748983
2697,19.76490020751953,18.22131830959961,1.5435818979199212
2698,19.75703239440918,18.152313567185274,1.6047188272239055
2699,19.61898803710937,18.08397589877586,1.53501213833351
2700,19.61803436279297,18.016206597735618,1.601827765057351
2701,19.538164138793945,19.416136908489534,0.1220272303044112
2702,19.46902275085449,19.327562348053107,0.14146040280138195
2703,19.39105987548828,19.250631445856925,0.14042842963135627
2704,19.362211227416992,19.17662821972499,0.18558300769200287
2705,19.25015449523925,19.105093506027515,0.1450609892117356
2706,19.174814224243164,19.033650218716502,0.14116400552666164
2707,19.116878509521484,18.96357646481306,0.15330204470842546
2708,19.111156463623047,18.89455445297017,0.21660201065287765
2709,18.97501945495605,18.825554620491403,0.14946483446464853
2710,18.98193359375,18.756470133951098,0.22546345979890248
2711,18.893957138061523,18.68719077376113,0.20676636430039252
2712,18.8291072845459,18.61773076180384,0.2113765227420572
2713,18.73016357421875,18.548001380622736,0.18216219359601382
2714,18.696069717407227,18.477935922817323,0.21813379458990312
2715,18.621206283569336,18.407534388387603,0.2136718951817329
2716,18.61500740051269,18.336740736344836,0.2782666641678553
2717,18.484115600585938,18.26604274339161,0.21807285719432912
2718,18.47386360168457,18.19644626908712,0.2774173325974516
2719,18.39900016784668,18.12762522598632,0.2713749418603584
2720,18.339157104492188,18.05946804003611,0.279689064456079
2721,18.25094223022461,17.991834016186203,0.259108214038406
2722,18.20993423461914,17.92470740878116,0.28522682583798087
2723,18.131017684936523,17.8579695328267,0.2730481521098227
2724,18.07212829589844,17.791610907067934,0.28051738883050703
2725,17.99297332763672,17.72557261227803,0.2674007153586899
2726,17.92287826538086,17.65980588771754,0.26307237766332037
2727,17.876863479614258,17.594267390506957,0.28259608910730094
2728,17.79794692993164,17.528931809081882,0.2690151208497582
2729,17.732858657836914,17.46373108157684,0.26912757626007533
2730,17.718076705932617,17.39869729188115,0.3193794140514683
2731,17.651081085205078,17.33372843185066,0.3173526533544191
2732,17.58098602294922,17.26894606471774,0.31203995823148034
2733,17.529964447021484,17.205465507743156,0.3244989392783282
2734,17.4560546875,17.144179014735528,0.31187567276447226
2735,17.399072647094727,17.084322498135407,0.31475014895931963
2736,17.323970794677734,17.023490936054486,0.3004798586232482
2737,17.239809036254883,16.96007022950141,0.2797388067534712
2738,17.182111740112305,16.892998562582306,0.2891131775299982
2739,17.116785049438477,16.82218510148914,0.29459994794933664
2740,17.104148864746094,16.74508213991288,0.35906672483321245
2741,16.965866088867188,16.66080927561353,0.30505681325365686
2742,16.954898834228516,16.575998942677472,0.3788998915510433
2743,16.89887046813965,16.49966717960183,0.3992032885378194
2744,16.80898666381836,16.43677253455067,0.3722141292676895
2745,16.731977462768555,16.392329321551102,0.33964814121745235
2746,16.679048538208008,16.384989454635956,0.29405908357205135
2747,16.59989356994629,16.466013634669707,0.13387993527658182
2748,16.531944274902344,16.759369756130127,0.22742548122778317
2749,16.453027725219727,17.425183346730932,0.9721556215112059
2750,16.447067260742188,18.885459220598477,2.4383919598562898
2751,16.305923461914062,20.18576287525775,3.8798394133436886
2752,16.330957412719727,20.424678985591527,4.0937215728718
2753,16.234159469604492,20.37842874699436,4.144269277389867
2754,21.1789608001709,20.32715682946673,0.851803970704168
2755,21.1031436920166,20.269358422410733,0.833785269605869
2756,21.03710174560547,20.196346664647535,0.8407550809579334
2757,21.037817001342773,20.131521293251353,0.9062957080914202
2758,20.90001106262207,20.068461466962617,0.8315495956594532
2759,20.888805389404297,20.000572973003727,0.8882324164005695
2760,20.823955535888672,19.92925497370379,0.8947005621848803
2761,20.74885368347168,19.854655782978625,0.8941979004930545
2762,20.70307731628418,19.77718648095106,0.9258908353331208
2763,20.615100860595703,19.69826993308743,0.916830927508272
2764,20.56479454040528,19.61816348773482,0.9466310526704618
2765,20.5080509185791,19.536855631940853,0.971195286638249
2766,20.44105529785156,19.455210514365717,0.9858447834858417
2767,20.427942276000977,19.373762471445843,1.0541798045551332
2768,20.307064056396484,19.292761401970893,1.0143026544255918
2769,20.294904708862305,19.21229500754862,1.082609701313686
2770,20.187854766845703,19.1324313500445,1.0554234168012044
2771,20.155906677246094,19.053689528163886,1.1022171490822075
2772,20.086050033569336,18.976728319813674,1.1093217137556621
2773,20.020008087158203,18.901433103394538,1.118574983763665
2774,19.94609832763672,18.828021609152756,1.1180767184839624
2775,19.882917404174805,18.75625832948913,1.1266590746856764
2776,19.79398727416992,18.68568748693633,1.1082997872335874
2777,19.72794532775879,18.61614434469061,1.1118009830681785
2778,19.68002319335937,18.54726421305486,1.1327589803045122
2779,19.65212821960449,18.478788219908893,1.173339999695596
2780,19.5310115814209,18.409989864096588,1.1210217173243109
2781,19.513845443725582,18.34003631896053,1.1738091247650537
2782,19.47212219238281,18.269522871861454,1.2025993205213545
2783,19.389867782592773,18.19994925415358,1.1899185284391933
2784,19.33002471923828,18.131137184383306,1.1988875348549755
2785,19.236087799072266,18.062962898312662,1.1731249007596034
2786,19.18983459472656,17.99533513886331,1.194499455863248
2787,19.114971160888672,17.928189738256606,1.186781422632066
2788,19.04296875,17.86146134355704,1.181507406442961
2789,18.986940383911133,17.795095268240857,1.1918451156702758
2790,18.93901824951172,17.72904376741735,1.209974482094367
2791,18.85914802551269,17.663264683363877,1.1958833421488144
2792,18.78499984741211,17.597718313325572,1.1872815340865372
2793,18.78905296325684,17.532367663477544,1.2566852997792957
2794,18.65696907043457,17.46719216288284,1.1897769075517317
2795,18.687963485717773,17.402154987024687,1.2858084986930862
2796,18.54491233825684,17.337234041193028,1.2076782970638114
2797,18.53489875793457,17.2724248387226,1.2624739192119705
2798,18.44191551208496,17.208827035872787,1.233088476212174
2799,18.38898658752441,17.147314601174912,1.2416719863494983
2800,18.33200454711914,17.087417112009007,1.2445874351101338
2801,18.254995346069336,18.220603829320225,0.03439151674911045
2802,18.24617385864257,18.149214720608597,0.0969591380339736
2803,18.121957778930664,18.080312578916846,0.041645200013817885
2804,18.124818801879883,18.012165551454018,0.11265325042586483
2805,18.045902252197266,17.94467611674122,0.10122613545604509
2806,17.964839935302734,17.877700701490085,0.08713923381264976
2807,17.726898193359375,17.81120188860541,0.0843036952460352
2808,17.6389217376709,17.74508909824135,0.10616736057045273
2809,17.585039138793945,17.67927327432517,0.09423413553122373
2810,17.518043518066406,17.613733084033356,0.09568956596694989
2811,17.52614974975586,17.548433395930374,0.022283646174514615
2812,17.38715171813965,17.483305978842623,0.09615426070297417
2813,17.382144927978516,17.418328992022225,0.03618406404370944
2814,17.30799674987793,17.35346942038518,0.04547267050725168
2815,17.248153686523438,17.28872946493709,0.04057577841365401
2816,17.18902587890625,17.22477069716888,0.03574481826262854
2817,17.13395118713379,17.162572141302235,0.028620954168445678
2818,17.0440673828125,17.102739751109652,0.05867236829715239
2819,17.00115203857422,17.04260810880953,0.041456070235312836
2820,16.93105697631836,16.980084058076272,0.04902708175791304
2821,16.860008239746094,16.914174776076152,0.05416653633005808
2822,16.768217086791992,16.844661135770878,0.07644404897888535
2823,16.749858856201172,16.769827157006034,0.019968300804862338
2824,16.628026962280273,16.688069195566868,0.06004223328659464
2825,16.63994789123535,16.60292439443367,0.03702349680168027
2826,16.560077667236328,16.523353005077013,0.03672466215931536
2827,16.498088836669922,16.455685606363346,0.04240323030657578
2828,16.42894744873047,16.405057355992625,0.023890092737843815
2829,16.37721061706543,16.38326710426341,0.006056487197980687
2830,16.270875930786133,16.418723801869817,0.1478478710836839
2831,16.206979751586914,16.635111138441516,0.42813138685460217
2832,21.18492126464844,17.168419789911127,4.016501474737314
2833,21.162033081054688,18.363537979524835,2.798495101529852
2834,21.06595039367676,19.8984754341609,1.1674749595158609
2835,21.00396156311035,20.38671400930525,0.6172475538051003
2836,20.969867706298828,20.366388907746114,0.6034787985527146
2837,20.872116088867188,20.319638871569623,0.5524772172975645
2838,20.746946334838867,20.265883542492702,0.4810627923461652
2839,20.756959915161133,20.197280568254428,0.5596793469067052
2840,20.726919174194336,20.12771998727203,0.5991991869223057
2841,20.66206932067871,20.066706757575048,0.595362563103663
2842,20.56217193603516,20.000056244612097,0.5621156914230632
2843,20.49589157104492,19.928983403474376,0.5669081675705421
2844,20.48182487487793,19.85456909721961,0.6272557776583199
2845,20.393848419189453,19.778033698798936,0.6158147203905173
2846,20.32399177551269,19.6996636775566,0.6243280979560915
2847,20.266056060791016,19.61973940774442,0.6463166530465969
2848,20.179033279418945,19.539136550974945,0.6398967284440005
2849,20.10798454284668,19.458184919471933,0.6497996233747472
2850,20.03312110900879,19.376652899723013,0.6564682092857765
2851,19.964933395385746,19.295720907962277,0.6692124874234686
2852,19.95396614074707,19.21564832423428,0.7383178165127902
2853,19.82712745666504,19.13605928450579,0.6910681721592482
2854,19.85001564025879,19.057454263588625,0.7925613766701645
2855,19.76323127746582,18.980368952384197,0.7828623250816236
2856,19.687891006469727,18.904694147153123,0.7831968593166039
2857,19.61803436279297,18.83094200496771,0.7870923578252587
2858,19.54483985900879,18.75881318906636,0.7860266699424301
2859,19.46687698364257,18.687973315905992,0.7789036677365786
2860,19.395112991333008,18.618069547358118,0.7770434439748897
2861,19.315004348754883,18.548871285759105,0.7661330629957774
2862,19.305944442749023,18.4802732214564,0.8256712212926232
2863,19.175052642822266,18.41162859741985,0.7634240454024166
2864,19.198894500732425,18.341883809199544,0.8570106915328815
2865,19.12379264831543,18.271466867730624,0.8523257805848061
2866,19.04296875,18.201895112412103,0.8410736375878969
2867,18.963098526000977,18.133074577235675,0.8300239487653016
2868,18.896818161010746,18.06489131783451,0.8319268431762374
2869,18.81909370422364,17.99725390782214,0.8218397964014983
2870,18.815994262695312,17.930098010111806,0.8858962525835068
2871,18.687009811401367,17.863363181703562,0.8236466296978051
2872,18.715858459472656,17.796990841986826,0.9188676174858301
2873,18.63694190979004,17.73093324607089,0.9060086637191489
2874,18.55087280273437,17.66514992931434,0.8857228734200326
2875,18.48292350769043,17.59960059638388,0.8833229113065499
2876,18.40686798095703,17.534245798486836,0.8726221824701952
2877,18.32795143127441,17.46906648845936,0.8588849428150489
2878,18.241167068481445,17.404026180400933,0.837140888080512
2879,18.19300651550293,17.33910227167712,0.8539042438258093
2880,18.168926239013672,17.274287989963,0.8946382490506721
2881,18.030881881713867,17.21063854813565,0.8202433335782189
2882,18.03112030029297,17.149016232465897,0.882104067827072
2883,17.95506477355957,17.089110701164145,0.8659540723954251
2884,17.87400245666504,17.028411368727348,0.8455910879376916
2885,17.807960510253906,16.96524030700175,0.8427202032521564
2886,17.776012420654297,16.898420824531968,0.8775915961223291
2887,17.70496368408203,16.82800451796851,0.8769591661135223
2888,17.65894889831543,16.751461881625573,0.9074870166898563
2889,17.558813095092773,16.66794273476313,0.8908703603296431
2890,17.50493049621582,16.582920555038072,0.9220099411777483
2891,17.433881759643555,16.505484649037783,0.928397110605772
2892,17.421960830688477,16.441509966306,0.9804508643824761
2893,17.29893684387207,16.39514290510391,0.9037939387681604
2894,17.297983169555664,16.383100356925695,0.9148828126299691
2895,17.163991928100586,16.45229013195504,0.7117017961455474
2896,17.16303825378418,16.72608289026556,0.43695536351862074
2897,17.096996307373047,17.348883371255397,0.25188706388235005
2898,17.009973526000977,18.747427217789436,1.7374536917884598
2899,16.94488525390625,20.123064013887415,3.178178759981165
2900,16.891002655029297,20.419857090246296,3.5288544352169993
2901,16.787052154541016,16.809795937255956,0.022743782714940153
2902,16.72983169555664,16.730972678168143,0.00114098261150275
2903,16.66402816772461,16.645310513737854,0.018717653986755067
2904,16.60299301147461,16.56152322513549,0.04146978633912113
2905,16.555070877075195,16.48720021828609,0.06787065878910425
2906,16.527891159057617,16.427776770701286,0.10011438835633157
2907,16.402006149291992,16.38978396439228,0.012222184899712829
2908,16.37101173400879,16.392115548882202,0.021103814873413285
2909,16.330957412719727,16.50349834730136,0.1725409345816331
2910,16.25514030456543,16.85733918198906,0.602198877423632
2911,21.24190330505371,17.77453415115815,3.467369153895561
2912,21.100997924804688,19.380744738441535,1.720253186363152
2913,21.08001708984375,20.351355700881868,0.728661388961882
2914,20.99394798278809,20.42077406304088,0.5731739197472088
2915,20.92790603637696,20.367147408137498,0.5607586282394621
2916,20.83683013916016,20.315454251999654,0.5213758871605059
2917,20.82085609436035,20.25339605256704,0.5674600417933107
2918,20.71499824523925,20.17834108437455,0.5366571608646993
2919,20.65706253051757,20.117607551696892,0.5394549788206788
2920,20.57814598083496,20.053793288411725,0.5243526924232356
2921,20.54595947265625,19.985353527204097,0.5606059454521528
2922,20.44105529785156,19.913302085114992,0.5277532127365667
2923,20.44105529785156,19.83819903341555,0.60285626443601
2924,20.325899124145508,19.76056719558983,0.565331928555679
2925,20.307064056396484,19.681094639850016,0.625969416546468
2926,20.234107971191406,19.60052090407771,0.6335870671136945
2927,20.179033279418945,19.518924547242023,0.6601087321769228
2928,20.10202407836914,19.437369501588364,0.6646545767807766
2929,20.03693580627441,19.356067063654336,0.6808687426200741
2930,19.97590065002441,19.274858422420493,0.7010422276039172
2931,19.884109497070312,19.194507834754404,0.6896016623159085
2932,19.819974899291992,19.11461099285816,0.7053639064338313
2933,19.8209285736084,19.036006987789733,0.7849215858186653
2934,19.67906951904297,18.959420119699644,0.7196493993433251
2935,19.694805145263672,18.88456527370863,0.8102398715550407
2936,19.562959671020508,18.81147411043571,0.751485560584797
2937,19.323110580444336,18.740336593594975,0.5827739868493609
2938,19.243955612182617,18.670238967246178,0.5737166449364395
2939,19.18792724609375,18.600893238271965,0.587034007821785
2940,19.1650390625,18.53211689251566,0.6329221699843401
2941,19.04892921447754,18.46369626312594,0.5852329513515997
2942,19.028902053833008,18.394619564759296,0.634282489073712
2943,18.95618438720703,18.32437125418096,0.6318131330260712
2944,18.88608932495117,18.25404455394164,0.6320447710095287
2945,18.841028213500977,18.184646339449273,0.6563818740517036
2946,18.783092498779297,18.115983599443553,0.6671088993357444
2947,18.692970275878903,18.04793595584897,0.6450343200299322
2948,18.63884925842285,17.980419262528358,0.6584299958944939
2949,18.568038940429688,17.913372568557406,0.6546663718722812
2950,18.512964248657227,17.84672950515187,0.6662347435053562
2951,18.429994583129883,17.780437925409842,0.6495566577200407
2952,18.36991310119629,17.7144514389056,0.6554616622906906
2953,18.294095993041992,17.648726364143386,0.6453696288986066
2954,18.227100372314453,17.583222575098034,0.6438777972164189
2955,18.157958984375,17.517905956182744,0.6400530281922556
2956,18.14103126525879,17.452762200861116,0.688269064397673
2957,17.998933792114258,17.387753553421703,0.6111802386925547
2958,18.00394058227539,17.322855210224475,0.6810853720509158
2959,17.945051193237305,17.2580797847246,0.6869714085127043
2960,17.86184310913086,17.19487892476934,0.6669641843615182
2961,17.808914184570312,17.13422234263362,0.6746918419366921
2962,17.777204513549805,17.074404089669315,0.7028004238804897
2963,17.715930938720703,17.013232895493502,0.7026980432272012
2964,17.6389217376709,16.94925711225892,0.6896646254119787
2965,17.549991607666016,16.8814956840464,0.6684959236196164
2966,17.498016357421875,16.80989032653457,0.6881260308873038
2967,17.414093017578125,16.731363991567605,0.6827290260105201
2968,17.401933670043945,16.645958879195177,0.755974790848768
2969,17.26388931274414,16.562190891718842,0.7016984210252986
2970,17.269134521484375,16.487541437644637,0.7815930838397378
2971,17.18616485595703,16.428083641674363,0.7580812142826687
2972,17.117023468017578,16.389482257316956,0.7275412107006218
2973,17.054080963134766,16.39006152389655,0.664019439238217
2974,16.99995994567871,16.49823047319643,0.5017294724822818
2975,16.91603660583496,16.836796350183647,0.07924025565131387
2976,16.859054565429688,17.601277508688895,0.7422229432592076
2977,16.78776741027832,19.165217529462097,2.377450119183777
2978,16.726016998291016,20.28266671811707,3.556649719826055
2979,16.674041748046875,20.416909774439773,3.742868026392898
2980,16.65496826171875,20.364971460139714,3.7100031984209636
2981,16.517162322998047,20.313110350343777,3.7959480273457302
2982,16.516923904418945,20.25336015924495,3.7364362548260033
2983,16.459941864013672,20.17941720680483,3.7194753427911564
2984,16.376018524169922,20.11753305612274,3.7415145319528165
2985,16.368865966796875,20.054030997016525,3.6851650302196504
2986,16.24608039855957,19.98606191239105,3.7399815138314807
2987,16.185998916625977,19.914274590973946,3.7282756743479695
2988,21.091222763061523,19.839849448999303,1.2513733140622207
2989,21.107196807861328,19.762863690971244,1.344333116890084
2990,21.02088928222656,19.683870615835986,1.3370186663905734
2991,20.963191986083984,19.603643623099742,1.359548362984242
2992,20.874977111816406,19.522308678006084,1.3526684338103223
2993,20.80297470092773,19.440878920363502,1.3620957805642284
2994,20.728111267089844,19.35969567534812,1.368415591741723
2995,20.661115646362305,19.27878264609717,1.3823330002651346
2996,20.61295509338379,19.198432735663573,1.414522357720216
2997,20.535945892333984,19.11865644115096,1.4172894511830236
2998,20.47204971313477,19.040030426026533,1.4320192871082362
2999,20.478010177612305,18.96327001711029,1.514740160502015
3000,20.334959030151367,18.88824907985054,1.4467099503008285
3001,20.331144332885746,20.18632633269135,0.1448180001943946
3002,20.267963409423828,20.086829366618986,0.18113404280484247
3003,20.2028751373291,19.991551558973697,0.2113235783554046
3004,20.11895179748535,19.897051214229577,0.2219005832557741
3005,20.04790306091309,19.80359651645358,0.2443065444595085
3006,19.97590065002441,19.711694035549954,0.2642066144744568
3007,19.90318298339844,19.621423684952788,0.2817592984456532
3008,19.84095573425293,19.532383188561653,0.3085725456912769
3009,19.78015899658203,19.445528121423195,0.3346308751588367
3010,19.70696449279785,19.361666421900736,0.3452980708971154
3011,19.701004028320312,19.28097755660474,0.4200264717155733
3012,19.565105438232425,19.203232620952804,0.36187281727962173
3013,19.5620059967041,19.12846141317459,0.4335445835295104
3014,19.49095726013184,19.056229827242532,0.43472743288930715
3015,19.42992210388184,18.986120010708873,0.44380209317296604
3016,19.34385299682617,18.917949788033184,0.4259032087929846
3017,19.28496360778809,18.850420057987094,0.4345435498009955
3018,19.22392845153809,18.78334576679208,0.44058268474600837
3019,19.21296119689941,18.71439909706396,0.49856209983544986
3020,19.075870513916016,18.645060479030917,0.4308100348850985
3021,19.07205581665039,18.575427603479966,0.4966282131704247
3022,18.98813247680664,18.505463899856522,0.4826685769501182
3023,18.948793411254883,18.43515311458077,0.5136402966741116
3024,18.848180770874023,18.36445393647068,0.48372683440334185
3025,18.804073333740234,18.293326239501084,0.5107470942391501
3026,18.723011016845703,18.223276527351118,0.49973448949458543
3027,18.6920166015625,18.15407081619469,0.5379457853678105
3028,18.616199493408203,18.08556265450534,0.5306368389028648
3029,18.59307289123535,18.017638775148725,0.5754341160866261
3030,18.497943878173828,17.950187265455497,0.5477566127183309
3031,18.51511001586914,17.883210326431254,0.631899689437887
3032,18.375873565673828,17.81665699633095,0.5592165693428797
3033,18.37420463562012,17.750457520207874,0.6237471154122467
3034,18.315792083740234,17.68456076700886,0.6312313167313732
3035,18.19896697998047,17.618921362156925,0.5800456178235436
3036,18.15986633300781,17.553503496984035,0.6063628360237736
3037,18.06187629699707,17.48826975439499,0.5736065426020787
3038,18.04494857788086,17.423197616409425,0.6217509614714345
3039,18.004894256591797,17.358254660521766,0.6466395960700311
3040,17.943143844604492,17.293419892524753,0.6497239520797393
3041,17.833948135375977,17.229262695636294,0.6046854397396828
3042,17.845869064331055,17.166881710267035,0.6789873540640201
3043,17.679929733276367,17.10696610513196,0.5729636281444073
3044,17.71402359008789,17.046896429604885,0.6671271604830054
3045,17.626047134399414,16.984483021730057,0.6415641126693572
3046,17.579078674316406,16.918791977900582,0.6602866964158238
3047,17.467021942138672,16.8494248314488,0.6175971106898714
3048,17.438173294067383,16.774888538691357,0.6632847553760257
3049,17.33112335205078,16.693523075808514,0.6376002762422672
3050,17.367839813232422,16.608189580772148,0.7596502324602739
3051,17.229080200195312,16.528280210074797,0.7007999901205153
3052,17.244815826416016,16.459683225111377,0.7851326013046389
3053,17.14611053466797,16.40785347964524,0.7382570550227285
3054,17.105817794799805,16.383982579228018,0.7218352155717866
3055,17.008066177368164,16.414159508833848,0.5939066685343164
3056,16.94798469543457,16.61014961858598,0.3378350768485916
3057,16.91603660583496,17.116312506104236,0.20027590026927555
3058,16.836166381835938,18.237745768857394,1.4015793870214566
3059,16.762971878051758,19.80970041290675,3.046728534854992
3060,16.671180725097656,20.364473017025375,3.693292291927719
3061,16.620874404907227,20.355701501785006,3.7348270968777797
3062,16.622066497802734,20.311082039029316,3.6890155412265813
3063,16.523122787475586,20.258633091430056,3.73551030395447
3064,16.484975814819336,20.191425893358428,3.706450078539092
3065,16.407012939453125,20.120985587368523,3.713972647915398
3066,16.30997657775879,20.060399691374187,3.7504231136153976
3067,16.26300811767578,19.993928645021697,3.7309205273459156
3068,16.21103286743164,19.923190356735176,3.712157489303536
3069,21.13199234008789,19.849252822154995,1.282739517932896
3070,21.136045455932617,19.773120377067244,1.3629250788653735
3071,21.003007888793945,19.694995513987124,1.3080123748068218
3072,20.99490165710449,19.615260192040296,1.3796414650641928
3073,20.914077758789062,19.53532576374073,1.378751995048333
3074,20.82681655883789,19.455289073334825,1.3715274855030657
3075,20.759105682373047,19.374462052610397,1.3846436297626497
3076,20.673036575317383,19.29385784137594,1.379178733941444
3077,20.60985565185547,19.213765617905665,1.396090033949804
3078,20.52903175354004,19.134018783006468,1.3950129705335712
3079,20.47991752624512,19.05518688920438,1.4247306370407422
3080,20.481109619140625,18.978050785563028,1.5030588335775974
3081,20.394086837768555,18.902363790147092,1.4917230476214627
3082,20.334959030151367,18.828470106370787,1.50648892378058
3083,20.28799057006836,18.756254266094174,1.531736303974185
3084,20.22290229797364,18.685319580384885,1.537582717588755
3085,20.13492584228516,18.61534250141972,1.5195833408654416
3086,20.06983757019043,18.546022507280213,1.5238150629102165
3087,20.068883895874023,18.477352317717077,1.5915315781569461
3088,19.95205879211425,18.408702783744957,1.5433560083692939
3089,19.926071166992188,18.339018099908344,1.5870530670838434
3090,19.82998847961425,18.268689198663424,1.561299280950827
3091,19.759178161621094,18.19916247930564,1.560015682315452
3092,19.704818725585938,18.13037478990509,1.574443935680847
3093,19.625186920166016,18.06221878911174,1.5629681310542765
3094,19.5620059967041,17.994604743620357,1.5674012530837445
3095,19.5608139038086,17.92746865496042,1.6333452488481797
3096,19.41490173339844,17.86075211182947,1.5541496215689712
3097,19.444942474365234,17.79439500984381,1.6505474645214235
3098,19.305944442749023,17.728351635810213,1.57759280693881
3099,19.2868709564209,17.662579493389785,1.6242914630311134
3100,19.23799514770508,17.597037694670803,1.6409574530342788
3101,19.154071807861328,19.078975357729178,0.0750964501321505
3102,19.104957580566406,19.001213491264934,0.10374408930147183
3103,19.0122127532959,18.93040121532863,0.08181153796726903
3104,18.94617080688477,18.860435310699586,0.08573549618518328
3105,18.880844116210938,18.79070101958291,0.09014309662802589
3106,18.813133239746094,18.721026155617437,0.09210708412865642
3107,18.811941146850582,18.65134282624581,0.1605983206047732
3108,18.66698265075684,18.581509659185258,0.0854729915715815
3109,18.66388320922852,18.5114922848868,0.15239092434172008
3110,18.589019775390625,18.441196568034,0.14782320735662324
3111,18.538951873779297,18.370562065626928,0.16838980815236937
3112,18.444061279296875,18.299567275533946,0.14449400376292942
3113,18.414974212646484,18.229511806907794,0.18546240573869
3114,18.375158309936523,18.160345713852166,0.2148125960843572
3115,18.30983161926269,18.091912555661338,0.2179190636013537
3116,18.224000930786133,18.024091615643556,0.19990931514257682
3117,18.157958984375,17.956798578353528,0.20116040602147223
3118,18.10884475708008,17.889924578668115,0.21892017841196676
3119,18.10002326965332,17.823476050295994,0.27654721935732596
3120,17.956018447875977,17.75734971528209,0.1986687325938874
3121,17.96889305114746,17.69152424080289,0.2773688103445693
3122,17.827987670898438,17.625947649264617,0.2020400216338203
3123,17.81606674194336,17.560573804203727,0.255492937739632
3124,17.760038375854492,17.495384081726684,0.2646542941278085
3125,17.688989639282227,17.430343773668255,0.2586458656139712
3126,17.599105834960938,17.365384733508904,0.2337211014520335
3127,17.546892166137695,17.30056748890263,0.2463246772350658
3128,17.474889755249023,17.236176054225893,0.23871370102312994
3129,17.398834228515625,17.173607390802204,0.22522683771342145
3130,17.327070236206055,17.11360162909159,0.21346860711446425
3131,17.324209213256836,17.0536455593151,0.27056365394173554
3132,17.24386215209961,16.991481034381195,0.2523811177184143
3133,17.180919647216797,16.926176520996705,0.25474312622009165
3134,17.138004302978516,16.85716530254666,0.28083900043185395
3135,17.08388328552246,16.783270306632403,0.300612978890058
3136,17.040014266967773,16.70254973839036,0.3374645285774136
3137,16.91293716430664,16.617015909517363,0.29592125478927755
3138,16.869068145751953,16.536237945821597,0.33283019993035623
3139,16.782045364379883,16.46641112781566,0.31563423656422174
3140,16.70694351196289,16.41261169397268,0.29433181799021213
3141,16.64590835571289,16.38520784095121,0.2607005147616803
3142,16.58010482788086,16.408005920446556,0.17209890743430378
3143,16.53885841369629,16.57498478702024,0.03612637332395252
3144,16.48402214050293,17.041977859321378,0.5579557188184481
3145,16.464948654174805,18.05871698920214,1.5937683350273346
3146,16.33286476135254,19.678890248087555,3.346025486735016
3147,16.350984573364258,20.356951672965806,4.005967099601548
3148,16.276836395263672,20.34933416189233,4.072497766628658
3149,21.17705345153809,20.30318347647153,0.8738699750665582
3150,21.16918563842773,20.252085607694426,0.9171000307333053
3151,21.04711532592773,20.186538983693936,0.8605763422337951
3152,21.029949188232425,20.11428234015966,0.9156668480727639
3153,20.956993103027344,20.05377432590194,0.903218777125403
3154,20.91193199157715,19.98853584268545,0.9233961488916975
3155,20.81584930419922,19.919699900469823,0.896149403729396
3156,20.75481414794922,19.847900388867856,0.9069137590813625
3157,20.67899703979492,19.77376781132989,0.9052292284650285
3158,20.62702178955078,19.697598118455062,0.9294236710957193
3159,20.53999900817871,19.61961073357088,0.9203882746078307
3160,20.49088478088379,19.54073143349433,0.9501533473894597
3161,20.416975021362305,19.46079903689224,0.9561759844700646
3162,20.35784721374512,19.38029708776412,0.9775501259810007
3163,20.29609680175781,19.299967155689046,0.9961296460687628
3164,20.2939510345459,19.21984174782665,1.0741092867192492
3165,20.142078399658203,19.14029943714013,1.001778962518074
3166,20.13707160949707,19.061193264178655,1.075878345318415
3167,20.063161849975582,18.983404139106597,1.0797577108689858
3168,19.998788833618164,18.907027043781,1.0917617898371645
3169,19.94013786315918,18.832894127626787,1.1072437355323927
3170,19.88697052001953,18.760557909274667,1.1264126107448647
3171,19.80781555175781,18.689525024853992,1.1182905269038166
3172,19.775867462158203,18.619447376863718,1.156420085294485
3173,19.704818725585938,18.550058135701875,1.154760589884063
3174,19.61302757263184,18.48125317687277,1.13177439575907
3175,19.55509185791016,18.41263174804908,1.14246010986108
3176,19.485950469970703,18.343078616624098,1.1428718533466053
3177,19.4091796875,18.272735832113085,1.136443855386915
3178,19.40488815307617,18.203166955032657,1.2017211980435114
3179,19.270896911621094,18.134343541618136,1.1365533700029573
3180,19.2720890045166,18.06615909706011,1.2059299074564933
3181,19.199132919311523,17.998520671199003,1.2006122481125203
3182,19.10996437072754,17.931362064558698,1.178602306168841
3183,19.062042236328125,17.86462859061544,1.197413645712686
3184,18.97716522216797,17.798257943979934,1.178907278188035
3185,18.91207695007324,17.732203056993967,1.1798738930792716
3186,18.84317398071289,17.666423126399877,1.1767508543130134
3187,18.780946731567383,17.600874809318157,1.1800719222492262
3188,18.70298385620117,17.53552043469142,1.1674634215097477
3189,18.64004135131836,17.470340532085515,1.169700819232844
3190,18.654823303222656,17.405299123524287,1.2495241796983692
3191,18.51201057434082,17.34037386033549,1.1716367140053308
3192,18.48983764648437,17.275555515226415,1.2142821312579564
3193,18.43404769897461,17.211870264731033,1.2221774342435765
3194,18.353939056396484,17.150172352984328,1.2037667034121569
3195,18.27692985534668,17.09026047262796,1.1866693827187191
3196,18.2180404663086,17.029601943448824,1.1884385228597765
3197,18.136978149414062,16.966489039063504,1.1704891103505588
3198,18.080949783325195,16.899741427891968,1.1812083554332276
3199,17.991065979003906,16.82939119382354,1.1616747851803666
3200,17.946958541870117,16.753007580135204,1.193950961734913
3201,17.89712905883789,17.863585483269162,0.033543575568728556
3202,17.89093017578125,17.796479023530765,0.09445115225048539
3203,17.767906188964844,17.730327122990275,0.03757906597456895
3204,17.750978469848633,17.664492675180554,0.0864857946680786
3205,17.663955688476562,17.59895189231031,0.06500379616625196
3206,17.61603355407715,17.53363857490342,0.08239497917372773
3207,17.555952072143555,17.468510819199423,0.08744125294413152
3208,17.48800277709961,17.40356109098684,0.08444168611276837
3209,17.41313934326172,17.33869288463552,0.07444645862619836
3210,17.33994483947754,17.2739842511902,0.0659605882873393
3211,17.24386215209961,17.21040422569331,0.03345792640629952
3212,17.264127731323242,17.14884683968876,0.11528089163448385
3213,17.126798629760742,17.089006153398145,0.03779247636259697
3214,17.13109016418457,17.0283637084907,0.10272645569386896
3215,17.007112503051758,16.965252666494735,0.0418598365570233
3216,16.994953155517578,16.89849464287363,0.09645851264394878
3217,16.923189163208008,16.828167265401817,0.09502189780619119
3218,16.844987869262695,16.751739885563666,0.09324798369902965
3219,16.79205894470215,16.66836147607853,0.12369746862361808
3220,16.715049743652344,16.583463145245503,0.13158659840684095
3221,16.644954681396484,16.50587602592779,0.13907865546869402
3222,16.640186309814453,16.44188460285534,0.1983017069591142
3223,16.503095626831055,16.39539775615617,0.10769787067488323
3224,16.499996185302734,16.382901017774287,0.11709516752844706
3225,16.41702651977539,16.451138328793746,0.03411180901835564
3226,16.377925872802734,16.722655204986836,0.3447293321841016
3227,16.283035278320312,17.34005149766915,1.0570162193488386
3228,16.217947006225586,18.7129914693287,2.4950444631031132
3229,21.19588851928711,20.11041669709357,1.08547182219354
3230,21.11196517944336,20.41615127404839,0.6958139053949708
3231,21.03400230407715,20.375052743020206,0.6589495610569429
3232,20.953893661499023,20.3254075379391,0.6284861235599237
3233,20.91693878173828,20.269098365133686,0.6478404166045948
3234,20.849943161010746,20.197535884904028,0.6524072761067181
3235,20.7819938659668,20.131236855604584,0.6507570103622164
3236,20.760059356689453,20.068602331321017,0.691457025368436
3237,20.68710327148437,20.001239369776158,0.6858639017082133
3238,20.60508728027344,19.930230865725207,0.6748564145482341
3239,20.50495147705078,19.855406156580102,0.6495453204706791
3240,20.50614356994629,19.778156277880043,0.7279872920662456
3241,20.435810089111328,19.699515363640785,0.7362947254705432
3242,20.3399658203125,19.619464451352542,0.7205013689599582
3243,20.25294303894043,19.538461350180114,0.7144816887603156
3244,20.1718807220459,19.456956419730886,0.714924302315012
3245,20.164012908935547,19.375445394189228,0.7885675147463189
3246,20.11585235595703,19.29446599615403,0.8213863598030002
3247,20.02096176147461,19.214121164964126,0.806840596510483
3248,19.962072372436523,19.134367557740006,0.8277048146965171
3249,19.8969841003418,19.055638603276748,0.8413454970650527
3250,19.837141036987305,18.978608147904197,0.8585328890831079
3251,19.762039184570312,18.90317426813226,0.8588649164380513
3252,19.697904586791992,18.829652384994233,0.868252201797759
3253,19.68002319335937,18.75776229354642,0.9222608998129509
3254,19.531965255737305,18.687127283214977,0.8448379725223276
3255,19.513845443725582,18.617454112330734,0.8963913313948488
3256,19.42300796508789,18.54850405644015,0.8745039086477391
3257,19.395112991333008,18.47998759865277,0.9151253926802383
3258,19.312143325805664,18.41123901942865,0.900904306377015
3259,19.262075424194336,18.34135980055862,0.920715623635715
3260,19.18482780456543,18.27085803572004,0.9139697688453907
3261,19.118070602416992,18.20127476744915,0.9167958349678429
3262,19.05179023742676,18.132452877807737,0.9193373596190249
3263,18.992900848388672,18.06426961840657,0.928631229982102
3264,18.91493797302246,17.99663322424294,0.9183047487795193
3265,18.926143646240234,17.929479527538206,0.9966641187020286
3266,18.76711845397949,17.86274520705433,0.9043732469251573
3267,18.70107650756836,17.796373375261965,0.9047031323063948
3268,18.632888793945312,17.73031696450289,0.9025718294424223
3269,18.64409446716309,17.66453364774634,0.9795608194167507
3270,18.503189086914062,17.598985161356495,0.9042039255575673
3271,18.512964248657227,17.53363129465413,0.9793329540030982
3272,18.463134765625,17.468452577205085,0.9946821884199153
3273,18.39900016784668,17.403413369649456,0.9955867981972233
3274,18.373966217041016,17.338490222812197,1.0354759942288183
3275,18.249988555908203,17.27367771883337,0.9763108370748341
3276,18.227100372314453,17.210045207818325,1.0170551644961279
3277,18.174171447753903,17.148459124086912,1.0257123236669905
3278,18.080949783325195,17.088556047752945,0.9923937355722501
3279,18.03302764892578,17.027840631044455,1.005187017881326
3280,17.96102523803711,16.96463833197015,0.9963869060669595
3281,17.899036407470703,16.897784056681076,1.0012523507896276
3282,17.86184310913086,16.82733655509594,1.0345065540349196
3283,17.799854278564453,16.75071777242465,1.0491365061398028
3284,17.748117446899414,16.66713873281367,1.0809787140857452
3285,17.650127410888672,16.58211435208301,1.0680130588056613
3286,17.640113830566406,16.50481092968903,1.1353029008773774
3287,17.524003982543945,16.440966169778193,1.0830378127657525
3288,17.48204231262207,16.394758935444287,1.0872833771777834
3289,17.42696762084961,16.383306277930387,1.043661342919222
3290,17.346858978271484,16.45379451928264,0.8930644589888459
3291,17.297029495239258,16.72987255631142,0.5671569389278375
3292,17.204999923706055,17.357091005791858,0.15209108208580346
3293,17.138957977294922,18.76421835089559,1.6252603736006677
3294,17.08388328552246,20.130871150058738,3.046987864536277
3295,16.98899269104004,20.42078828492322,3.43179559388318
3296,16.942977905273438,20.378749755195713,3.4357718499222756
3297,16.87002182006836,20.328508585521377,3.458486765453017
3298,16.89600944519043,20.271692842811717,3.3756833976212874
3299,16.726016998291016,20.19967323064975,3.473656232358735
3300,16.71004295349121,20.133649157742184,3.423606204250973
3301,16.644001007080078,16.58397081565255,0.06003019142752919
3302,16.543149948120117,16.505150223167675,0.03799972495244219
3303,16.5250301361084,16.44077514788833,0.08425498822006716
3304,16.451120376586914,16.395399703199587,0.055720673387327224
3305,16.3729190826416,16.38449939227371,0.011580309632108765
3306,16.297101974487305,16.455638327069977,0.15853635258267218
3307,16.243934631347656,16.72797258055425,0.48403794920659493
3308,21.20900154113769,17.36720699683758,3.841794544300111
3309,21.08407020568848,18.795969888373065,2.288100317315415
3310,21.08407020568848,20.133440570134553,0.950629635553927
3311,21.00992202758789,20.422830140887527,0.5870918867003638
3312,20.93100547790528,20.382445412906236,0.5485600649990445
3313,20.853042602539062,20.330934432308823,0.5221081702302399
3314,20.77794075012207,20.2732525092415,0.5046882408805686
3315,20.7061767578125,20.200737162895166,0.505439594917334
3316,20.646095275878903,20.13506254195363,0.5110327339252727
3317,20.573139190673828,20.071967499575294,0.5011716910985342
3318,20.56407928466797,20.004385114702927,0.5596941699650415
3319,20.43485641479492,19.933098268097638,0.5017581466972807
3320,20.41006088256836,19.858262046000164,0.5517988365681958
3321,20.363807678222656,19.780918031983674,0.5828896462389821
3322,20.29109001159668,19.70208139755414,0.589008614042541
3323,20.216941833496094,19.621930932089526,0.5950109014065674
3324,20.151138305664062,19.54077883976879,0.6103594658952716
3325,20.09296417236328,19.459121532008794,0.6338426403544872
3326,20.006179809570312,19.377389728674643,0.6287900808956692
3327,20.006179809570312,19.29622409170406,0.7099557178662508
3328,19.85311508178711,19.21548443397114,0.6376306478159677
3329,19.85692977905273,19.135857469223083,0.7210723098296477
3330,19.787073135375977,19.056926699477117,0.7301464358988596
3331,19.762039184570312,18.980080112726228,0.781959071844085
3332,19.64402198791504,18.90474070688697,0.7392812810280702
3333,19.60611343383789,18.83127384888894,0.7748395849489498
3334,19.53291893005371,18.759447417295405,0.7734715127583058
3335,19.501209259033203,18.688861167703408,0.8123480913297954
3336,19.40703392028809,18.61922185844378,0.7878120618443099
3337,19.332170486450195,18.550306849334675,0.7818636371155208
3338,19.26708221435547,18.48181561845763,0.7852665958978378
3339,19.25492286682129,18.413065007536034,0.8418578592852555
3340,19.119977951049805,18.343165471691236,0.7768124793585685
3341,19.12784576416016,18.27262171843813,0.8552240457220286
3342,19.03390884399414,18.20301423910564,0.8308946048884991
3343,18.965959548950195,18.134171355256967,0.8317881936932281
3344,18.9199447631836,18.065971165043493,0.853973598140108
3345,18.83506774902344,17.998320041073157,0.8367477079502841
3346,18.77284049987793,17.931154323491683,0.8416861763862471
3347,18.73302459716797,17.864408828671685,0.8686157684962836
3348,18.64409446716309,17.798027346316303,0.8460671208467865
3349,18.632173538208008,17.731962639459198,0.90021089874881
3350,18.49007606506348,17.666174243458954,0.823901821604526
3351,18.51201057434082,17.600619831284803,0.9113907430560175
3352,18.429994583129883,17.535260800684682,0.8947337824452006
3353,18.34702491760254,17.470077342608192,0.8769475749943467
3354,18.299102783203125,17.405034410273856,0.8940683729292687
3355,18.22519302368164,17.340108215890382,0.8850848077912588
3356,18.136978149414062,17.275291987132846,0.8616861622812166
3357,18.07379722595215,17.211614609465187,0.8621826164869617
3358,17.986059188842773,17.149933797838912,0.8361253910038613
3359,17.993927001953125,17.0900248803747,0.903902121578426
3360,17.848968505859375,17.029357631827224,0.8196108740321506
3361,17.84491539001465,16.966238209079165,0.8786771809354832
3362,17.76409149169922,16.899478830993075,0.8646126607061433
3363,17.715930938720703,16.829117930512894,0.8868130082078096
3364,17.629146575927734,16.752705703751758,0.8764408721759764
3365,17.59505271911621,16.669289877171423,0.9257628419447883
3366,17.5018310546875,16.584273411595518,0.9175576430919818
3367,17.441987991333008,16.50661465377823,0.935373337554779
3368,17.355918884277344,16.44242205032853,0.9134968339488125
3369,17.348051071166992,16.39578564106614,0.9522654301008515
3370,17.19808578491211,16.382758608479264,0.8153271764328451
3371,17.204999923706055,16.449791948272008,0.7552079754340468
3372,17.14801788330078,16.719786786765667,0.4282310965351144
3373,17.06385612487793,17.335644153263274,0.27178802838534466
3374,16.98589324951172,18.719959175825807,1.7340659263140878
3375,16.924142837524414,20.1098593347524,3.185716497227986
3376,16.84403419494629,20.418239859054665,3.5742056641083764
3377,16.844987869262695,20.37795603871473,3.532968169452033
3378,16.70694351196289,20.32824514208187,3.621301630118978
3379,16.700029373168945,20.271759888828456,3.5717305156595103
3380,16.618013381958008,20.20010733667732,3.582093954719312
3381,16.565799713134766,20.133588206817876,3.5677884936831106
3382,16.474008560180664,20.070900181167417,3.596891620986753
3383,16.421079635620117,20.00348778165062,3.5824081460305024
3384,16.34502410888672,19.932410877117945,3.5873867682312266
3385,16.27492904663086,19.85746291165924,3.582533865028381
3386,16.21699333190918,19.780149373104905,3.5631560411957253
3387,21.19898796081543,19.70145698919623,1.4975309716191987
3388,21.11601829528809,19.621322777311434,1.4946955179766555
3389,21.064043045043945,19.540269560934576,1.5237734841093697
3390,20.98894119262696,19.4587158697459,1.5302253228810585
3391,20.899057388305664,19.37714863390738,1.5219087543982823
3392,20.83706855773925,19.296131310852616,1.5409372468866351
3393,20.763158798217773,19.215749231875634,1.5474095663421394
3394,20.76411247253418,19.13596345610813,1.6281490164260504
3395,20.62702178955078,19.05720808957767,1.5698136999731105
3396,20.651817321777344,18.98015663999786,1.6716606817794855
3397,20.60198783874512,18.904729871167092,1.6972579675780288
3398,20.53093910217285,18.831214591045864,1.6997245111269876
3399,20.463943481445312,18.75933110261485,1.7046123788304612
3400,20.37906646728516,18.688703203224577,1.6903632640605828
