SN,Actual IP Delay (ms),Recursive Predicted IP Delay (ms),Absolute Difference (ms)
1,19.706010818481445,19.75622748977912,0.05021667129767593
2,19.694805145263672,19.701647916917864,0.006842771654191893
3,19.64282989501953,19.649523297630367,0.006693402610835619
4,19.55199241638184,19.59985363191663,0.04786121553479106
5,19.49501037597656,19.553576495127345,0.05856611915078602
6,19.42300796508789,19.508468172716675,0.0854602076287847
7,19.37699317932129,19.4646835061576,0.0876903268363094
8,19.28400993347168,19.422286955887103,0.13827702241542283
9,19.24586296081543,19.381313992198557,0.13545103138312697
10,19.17386054992676,19.34176768463658,0.167907134709818
11,19.09494400024414,19.30361665563396,0.20867265538981883
12,19.09494400024414,19.266803607024485,0.17185960678034462
13,18.95904541015625,19.2312545286768,0.27220911852054996
14,18.939971923828125,19.196886542886205,0.25691461905807955
15,18.861055374145508,19.163616771948,0.30256139780249214
16,18.82004737854004,19.13138416603033,0.3113367874902906
17,18.74995231628418,19.100137907116732,0.3501855908325524
18,18.69416236877441,19.06982206128305,0.37565969250863773
19,18.630027770996094,19.040386492633843,0.4103587216377491
20,18.55087280273437,19.011779701031628,0.4609068982972566
21,18.474817276000977,18.983960759214824,0.5091434832138475
22,18.3868408203125,18.956892662117752,0.5700518418052525
23,18.32890510559082,18.930545908006025,0.6016408024152042
24,18.339157104492188,18.904884685525758,0.5657275810335705
25,18.193960189819336,18.879876423397945,0.6859162335786095
26,18.19014549255371,18.85549110829743,0.6653456157437176
27,18.12291145324707,18.831700773262128,0.7087893200150575
28,18.039941787719727,18.808480520874582,0.7685387331548554
29,17.969131469726562,18.78580801167118,0.8166765419446165
30,17.911195755004883,18.763662440960616,0.8524666859557328
31,17.82512664794922,18.74202487988441,0.9168982319351926
32,17.863988876342773,18.72087810488665,0.8568892285438778
33,17.694950103759766,18.700206256653473,1.0052561528937076
34,17.70305633544922,18.679994840113068,0.976938504663849
35,17.635822296142578,18.660230724435678,1.0244084282930999
36,17.54903793334961,18.640902313563856,1.091864380214247
37,17.48490333557129,18.621999375682208,1.1370960401109187
38,17.4100399017334,18.603512361096364,1.1934724593629653
39,17.366886138916016,18.58543342541452,1.2185472864985059
40,17.26388931274414,18.567755747426418,1.303866434682277
41,17.194032669067383,18.550473188042815,1.3564405189754325
42,17.18282699584961,18.53358097241653,1.3507539765669208
43,17.060041427612305,18.51707517835166,1.457033750739356
44,17.05002784729004,18.50095273630359,1.4509248890135495
45,16.978979110717773,18.485211088318465,1.5062319776006916
46,16.916990280151367,18.46984921121475,1.5528589310633834
47,16.849994659423828,18.454866252341162,1.604871592917334
48,16.791105270385742,18.440262382227957,1.6491571118422144
49,16.76011085510254,18.426038624056673,1.665927768954134
50,16.665935516357422,18.412196342069365,1.7462608257119427
51,16.579866409301758,18.39873758262911,1.8188711733273522
52,16.502857208251953,18.385665074220015,1.8828078659680614
53,16.451120376586914,18.372982056916953,1.9218616803300392
54,16.453027725219727,18.360692111855315,1.907664386635588
55,16.295909881591797,18.348799331761256,2.0528894501694595
56,16.295909881591797,18.33730815042145,2.041398268829653
57,16.231060028076172,18.326223513213336,2.0951634851371637
58,21.198034286499023,18.31555053604461,2.882483750454412
59,21.10600471496582,18.305294164292718,2.8007105506731023
60,21.02804183959961,18.295460366516636,2.7325814730829734
61,21.010875701904297,18.286054258624063,2.7248214432802342
62,20.88594436645508,18.277081127052952,2.6088632394021296
63,20.865917205810547,18.26854659930177,2.5973706065087754
64,20.81608772277832,18.26045579127822,2.555631931500102
65,20.70903778076172,18.25281381888999,2.4562239618717285
66,20.647048950195312,18.24562545698427,2.401423493211041
67,20.59412002563477,18.238894627756963,2.355225397877806
68,20.5068588256836,18.232625253403967,2.274233572279634
69,20.45297622680664,18.226820574000158,2.226155652806483
70,20.38502693176269,18.221482976969128,2.163543954793564
71,20.39194107055664,18.216613997083186,2.175327073473454
72,20.25794982910156,18.212214486993616,2.0457353421079425
73,20.273923873901367,18.208284446700418,2.0656394272009493
74,20.19500732421875,18.20482234143128,1.9901849827874685
75,20.094871520996094,18.201825783762615,1.8930457372334786
76,20.02215385437012,18.1992917041498,1.8228621502203204
77,19.968032836914062,18.19721498668514,1.770817850228923
78,19.91820335388184,18.19558932174914,1.7226140321327001
79,19.85383033752441,18.194407547071023,1.6594227904533874
80,19.77801322937012,18.193660624547192,1.5843526048229286
81,19.7451114654541,18.193337981301738,1.5517734841523634
82,19.630908966064453,18.1934276802167,1.4374812858477526
83,19.631147384643555,18.193916931522836,1.4372304531207192
84,19.53411102294922,18.194790558027307,1.3393204649219115
85,19.4699764251709,18.196032700416254,1.2739437247546448
86,19.41514015197754,18.197625794073247,1.2175143579042924
87,19.31095123291016,18.199551080670062,1.1114001522400976
88,19.268035888671875,18.201788778696937,1.0662471099749382
89,19.175052642822266,18.204317742402054,0.9707349004202115
90,19.124984741210938,18.20711580285206,0.917868938358879
91,19.05512809753418,18.210160279522825,0.8449678180113551
92,18.997907638549805,18.213427468708687,0.7844801698411175
93,18.989086151123047,18.21689332564347,0.7721928254795785
94,18.85104179382324,18.220533123439964,0.630508670383275
95,18.83816719055176,18.224321794150455,0.613845396401306
96,18.77093315124512,18.22823461088774,0.5426985403573816
97,18.719911575317383,18.232246505704097,0.4876650696132856
98,18.62478256225586,18.23633309277284,0.38844946948302095
99,19.6380615234375,18.24046998626727,1.3975915371702285
100,18.535852432250977,18.244633653011988,0.29121877923898865
101,18.43094825744629,18.248800730361836,0.18214752708445303
102,18.40686798095703,18.25294956097423,0.15391841998280142
103,18.290042877197266,18.25705865803684,0.03298421916042571
104,18.26190948486328,18.261108240039903,0.0008012448233785108
105,18.22090148925781,18.265079378124938,0.0441778888671287
106,18.07212829589844,18.268954507675517,0.1968262117770756
107,18.080949783325195,18.272717428317264,0.1917676449920691
108,17.99607276916504,18.27635330391786,0.2802805347528192
109,17.95792579650879,18.279848833117285,0.32192303660849575
110,17.917871475219727,18.283192078797583,0.3653206035778567
111,17.835140228271484,18.286372638613102,0.45123241034161765
112,17.753124237060547,18.2893816449905,0.536257407929952
113,17.66800880432129,18.292211594598484,0.6242027902771952
114,17.62700080871582,18.29485634834782,0.6678555396320007
115,17.60411262512207,18.29731130192158,0.6931986767995113
116,17.49587059020996,18.29957321524489,0.80370262503493
117,17.462968826293945,18.301639871424413,0.838671045130468
118,17.4100399017334,18.30351024727861,0.8934703455452109
119,17.316818237304688,18.30518485439825,0.9883666170935612
120,17.244815826416016,18.306664886495128,1.061849060079112
121,17.1968936920166,18.307952730992838,1.1110590389762365
122,17.117977142333984,18.309051457436,1.1910743151020142
123,17.055988311767578,18.309965158550767,1.253976846783189
124,17.000198364257812,18.31069843865407,1.3105000743962592
125,16.90196990966797,18.31125692524438,1.4092870155764103
126,16.854047775268555,18.311646416350413,1.4575986410818587
127,16.77703857421875,18.311873733182438,1.5348351589636877
128,16.715049743652344,18.311945867480972,1.5968961238286283
129,16.711950302124023,18.311869981516793,1.5999196793927695
130,16.627073287963867,18.311653749151446,1.6845804611875792
131,16.60299301147461,18.311305014776735,1.708312003302126
132,16.541004180908203,18.310832134375232,1.7698279534670291
133,16.463041305541992,18.310243122868997,1.8472018173270044
134,16.4029598236084,18.3095463362406,1.9065865126322024
135,16.325950622558594,18.308750301002874,1.9827996784442803
136,16.246795654296875,18.307863032077876,2.0610673777810007
137,16.184091567993164,18.30689322650869,2.1228016585155274
138,21.162033081054688,18.30584889921738,2.856184181837307
139,21.08001708984375,18.304738406186516,2.775278683657234
140,21.02208137512207,18.303569762338157,2.7185116127839137
141,20.92909812927246,18.302350471003592,2.6267476582688687
142,20.884990692138672,18.301088547104882,2.5839021450337896
143,20.792007446289062,18.299791493973316,2.492215952315746
144,20.743846893310547,18.298466303349414,2.4453805899611325
145,20.661115646362305,18.297120137503953,2.363995508858352
146,20.651817321777344,18.295759817647195,2.356057504130149
147,20.51401138305664,18.294391482868377,2.2196199001882633
148,20.55191993713379,18.29302161331725,2.2588983238165383
149,20.399093627929688,18.29165600702254,2.107437620907149
150,20.40314674377441,18.290300462012965,2.1128462817614455
151,20.3249454498291,18.288960264726484,2.035985185102618
152,20.25699615478516,18.28764019001028,1.9693559647748806
153,20.16186714172364,18.286345012711536,1.8755221290121042
154,20.13397216796875,18.28507933714718,1.848892830821569
155,20.04098892211914,18.283847085513116,1.7571418366060243
156,19.97900009155273,18.282652009474987,1.6963480820777441
157,19.917011260986328,18.281497519637924,1.6355137413484044
158,19.83809471130371,18.280386856076802,1.5577078552269086
159,19.787073135375977,18.279322917805985,1.507750217569992
160,19.79708671569824,18.278307921718806,1.5187787939794326
161,19.63496208190918,18.27734425523886,1.357617826670321
162,19.654035568237305,18.27643396472922,1.377601603508083
163,19.55413818359375,18.27557824390169,1.2785599396920588
164,19.48785781860352,18.274778627528576,1.213079191074943
165,19.4089412689209,18.274036309321673,1.1349049595992255
166,19.34409141540528,18.27335180087175,1.0707396145335295
167,19.29306983947754,18.27272561376958,1.0203442257079587
168,19.203901290893555,18.272158089075674,0.9317432018178806
169,19.137859344482425,18.27164888572952,0.8662104587529065
170,19.079923629760746,18.271198003731115,0.8087256260296307
171,18.98789405822754,18.270804760959436,0.7170892972681031
172,18.999099731445312,18.2704683047632,0.7286314266821137
173,18.85509490966797,18.270187953021377,0.5849069566465914
174,18.88298988342285,18.269962170961662,0.6130277124611894
175,18.78595352172852,18.269789935402514,0.5161635863260052
176,18.722057342529297,18.269669711571623,0.45238763095767354
177,18.665075302124023,18.269599623636168,0.3954756784878555
178,18.60904693603516,18.26957813682384,0.3394687992113212
179,18.52297782897949,18.269602693180786,0.2533751357987022
180,18.436908721923828,18.269671757934702,0.1672369639891258
181,18.377065658569336,18.26978260260148,0.10728305596785503
182,18.377065658569336,18.2699333513483,0.10713230722103617
183,18.24307441711425,18.27012144622131,0.027047029107059473
184,18.25690269470215,18.27034449979692,0.013441805094771553
185,18.168926239013672,18.270599783591024,0.101673544577352
186,18.09215545654297,18.27088491018003,0.17872945363706094
187,18.03207397460937,18.27119732161009,0.23912334700071725
188,17.966032028198242,18.271534289397096,0.3055022611988534
189,17.963171005249023,18.271893426117458,0.3087224208684347
190,17.86184310913086,18.272271832756815,0.41042872362595517
191,17.83299446105957,18.272666951361316,0.4396724903017457
192,17.77195930480957,18.273076565037627,0.5011172602280567
193,17.698049545288086,18.273497945301642,0.5754484000135562
194,17.653942108154297,18.273928534199513,0.6199864260452159
195,17.575979232788086,18.27436628536816,0.6983870525800739
196,17.518997192382812,18.274808470323478,0.7558112779406656
197,17.457962036132812,18.275253213232645,0.8172911770998326
198,17.384052276611328,18.27569812667207,0.8916458500607405
199,17.322063446044922,18.27614116427867,0.9540777182337479
200,17.267942428588867,18.276580620749883,1.0086381921610155
201,17.173051834106445,18.27701444972263,1.103962615616183
202,17.126083374023438,18.27744094589434,1.1513575718709035
203,17.125844955444336,18.277858403962455,1.1520134485181188
204,16.9830322265625,18.27826528915466,1.2952330625921604
205,16.955137252807617,18.278660407759162,1.3235231549515447
206,16.888856887817383,18.27904222500365,1.3901853371862671
207,16.82305335998535,18.279409717706585,1.4563563577212335
208,16.758203506469727,18.279761862686428,1.5215583562167012
209,16.668081283569336,18.280097466231382,1.612016182662046
210,16.629934310913086,18.280416187280935,1.6504818763678486
211,16.58010482788086,18.280717173183803,1.7006123453029431
212,16.507863998413086,18.280999571288703,1.773135572875617
213,16.424894332885742,18.28126321106538,1.8563688781796372
214,16.34502410888672,18.281507580923062,1.9364834720363433
215,16.340970993041992,18.28173216927098,1.940761176228989
216,16.195058822631836,18.28193731716965,2.086878494537814
217,21.183013916015625,18.282122683558555,2.90089123245707
218,21.095991134643555,18.282288438967953,2.8137026956756017
219,21.038055419921875,18.282434924458357,2.7556204954635177
220,20.971059799194336,18.28256196949951,2.6884978296948248
221,20.89476585388184,18.282670085682184,2.612095768199655
222,20.840883255004883,18.282759443536634,2.558123811468249
223,20.75982093811035,18.282830725183885,2.4769902129264665
224,20.692110061645508,18.282884101154195,2.4092259604913124
225,20.669937133789062,18.282920424098847,2.387016709690215
226,20.56097984313965,18.282940035078354,2.278039808061294
227,20.539045333862305,18.282943957274256,2.256101376588049
228,20.47300338745117,18.28293270227732,2.190070685173847
229,20.413875579833984,18.28290678167832,2.1309687981556635
230,20.339012145996094,18.28286738918905,2.0561447568070434
231,20.264863967895508,18.282814865870023,1.982049102025485
232,20.194053649902344,18.28275057596329,1.9113030739390524
233,20.13397216796875,18.28267486052937,1.8512973074393813
234,20.116090774536133,18.282588742749795,1.8335020317863382
235,19.97709274291992,18.282493075275852,1.6945996676440664
236,19.97995376586914,18.282388710758823,1.6975650551103172
237,19.90008354187012,18.282276501849992,1.6178070400201285
238,19.82998847961425,18.28215730120064,1.5478311784136096
239,19.761085510253903,18.282031961462053,1.4790535487918497
240,19.67978477478028,18.281901505815767,1.397883268964513
241,19.623994827270508,18.28176661638281,1.342228210887697
242,19.627094268798828,18.28162797528421,1.3454662935146189
243,19.477128982543945,18.281486435171246,1.1956425473726995
244,19.43087577819824,18.281342848695203,1.1495329295030352
245,19.36793327331543,18.28119789797711,1.0867353753383213
246,19.34695243835449,18.281052265137987,1.0659001732165017
247,19.232988357543945,18.280906802829122,0.9520815547148231
248,19.21296119689941,18.280761852111027,0.9321993447883834
249,19.16122436523437,18.280618265634985,0.8806060995993867
250,20.01309394836425,18.280476384461508,1.7326175639027426
251,18.99385452270508,18.280337231772137,0.7135172909329448
252,18.963098526000977,18.28020080756687,0.6828977184341056
253,18.890857696533203,18.280067964496993,0.6107897320362099
254,18.82410049438477,18.279939043623017,0.5441614507617523
255,18.756866455078125,18.2798142154752,0.4770522396029264
256,18.687009811401367,18.279694162174565,0.40731564922680263
257,18.620014190673828,18.27957905425137,0.3404351364224567
258,18.6159610748291,18.279469232766132,0.3364918420629692
259,18.48483085632324,18.279364868249104,0.20546598807413474
260,18.48697662353516,18.279266472291056,0.20771015124410397
261,18.39685440063477,18.27917387436173,0.1176805262730376
262,18.323183059692383,18.2790875860519,0.04409547364048194
263,18.2490348815918,18.27900726630105,0.02997238470925012
264,18.177032470703125,18.27893342669995,0.10190095599682536
265,18.124818801879883,18.278865726188087,0.15404692430820432
266,18.103837966918945,18.27880467635623,0.17496670943728532
267,18.004894256591797,18.27874976561361,0.2738555090218142
268,17.945051193237305,18.278701164490485,0.3336499712531804
269,17.872095108032227,18.278658872986853,0.4065637649546261
270,17.891883850097656,18.278622720572457,0.38673887047480093
271,17.704010009765625,18.278592877777555,0.5745828680119303
272,17.70305633544922,18.278568833011377,0.5755124975621584
273,17.635822296142578,18.278550586273923,0.6427282901313447
274,17.612934112548828,18.27853779650468,0.665603683955851
275,17.589092254638672,18.278530463703646,0.6894382090649742
276,17.472028732299805,18.27852824681031,0.8064995145105058
277,17.371177673339844,18.278531145824672,0.9073534724848287
278,17.314910888671875,18.278538990216475,0.9636281015446002
279,17.245054244995117,18.278551097864693,1.0334968528695754
280,17.222166061401367,18.27856763929958,1.0564015778982139
281,17.088890075683594,18.27858810293037,1.1896980272467772
282,17.07005500793457,18.27861214769655,1.2085571397619788
283,17.024993896484375,18.27863960306786,1.2536457065834838
284,16.96610450744629,18.278670298514044,1.3125657910677546
285,16.8759822845459,18.27870389297459,1.402721608428692
286,16.808032989501953,18.278740215919242,1.4707072264172893
287,16.757965087890625,18.27877875575723,1.520813667866605
288,16.691923141479492,18.278819341958297,1.5868962004788045
289,16.618967056274414,18.27886163346193,1.659894577187515
290,16.53909683227539,18.27890545973787,1.7398086274624802
291,16.468048095703125,18.278950650255865,1.8109025545527402
292,16.409873962402344,18.2789968639554,1.8691229015530553
293,16.335010528564453,18.279043589245703,1.9440330606812495
294,16.31903648376465,18.279090996657033,1.960054512892384
295,16.261816024780273,18.27913857459862,2.0173225498183456
296,21.18802070617676,18.279186152540206,2.908834553636556
297,21.06785774230957,18.279233559951535,2.788624182358035
298,21.03710174560547,18.279280455772096,2.757821289833373
299,21.00801467895508,18.279326840001886,2.7286878389531957
300,20.89405059814453,18.279372371580394,2.6146782265641377
301,20.884037017822266,18.279417050507618,2.6046199673146475
302,20.81894874572754,18.279460706253303,2.539488039474236
303,20.75815200805664,18.279502997756936,2.478649010299705
304,20.65396308898925,18.279544095548772,2.3744189934404787
305,20.59602737426757,18.279583488038043,2.3164438862295285
306,20.5230712890625,18.279621345755004,2.243449943307496
307,20.457983016967773,18.279657327639143,2.1783256893286307
308,20.407915115356445,18.279691604220716,2.1282235111357295
309,20.322084426879883,18.279724004969466,2.0423604219104163
310,20.26987075805664,18.279754529885395,1.990116228171246
311,20.305156707763672,18.279783008438244,2.025373699325428
312,20.132064819335938,18.279809270097758,1.8522555492381798
313,20.125865936279297,18.27983365592445,1.846032280354848
314,20.050048828125,18.27985599538806,1.7701928327369387
315,19.999027252197266,18.279876117958338,1.7191511342389276
316,19.91415023803711,18.279894194165536,1.6342560438715736
317,19.85001564025879,18.279910224009654,1.5701054162491346
318,19.783973693847656,18.279924207490694,1.504049486356962
319,19.72484588623047,18.279936144608655,1.4449097416218137
320,19.64998245239257,18.27994586483328,1.3700365875592908
321,19.58513259887696,18.27995387975534,1.3051787191216206
322,19.50693130493164,18.27995984831432,1.2269714566173207
323,19.45996284484864,18.279964111570735,1.1799987332779054
324,19.37484741210937,18.279966669524583,1.0948807425847882
325,19.30880546569824,18.27996735164561,1.028838114052629
326,19.243955612182617,18.279966498994327,0.9639891131882905
327,19.25802230834961,18.279964111570735,0.9780581967788748
328,19.09208297729492,18.279960189374833,0.8121227879200852
329,19.09494400024414,18.279954732406622,0.8149892678375181
330,19.03510093688965,18.279948081726616,0.7551528551630327
331,19.02484893798828,18.279940237334813,0.7449087006534683
332,18.94402503967285,18.279931199231214,0.6640938404416374
333,18.867969512939453,18.279921308476332,0.5880482044631208
334,18.780946731567383,18.27991039453991,0.5010363370274717
335,18.725156784057617,18.27989845742195,0.4452583266356669
336,18.64910125732422,18.279885838182963,0.36921541914125555
337,18.589019775390625,18.27987253682295,0.30914723856767523
338,18.51892471313477,18.279858723872167,0.23906598926260259
339,18.474817276000977,18.279844399330614,0.1949728766703629
340,18.40400695800781,18.279829733728548,0.12417722427926137
341,18.393993377685547,18.27981455653571,0.11417882114983513
342,18.264055252075195,18.27979920881262,0.015743956737424014
343,18.2490348815918,18.27978369055927,0.0307488089674699
344,18.19896697998047,18.27976817230592,0.08080119232545258
345,18.16701889038086,18.279752483522316,0.11273359314145637
346,18.060922622680664,18.279736965268967,0.21881434258830268
347,18.00990104675293,18.279721617545874,0.26982057079294464
348,17.914772033691406,18.279706269822782,0.36493423613137566
349,17.85588264465332,18.279691263160203,0.42380861850688234
350,17.796993255615234,18.279676597558137,0.4826833419429022
351,17.699003219604492,18.27966244354684,0.580659223942348
352,17.64702796936035,18.279648630596057,0.6326206612357055
353,17.622947692871094,18.279635158705787,0.6566874658346933
354,17.490863800048828,18.279622198406287,0.7887583983574586
355,17.5020694732666,18.279609749697556,0.7775402764309547
356,17.41504669189453,18.279597812579595,0.8645511206850642
357,17.359018325805664,18.27958655758266,0.920568231776997
358,17.28987693786621,18.279575984706753,0.989699046840542
359,17.21501350402832,18.279565923421615,1.0645524193932943
360,17.184972763061523,18.27955671478776,1.0945839517262357
361,17.193078994750977,18.279548017744673,1.0864690229936969
362,17.01498031616211,18.279540002822614,1.2645596866605047
363,16.999006271362305,18.27953267002158,1.2805263986592763
364,16.922950744628906,18.27952618987183,1.3565754452429246
365,16.85190200805664,18.279520050782594,1.4276180427259533
366,16.788959503173828,18.279514934874896,1.4905554317010683
367,16.700029373168945,18.27951033055797,1.5794809573890234
368,16.659975051879883,18.27950623783181,1.619531185951928
369,16.56317710876465,18.279502997756936,1.7163258889922872
370,16.52693748474121,18.279500439803087,1.752562955061876
371,16.420841217041016,18.279498393440008,1.8586571763989923
372,16.38317108154297,18.279497029197955,1.8963259476549865
373,16.366004943847656,18.279496176546672,1.913491232699016
374,16.254901885986328,18.27949583548616,2.024593949499831
375,16.242027282714844,18.279496176546672,2.0374688938318286
376,21.164894104003903,18.2794968586677,2.885397245336204
377,21.08979225158692,18.27949822290975,2.81029402867717
378,21.091938018798828,18.279499928212317,2.812438090586511
379,20.94101905822754,18.279501974575396,2.661517083652143
380,20.95794677734375,18.279504532529245,2.678442244814505
381,20.853042602539062,18.279507431543607,2.5735351709954557
382,20.821094512939453,18.279510671618482,2.5415838413209713
383,20.72906494140625,18.27951425275387,2.44955068865238
384,20.64990997314453,18.27951817494977,2.3703917981947598
385,20.61700820922852,18.27952226767593,2.3374859415525897
386,20.54595947265625,18.279526530932344,2.266432941723906
387,20.49112319946289,18.27953113524927,2.211592064213619
388,20.4160213470459,18.2795357395662,2.136485607479699
389,20.34592628479004,18.279540514413384,2.0663857703766553
390,20.28894424438477,18.279545459790825,2.0093987845939445
391,20.188093185424805,18.279550405168266,1.9085427802565391
392,20.207881927490234,18.279555521075963,1.9283264064142713
393,20.085811614990234,18.27956063698366,1.8062509780065739
394,20.094871520996094,18.279565752891358,1.8153057681047358
395,20.01619338989257,18.279570868799055,1.7366225210935156
396,19.932985305786133,18.279575984706753,1.6534093210793799
397,19.871950149536133,18.279580930084194,1.592369219451939
398,19.791841506958008,18.279585875461635,1.512255631496373
399,19.72198486328125,18.27959065030882,1.442394212972431
400,19.6528434753418,18.279595254625747,1.3732482207160537
401,19.566059112548828,18.279599858942674,1.2864592536061537
402,19.55795288085937,18.27960412219909,1.2783487586602824
403,19.451141357421875,18.279608385455504,1.1715329719663714
404,19.45996284484864,18.27961247818166,1.1803503666669783
405,19.381999969482425,18.279616400377563,1.1023835691048625
406,19.30999755859375,18.27961998151295,1.0303775770807988
407,19.21892166137696,18.279623392118083,0.9392982692588774
408,19.15788650512696,18.279626632192958,0.8782598729340023
409,19.10185813903809,18.279629701737576,0.8222284373005131
410,19.03605461120605,18.27963243022168,0.7564221809843694
411,18.937110900878903,18.27963498817553,0.6574759127033722
412,18.893957138061523,18.279637375599123,0.6143197624624008
413,18.83387565612793,18.279639592492458,0.5542360636354715
414,18.76497268676757,18.279641638855537,0.48533104791203385
415,18.680810928344727,18.279643344158103,0.40116758418662357
416,18.68414878845215,18.279644708400156,0.4045040800519928
417,18.557071685791016,18.27964590211195,0.2774257836790639
418,18.555164337158203,18.27964692529349,0.2755174118647119
419,18.48292350769043,18.279647777944774,0.20327572974565555
420,18.42212677001953,18.2796484600658,0.1424783099537308
421,18.35799217224121,18.27964897165657,0.07834320058464073
422,18.286943435668945,18.279649312717083,0.007294122951861937
423,18.22495460510254,18.279649312717083,0.05469470761454431
424,18.15009117126465,18.279649312717083,0.12955814145243494
425,18.1570053100586,18.279649142186827,0.12264383212822594
426,18.004894256591797,18.279648801126314,0.27475454453451675
427,18.006086349487305,18.279648119005287,0.2735617695179826
428,17.959117889404297,18.27964743688426,0.3205295474799641
429,17.8680419921875,18.279646584232978,0.41160459204547806
430,17.813920974731445,18.279645731581695,0.46572475685024983
431,17.724037170410156,18.279644708400156,0.5556075379899994
432,17.66514778137207,18.27964351468836,0.6144957333162893
433,17.59505271911621,18.279642320976563,0.6845896018603526
434,17.547130584716797,18.27964095673451,0.732510372017714
435,17.482995986938477,18.279639592492458,0.7966436055539816
436,17.431974411010742,18.27963805772015,0.8476636467094067
437,17.419815063476562,18.27963652294784,0.8598214594712772
438,17.29297637939453,18.27963498817553,0.9866586087809992
439,17.257213592529297,18.27963345340322,1.0224198608739243
440,17.18616485595703,18.279631748100655,1.0934668921436241
441,17.13705062866211,18.279630213328346,1.1425795846662368
442,17.073869705200195,18.279628678556037,1.2057589733558416
443,16.997098922729492,18.279627143783728,1.2825282210542355
444,16.93105697631836,18.279625438481162,1.3485684621628025
445,16.85309410095215,18.279623733178596,1.4265296322264476
446,16.79086685180664,18.279622198406287,1.4887553465996461
447,16.720056533813477,18.279620663633978,1.559564129820501
448,16.654014587402344,18.27961912886167,1.6256045414593245
449,16.633987426757812,18.27961759408936,1.6456301673315465
450,16.542911529541016,18.27961605931705,1.7367045297760342
451,18.55778694152832,18.27961452454474,0.27817241698357975
452,16.46900177001953,18.279613160302688,1.8106113902831567
453,16.387939453125,18.279611966590892,1.8916725134658918
454,16.315937042236328,18.27961060234884,1.963673560112511
455,16.229867935180664,18.279609408637043,2.049741473456379
456,21.151065826416016,18.279608214925247,2.8714576114907686
457,21.08001708984375,18.27960702121345,2.800410068630299
458,21.01898193359375,18.27960599803191,2.7393759355618386
459,21.009206771850582,18.27960514538063,2.729601626469954
460,20.879030227661133,18.279604292729346,2.599425934931787
461,20.877838134765625,18.27960361060832,2.5982345241573057
462,20.841121673583984,18.279602928487293,2.5615187450966914
463,20.74599266052246,18.279602246366267,2.4663904141561943
464,20.661115646362305,18.279601734775497,2.381513911586808
465,20.57099342346192,18.279601223184727,2.291392200277194
466,20.509004592895508,18.279600711593957,2.2294038813015504
467,20.51091194152832,18.2796005410637,2.2313114004646195
468,20.374059677124023,18.279600200003188,2.094459477120836
469,20.38121223449707,18.27960002947293,2.1016122050241393
470,20.24698257446289,18.27960002947293,1.9673825449899596
471,20.23506164550781,18.27960002947293,1.955461616034878
472,20.16210556030273,18.27960002947293,1.8825055308297998
473,20.06697654724121,18.27960002947293,1.7873765177682799
474,20.020008087158203,18.279600200003188,1.7404078871550155
475,20.025968551635746,18.279600200003188,1.746368351632558
476,20.48492431640625,18.279600370533444,2.205323945872806
477,19.84715461730957,18.2796005410637,1.5675540762458695
478,19.819974899291992,18.279600882124214,1.5403740171677782
479,19.73795890808105,18.279601393714984,1.4583575143660674
480,19.662857055664062,18.279601734775497,1.3832553208885656
481,19.55604553222656,18.279602246366267,1.2764432858602923
482,19.54197883605957,18.279602757957036,1.262376078102534
483,19.489049911499023,18.279603269547806,1.2094466419512173
484,19.41394805908203,18.27960361060832,1.134344448473712
485,19.324064254760746,18.279603951668832,1.0444603030919133
486,19.26898956298828,18.279604463259602,0.989385099728679
487,19.20008659362793,18.279604974850372,0.9204816187775577
488,19.1950798034668,18.27960548644114,0.9154743170256587
489,19.04606819152832,18.27960599803191,0.7664621934964089
490,19.0579891204834,18.27960650962268,0.7783826108607173
491,18.92995834350586,18.27960702121345,0.6503513222924084
492,18.92304420471192,18.279607362273964,0.6434368424379571
493,18.84293556213379,18.279607873864734,0.5633276882690552
494,18.78881454467773,18.279608385455504,0.5092061592222272
495,18.7070369720459,18.279608897046273,0.4274280749996251
496,18.66006851196289,18.279609238106787,0.3804592738561041
497,18.557071685791016,18.279609749697556,0.27746193609345937
498,18.49198341369629,18.27961009075807,0.21237332293821964
499,18.440961837768555,18.279610431818583,0.1613514059499721
500,18.376827239990234,18.279610943409352,0.09721629658088204
501,18.316030502319336,18.279611284469865,0.03641921784947044
502,18.30983161926269,18.27961162553038,0.0302199937323131
503,18.16010475158692,18.279611966590892,0.11950721500397066
504,18.15509796142578,18.27961213712115,0.12451417569536716
505,18.069982528686523,18.27961247818166,0.20962994949513813
506,18.013954162597656,18.279612648711918,0.2656584861142619
507,17.974853515625,18.27961298977243,0.3047594741474313
508,17.882108688354492,18.279613160302688,0.3975044719481957
509,17.858028411865234,18.279613330832944,0.4215849189677101
510,17.795085906982422,18.2796135013632,0.4845275943807792
511,17.71092414855957,18.279613671893458,0.5686895233338873
512,17.650842666625977,18.279613842423714,0.6287711757977377
513,17.590999603271484,18.27961401295397,0.6886144096824864
514,17.583131790161133,18.279614183484227,0.6964823933230946
515,17.500877380371094,18.279614354014484,0.7787369736433902
516,17.468929290771484,18.279614354014484,0.8106850632429996
517,17.312049865722656,18.27961452454474,0.9675646588220843
518,17.306089401245117,18.27961452454474,0.9735251232996234
519,17.21501350402832,18.279614695074997,1.0646011910466768
520,17.162799835205078,18.279614865605254,1.1168150304001756
521,17.083168029785156,18.279614865605254,1.1964468358200975
522,17.01211929321289,18.27961503613551,1.2674957429226197
523,16.933917999267578,18.27961503613551,1.3456970368679322
524,16.875028610229492,18.279615206665767,1.4045865964362747
525,16.78299903869629,18.279615206665767,1.4966161679694778
526,16.785860061645508,18.279615206665767,1.493755145020259
527,16.716957092285156,18.279615206665767,1.5626581143806106
528,16.642093658447266,18.279615206665767,1.6375215482185013
529,16.582965850830078,18.279615206665767,1.6966493558356888
530,16.555070877075195,18.279615206665767,1.7245443295905716
531,16.471147537231445,18.27961503613551,1.808467498904065
532,16.40605926513672,18.27961503613551,1.8735557709987916
533,16.328096389770508,18.27961503613551,1.9515186463650025
534,16.2508487701416,18.27961503613551,2.0287662659939087
535,21.22783660888672,18.279614865605254,2.948221743281465
536,21.14105224609375,18.279614865605254,2.8614373804884963
537,21.078109741210938,18.279614695074997,2.7984950461359404
538,20.966053009033203,18.27961452454474,2.6864384844884626
539,20.96390724182129,18.279614354014484,2.684292887806805
540,20.87712287902832,18.279614183484227,2.597508695544093
541,20.81298828125,18.27961401295397,2.533374268296029
542,20.74885368347168,18.279613842423714,2.4692398410479655
543,20.68114280700684,18.279613671893458,2.401529135113382
544,20.60699462890625,18.2796135013632,2.327381127543049
545,20.62201499938965,18.279613330832944,2.342401668556704
546,20.48206329345703,18.27961298977243,2.2024503036846
547,20.47085762023925,18.279612819242175,2.191244800997076
548,20.400047302246094,18.279612648711918,2.1204346535341756
549,20.31707763671875,18.27961247818166,2.0374651585370884
550,20.25985717773437,18.279612307651405,1.9802448700829665
551,20.2028751373291,18.27961213712115,1.9232630002079532
552,20.09797096252441,18.279611796060635,1.8183591664637753
553,20.032167434692383,18.279611455000122,1.7525559796922607
554,19.98686790466309,18.279611284469865,1.707256620193224
555,19.929170608520508,18.27961111393961,1.649559494580899
556,19.84381675720215,18.279610943409352,1.564205813792796
557,19.842863082885746,18.27961060234884,1.5632524805369066
558,19.71912384033203,18.27961060234884,1.439513237983192
559,19.701004028320312,18.279610431818583,1.42139359650173
560,19.620895385742188,18.279610261288326,1.3412851244538615
561,19.55604553222656,18.279610261288326,1.276435270938233
562,19.49715614318848,18.27961009075807,1.2175460524304107
563,19.46306228637696,18.27961009075807,1.1834521956188908
564,19.3789005279541,18.279609920227813,1.0992906077262887
565,19.30785179138184,18.279609749697556,1.0282420416842832
566,19.23799514770508,18.279609749697556,0.9583853980075254
567,19.170045852661133,18.279609749697556,0.8904361029635766
568,19.07610893249512,18.279609749697556,0.7964991827975645
569,19.084930419921875,18.279609749697556,0.8053206702243187
570,18.89801025390625,18.279609749697556,0.6184005042086937
571,18.92399787902832,18.279609749697556,0.6443881293307641
572,18.85700225830078,18.279609749697556,0.577392508603225
573,18.80192756652832,18.279609920227813,0.5223176463005075
574,18.743038177490234,18.279609920227813,0.46342825726242154
575,18.661022186279297,18.279609920227813,0.38141226605148404
576,18.628835678100582,18.27961009075807,0.34922558734251297
577,18.552064895629883,18.27961009075807,0.2724548048718134
578,18.467187881469727,18.27961009075807,0.18757779071165714
579,18.45717430114746,18.279610261288326,0.17756403985913494
580,18.3401107788086,18.279610261288326,0.060500517520274855
581,18.323898315429688,18.279610261288326,0.0442880541413615
582,18.24307441711425,18.279610261288326,0.036535844174075294
583,18.198013305664062,18.279610261288326,0.0815969556242635
584,18.134117126464844,18.279610261288326,0.14549313482348225
585,18.06187629699707,18.279610431818583,0.21773413482151227
586,18.013954162597656,18.279610431818583,0.26565626922092633
587,17.90595054626465,18.279610431818583,0.37365988555393415
588,17.817020416259766,18.279610431818583,0.46259001555881696
589,17.766952514648438,18.279610431818583,0.5126579171701451
590,17.70782470703125,18.279610431818583,0.5717857247873326
591,17.653942108154297,18.27961060234884,0.6256684941945423
592,17.596006393432617,18.27961060234884,0.683604208916222
593,17.565011978149414,18.279610772879096,0.7145987947296817
594,17.42410659790039,18.279610772879096,0.8555041749787051
595,17.43292808532715,18.279610772879096,0.8466826875519473
596,17.366886138916016,18.279610772879096,0.9127246339630801
597,17.300844192504883,18.279610772879096,0.9787665803742129
598,17.230987548828125,18.279610772879096,1.0486232240509707
599,17.145156860351562,18.279610943409352,1.1344540830577898
600,17.11893081665039,18.279610943409352,1.1606801267589617
601,17.057180404663086,18.27961111393961,1.222430709276523
602,16.98613166809082,18.27961111393961,1.2934794458487886
603,16.987085342407227,18.27961111393961,1.2925257715323824
604,16.90506935119629,18.27961111393961,1.3745417627433199
605,16.85190200805664,18.27961111393961,1.4277091058829683
606,16.76487922668457,18.27961111393961,1.5147318872550386
607,16.705036163330078,18.27961111393961,1.5745749506095308
608,16.614913940429688,18.27961111393961,1.6646971735099214
609,16.59393310546875,18.27961111393961,1.685678008470859
610,16.53599739074707,18.27961111393961,1.7436137231925386
611,16.511917114257812,18.27961111393961,1.7676939996817964
612,16.3729190826416,18.27961111393961,1.9066920312980074
613,16.366004943847656,18.27961111393961,1.9136061700919527
614,16.313791275024414,18.27961111393961,1.9658198389151949
615,16.220808029174805,18.27961111393961,2.0588030847648042
616,21.198034286499023,18.27961111393961,2.9184231725594145
617,21.079063415527344,18.27961111393961,2.799452301587735
618,21.090030670166016,18.27961111393961,2.8104195562264067
619,21.006107330322266,18.279610943409352,2.7264963869129133
620,20.91383934020996,18.279610943409352,2.6342283968006086
621,20.859956741333008,18.279610772879096,2.580345968453912
622,20.81894874572754,18.279610772879096,2.5393379728484433
623,20.72906494140625,18.279610772879096,2.4494541685271543
624,20.63298225402832,18.279610772879096,2.3533714811492246
625,20.552873611450195,18.279610772879096,2.2732628385710996
626,20.553112030029297,18.279610772879096,2.273501257150201
627,20.47896385192871,18.279610772879096,2.199353079049615
628,20.46704292297364,18.279610772879096,2.187432150094544
629,20.328044891357425,18.27961060234884,2.0484342890085863
630,20.313024520874023,18.27961060234884,2.0334139185251843
631,20.2329158782959,18.27961060234884,1.9533052759470593
632,20.179033279418945,18.27961060234884,1.8994226770701061
633,20.127058029174805,18.27961060234884,1.8474474268259655
634,20.045042037963867,18.27961060234884,1.765431435615028
635,19.98591423034668,18.27961060234884,1.7063036279978405
636,19.906044006347656,18.27961060234884,1.626433403998817
637,19.834041595458984,18.27961060234884,1.5544309931101452
638,19.76490020751953,18.27961060234884,1.485289605170692
639,19.700050354003903,18.27961060234884,1.4204397516550635
640,19.71006393432617,18.27961060234884,1.4304533319773292
641,19.549131393432617,18.27961060234884,1.269520791083778
642,19.531965255737305,18.27961060234884,1.2523546533884655
643,19.46091651916504,18.27961060234884,1.1813059168162
644,19.40298080444336,18.27961060234884,1.1233702020945202
645,19.34099197387696,18.27961060234884,1.061381371528121
646,19.264936447143555,18.27961060234884,0.9853258447947155
647,19.19412612915039,18.27961060234884,0.9145155268015515
648,19.19102668762207,18.27961060234884,0.9114160852732311
649,19.051074981689453,18.27961060234884,0.771464379340614
650,19.068002700805664,18.27961060234884,0.7883920984568249
651,19.047975540161133,18.27961060234884,0.7683649378122936
652,18.898963928222656,18.27961060234884,0.6193533258738171
653,18.796920776367188,18.27961060234884,0.5173101740183483
654,18.73183250427246,18.27961060234884,0.45222190192362177
655,18.64886283874512,18.27961060234884,0.3692522363962816
656,18.57805252075196,18.27961060234884,0.29844191840312106
657,18.52703094482422,18.27961060234884,0.24742034247537958
658,18.45002174377441,18.27961060234884,0.17041114142557134
659,18.45312118530273,18.27961060234884,0.17351058295389166
660,18.30291748046875,18.27961060234884,0.023306878119910834
661,18.290042877197266,18.27961060234884,0.01043227484842646
662,18.223047256469727,18.27961060234884,0.0565633458791126
663,18.14794540405273,18.27961060234884,0.13166519829610834
664,18.112897872924805,18.27961060234884,0.16671272942403448
665,18.049001693725582,18.27961060234884,0.23060890862325678
666,18.02611351013184,18.27961060234884,0.2534970922169997
667,17.885923385620117,18.27961060234884,0.393687216728722
668,17.887115478515625,18.27961060234884,0.39249512383321417
669,17.802953720092773,18.27961060234884,0.47665688225606573
670,17.753124237060547,18.27961060234884,0.5264863652882923
671,17.699003219604492,18.27961060234884,0.580607382744347
672,17.628908157348633,18.27961060234884,0.6507024450002064
673,17.57502555847168,18.27961060234884,0.7045850438771595
674,17.51112937927246,18.27961060234884,0.7684812230763782
675,17.457008361816406,18.27961060234884,0.8226022405324329
676,17.40407943725586,18.27961060234884,0.8755311650929798
677,17.328977584838867,18.27961060234884,0.950633017509972
678,17.26508140563965,18.27961060234884,1.0145291967091907
679,17.197847366333008,18.27961060234884,1.0817632360158314
680,17.17400550842285,18.27961060234884,1.1056050939259876
681,17.095088958740234,18.27961060234884,1.1845216436086048
682,17.026901245117188,18.27961060234884,1.2527093572316517
683,16.963958740234375,18.27961060234884,1.3156518621144642
684,16.905784606933594,18.27961060234884,1.3738259954152454
685,16.822099685668945,18.27961060234884,1.4575109166798939
686,16.743898391723633,18.27961060234884,1.5357122106252064
687,16.694068908691406,18.27961060234884,1.585541693657433
688,16.621112823486328,18.27961060234884,1.658497778862511
689,16.547203063964844,18.27961060234884,1.7324075383839954
690,16.544818878173828,18.27961060234884,1.734791724175011
691,16.397953033447266,18.27961060234884,1.8816575689015735
692,16.4031982421875,18.27961060234884,1.8764123601613392
693,16.335010528564453,18.27961060234884,1.944600073784386
694,16.288042068481445,18.27961060234884,1.9915685338673939
695,21.218061447143555,18.27961060234884,2.9384508447947155
696,21.11601829528809,18.27961060234884,2.8364076929392503
697,21.058082580566406,18.27961060234884,2.778471978217567
698,20.977020263671875,18.27961060234884,2.697409661323036
699,20.94101905822754,18.27961060234884,2.6614084558787
700,20.8740234375,18.27961060234884,2.594412835151161
701,20.80082893371582,18.27961060234884,2.521218331366981
702,20.715951919555664,18.27961060234884,2.436341317206825
703,20.630836486816406,18.27961060234884,2.351225884467567
704,20.62392234802246,18.27961060234884,2.3443117456736218
705,20.514965057373047,18.27961060234884,2.2353544550242077
706,20.52021026611328,18.27961060234884,2.240599663764442
707,20.4470157623291,18.27961060234884,2.1674051599802624
708,20.373106002807617,18.27961060234884,2.093495400458778
709,20.335912704467773,18.27961060234884,2.0563021021189343
710,20.27106285095215,18.27961060234884,1.9914522486033093
711,20.282983779907227,18.27961060234884,2.0033731775583874
712,20.116090774536133,18.27961060234884,1.8364801721872936
713,20.152807235717773,18.27961060234884,1.8731966333689343
714,19.98186111450196,18.27961060234884,1.702250512153121
715,19.989013671875,18.27961060234884,1.7094030695261608
716,19.92082595825196,18.27961060234884,1.641215355903121
717,19.845962524414062,18.27961060234884,1.5663519220652233
718,19.76299285888672,18.27961060234884,1.4833822565378796
719,19.691944122314453,18.27961060234884,1.412333519965614
720,19.61612701416016,18.27961060234884,1.3365164118113206
721,19.573211669921875,18.27961060234884,1.2936010675730358
722,19.50812339782715,18.27961060234884,1.2285127954783093
723,19.505023956298828,18.27961060234884,1.225413353949989
724,19.35601234436035,18.27961060234884,1.0764017420115124
725,19.35410499572754,18.27961060234884,1.0744943933787
726,19.287109375,18.27961060234884,1.0074987726511608
727,19.212007522583008,18.27961060234884,0.9323969202341686
728,19.160032272338867,18.27961060234884,0.880421669990028
729,19.073963165283203,18.27961060234884,0.794352562934364
730,19.03104782104492,18.27961060234884,0.7514372186960792
731,18.951892852783203,18.27961060234884,0.672282250434364
732,18.89801025390625,18.27961060234884,0.6183996515574108
733,18.81098747253418,18.27961060234884,0.5313768701853405
734,18.735170364379883,18.27961060234884,0.45555976203104365
735,18.735885620117188,18.27961060234884,0.45627501776834833
736,18.61500740051269,18.27961060234884,0.3353967981638526
737,18.59116554260254,18.27961060234884,0.3115549402536999
738,18.52107048034668,18.27961060234884,0.24145987799784052
739,18.45097541809082,18.27961060234884,0.17136481574198115
740,18.37897300720215,18.27961060234884,0.09936240485330927
741,18.323898315429688,18.27961060234884,0.044287713080848334
742,18.251895904541016,18.27961060234884,0.02771469780782354
743,18.180131912231445,18.27961060234884,0.09947869011739385
744,18.121957778930664,18.27961060234884,0.1576528234181751
745,18.10884475708008,18.27961060234884,0.1707658452687575
746,17.95792579650879,18.27961060234884,0.3216848058400501
747,17.98701286315918,18.27961060234884,0.2925977391896595
748,17.889022827148438,18.27961060234884,0.39058777520040167
749,17.831087112426758,18.27961060234884,0.44852348992208135
750,17.75383949279785,18.27961060234884,0.5257711095509876
751,17.705917358398438,18.27961060234884,0.5736932439504017
752,17.616987228393555,18.27961060234884,0.6626233739552845
753,17.568111419677734,18.27961060234884,0.7114991826711048
754,17.503976821899414,18.27961060234884,0.7756337804494251
755,17.428159713745117,18.27961060234884,0.851450888603722
756,17.35711097717285,18.27961060234884,0.9224996251759876
757,17.347097396850586,18.27961060234884,0.9325132054982532
758,17.20285415649414,18.27961060234884,1.0767564458546985
759,17.20285415649414,18.27961060234884,1.0767564458546985
760,17.14611053466797,18.27961060234884,1.1335000676808704
761,17.055034637451172,18.27961060234884,1.2245759648976673
762,16.981124877929688,18.27961060234884,1.2984857244191517
763,16.93415641784668,18.27961060234884,1.3454541845021595
764,16.95704460144043,18.27961060234884,1.3225660009084095
765,16.79396629333496,18.27961060234884,1.4856443090138782
766,16.7081356048584,18.27961060234884,1.5714749974904407
767,16.635894775390625,18.27961060234884,1.6437158269582142
768,16.587018966674805,18.27961060234884,1.6925916356740345
769,16.588926315307617,18.27961060234884,1.690684287041222
770,16.448020935058594,18.27961060234884,1.8315896672902454
771,16.456127166748047,18.27961060234884,1.8234834356007923
772,16.39413833618164,18.27961060234884,1.8854722661671985
773,16.30091667175293,18.27961060234884,1.9786939305959095
774,16.24011993408203,18.27961060234884,2.039490668266808
775,16.19100570678711,18.27961060234884,2.08860489556173
776,21.1489200592041,18.27961060234884,2.8693094568552624
777,21.02184295654297,18.27961060234884,2.7422323541941296
778,21.01588249206543,18.27961060234884,2.7362718897165905
779,20.941972732543945,18.27961060234884,2.662362130195106
780,20.85590362548828,18.27961060234884,2.576293023139442
781,20.7979679107666,18.27961060234884,2.5183573084177624
782,20.735979080200195,18.27961060234884,2.456368477851356
783,20.668983459472656,18.27961060234884,2.389372857123817
784,20.58911323547364,18.27961060234884,2.3095026331248008
785,20.535945892333984,18.27961060234884,2.256335289985145
786,20.51997184753418,18.27961060234884,2.2403612451853405
787,20.377159118652344,18.27961060234884,2.0975485163035046
788,20.38002014160156,18.27961060234884,2.10040953925272
789,20.3249454498291,18.27961060234884,2.0453348474802624
790,20.251035690307617,18.27961060234884,1.971425087958778
791,20.16901969909668,18.27961060234884,1.8894090967478405
792,20.1101303100586,18.27961060234884,1.8305197077097617
793,20.02096176147461,18.27961060234884,1.7413511591257702
794,19.97590065002441,18.27961060234884,1.6962900476755713
795,19.92392539978028,18.27961060234884,1.6443147974314414
796,19.841909408569336,18.27961060234884,1.5622988062204968
797,19.758939743041992,18.27961060234884,1.479329140693153
798,19.681930541992188,18.27961060234884,1.4023199396433483
799,19.605159759521484,18.27961060234884,1.3255491571726452
800,19.611835479736328,18.27961060234884,1.332224877387489
801,19.470930099487305,18.27961060234884,1.1913194971384655
802,19.488096237182617,18.27961060234884,1.208485634833778
803,19.34599876403809,18.27961060234884,1.0663881616892503
804,19.33884620666504,18.27961060234884,1.0592356043162
805,19.27804946899414,18.27961060234884,0.9984388666453015
806,19.208908081054688,18.27961060234884,0.9292974787058483
807,19.12784576416016,18.27961060234884,0.8482351618113206
808,19.07491683959961,18.27961060234884,0.7953062372507702
809,18.996000289916992,18.27961060234884,0.716389687568153
810,18.9208984375,18.27961060234884,0.6412878351511608
811,18.85199546813965,18.27961060234884,0.5723848657908093
812,18.85318756103516,18.27961060234884,0.5735769586863206
813,18.73183250427246,18.27961060234884,0.45222190192362177
814,18.7070369720459,18.27961060234884,0.42742636969705927
815,18.63408088684082,18.27961060234884,0.35447028449198115
816,18.571853637695312,18.27961060234884,0.29224303534647333
817,18.505096435546875,18.27961060234884,0.22548583319803583
818,18.4478759765625,18.27961060234884,0.16826537421366083
819,18.38397979736328,18.27961060234884,0.10436919501444208
820,18.293142318725582,18.27961060234884,0.01353171637674322
821,18.24212074279785,18.27961060234884,0.0374898595509876
822,18.14603805541992,18.27961060234884,0.13357254692892084
823,18.098115921020508,18.27961060234884,0.18149468132833135
824,18.10884475708008,18.27961060234884,0.1707658452687575
825,17.952919006347656,18.27961060234884,0.3266915960011829
826,17.961978912353516,18.27961060234884,0.31763168999532354
827,17.88496971130371,18.27961060234884,0.39464089104512823
828,17.81296730041504,18.27961060234884,0.4666433019338001
829,17.735958099365234,18.27961060234884,0.5436525029836048
830,17.674922943115234,18.27961060234884,0.6046876592336048
831,17.628908157348633,18.27961060234884,0.6507024450002064
832,17.53997802734375,18.27961060234884,0.7396325750050892
833,17.486095428466797,18.27961060234884,0.7935151738820423
834,17.42410659790039,18.27961060234884,0.8555040044484485
835,17.348051071166992,18.27961060234884,0.931559531181847
836,17.333984375,18.27961060234884,0.9456262273488392
837,17.210960388183594,18.27961060234884,1.0686502141652454
838,17.19188690185547,18.27961060234884,1.0877237004933704
839,17.123937606811523,18.27961060234884,1.1556729955373157
840,17.065048217773438,18.27961060234884,1.2145623845754017
841,17.016887664794922,18.27961060234884,1.2627229375539173
842,16.924142837524414,18.27961060234884,1.355467764824425
843,16.865015029907227,18.27961060234884,1.4145955724416126
844,16.795873641967773,18.27961060234884,1.4837369603810657
845,16.73293113708496,18.27961060234884,1.5466794652638782
846,16.656160354614258,18.27961060234884,1.6234502477345814
847,16.59703254699707,18.27961060234884,1.6825780553517689
848,16.544103622436523,18.27961060234884,1.7355069799123157
849,16.460180282592773,18.27961060234884,1.8194303197560657
850,16.475915908813477,18.27961060234884,1.8036946935353626
851,16.35289192199707,18.27961060234884,1.9267186803517689
852,16.349077224731445,18.27961060234884,1.9305333776173939
853,16.26300811767578,18.27961060234884,2.016602484673058
854,21.1639404296875,18.27961060234884,2.884329827338661
855,21.16703987121582,18.27961060234884,2.887429268866981
856,21.028995513916016,18.27961060234884,2.7493849115671765
857,21.01993560791016,18.27961060234884,2.7403250055613206
858,20.951032638549805,18.27961060234884,2.6714220362009655
859,20.87020874023437,18.27961060234884,2.5905981378855323
860,20.823001861572266,18.27961060234884,2.5433912592234265
861,20.72906494140625,18.27961060234884,2.449454339057411
862,20.65300941467285,18.27961060234884,2.3733988123240124
863,20.59197425842285,18.27961060234884,2.3123636560740124
864,20.54095268249512,18.27961060234884,2.2613420801462816
865,20.557165145874023,18.27961060234884,2.2775545435251843
866,20.39504051208496,18.27961060234884,2.1154299097361218
867,20.39790153503418,18.27961060234884,2.1182909326853405
868,20.30801773071289,18.27961060234884,2.0284071283640515
869,20.244121551513672,18.27961060234884,1.9645109491648327
870,20.191192626953125,18.27961060234884,1.9115820246042858
871,20.11895179748535,18.27961060234884,1.8393411951365124
872,20.022869110107425,18.27961060234884,1.7432585077585863
873,19.999027252197266,18.27961060234884,1.7194166498484265
874,19.9270248413086,18.27961060234884,1.6474142389597617
875,19.86098289489746,18.27961060234884,1.5813722925486218
876,19.766807556152344,18.27961060234884,1.4871969538035046
877,19.748926162719727,18.27961060234884,1.4693155603708874
878,19.6990966796875,18.27961060234884,1.4194860773386608
879,19.68097686767578,18.27961060234884,1.401366265326942
880,19.517183303833008,18.27961060234884,1.2375727014841686
881,19.516944885253903,18.27961060234884,1.2373342829050635
882,19.453048706054688,18.27961060234884,1.1734381037058483
883,19.36006546020508,18.27961060234884,1.0804548578562425
884,19.2868709564209,18.27961060234884,1.0072603540720593
885,19.23203468322754,18.27961060234884,0.9524240808786999
886,19.147872924804688,18.27961060234884,0.8682623224558483
887,19.07205581665039,18.27961060234884,0.7924452143015515
888,19.004106521606445,18.27961060234884,0.7244959192576061
889,18.993139266967773,18.27961060234884,0.7135286646189343
890,18.94402503967285,18.27961060234884,0.6644144373240124
891,18.84603500366211,18.27961060234884,0.5664244013132702
892,18.79286766052246,18.27961060234884,0.5132570581736218
893,18.73397827148437,18.27961060234884,0.4543676691355323
894,18.65410804748535,18.27961060234884,0.3744974451365124
895,18.59712600708008,18.27961060234884,0.3175154047312425
896,18.53609085083008,18.27961060234884,0.2564802484812425
897,18.52083206176757,18.27961060234884,0.24122145941873185
898,18.37897300720215,18.27961060234884,0.09936240485330927
899,18.38397979736328,18.27961060234884,0.10436919501444208
900,18.332958221435547,18.27961060234884,0.05334761908670771
901,18.25118064880371,18.27961060234884,0.028429953545128228
902,18.180131912231445,18.27961060234884,0.09947869011739385
903,18.10288429260254,18.27961060234884,0.1767263097463001
904,18.100976943969727,18.27961060234884,0.1786336583791126
905,17.997026443481445,18.27961060234884,0.28258415886739385
906,17.951011657714844,18.27961060234884,0.3285989446339954
907,17.900943756103516,18.27961060234884,0.37866684624532354
908,17.82083511352539,18.27961060234884,0.45877548882344854
909,17.771005630493164,18.27961060234884,0.5086049718556751
910,17.705202102661133,18.27961060234884,0.5744084996877064
911,17.627954483032227,18.27961060234884,0.6516561193166126
912,17.559051513671875,18.27961060234884,0.7205590886769642
913,17.518997192382812,18.27961060234884,0.7606134099660267
914,17.48490333557129,18.27961060234884,0.7947072667775501
915,17.37809181213379,18.27961060234884,0.9015187902150501
916,17.343997955322266,18.27961060234884,0.9356126470265735
917,17.294883728027344,18.27961060234884,0.9847268743214954
918,17.20881462097168,18.27961060234884,1.0707959813771595
919,17.08197593688965,18.27961060234884,1.1976346654591907
920,17.071008682250977,18.27961060234884,1.2086019200978626
921,17.00592041015625,18.27961060234884,1.2736901921925892
922,16.932964324951172,18.27961060234884,1.3466462773976673
923,16.849040985107422,18.27961060234884,1.4305696172414173
924,16.79682731628418,18.27961060234884,1.4827832860646595
925,16.720056533813477,18.27961060234884,1.5595540685353626
926,16.69001579284668,18.27961060234884,1.5895948095021595
927,16.576051712036133,18.27961060234884,1.7035588903127064
928,16.560077667236328,18.27961060234884,1.719532935112511
929,16.496896743774414,18.27961060234884,1.782713858574425
930,16.45803451538086,18.27961060234884,1.8215760869679798
931,16.362905502319336,18.27961060234884,1.9167051000295032
932,16.288042068481445,18.27961060234884,1.9915685338673939
933,16.206979751586914,18.27961060234884,2.072630850761925
934,21.183013916015625,18.27961060234884,2.903403313666786
935,21.05903625488281,18.27961060234884,2.77942565253397
936,21.05307579040528,18.27961060234884,2.7734651880564414
937,20.956993103027344,18.27961060234884,2.6773825006785046
938,20.90001106262207,18.27961060234884,2.620400460273231
939,20.83897590637207,18.27961060234884,2.559365304023231
940,20.764827728271484,18.27961060234884,2.485217125922645
941,20.704030990600582,18.27961060234884,2.424420388251743
942,20.637989044189453,18.27961060234884,2.358378441840614
943,20.55597305297852,18.27961060234884,2.27636245062968
944,20.48301696777344,18.27961060234884,2.203406365424602
945,20.41101455688477,18.27961060234884,2.13140395453593
946,20.41482925415039,18.27961060234884,2.1352186518015515
947,20.2789306640625,18.27961060234884,1.9993200617136608
948,20.26987075805664,18.27961060234884,1.9902601557078015
949,20.19906044006348,18.27961060234884,1.919449837714641
950,20.106077194213867,18.27961060234884,1.826466591865028
951,20.05791664123535,18.27961060234884,1.7783060388865124
952,20.008087158203125,18.27961060234884,1.7284765558542858
953,19.97590065002441,18.27961060234884,1.6962900476755713
954,19.68312263488769,18.27961060234884,1.4035120325388526
955,19.63210105895996,18.27961060234884,1.3524904566111218
956,19.537925720214844,18.27961060234884,1.2583151178660046
957,19.507884979248047,18.27961060234884,1.2282743768992077
958,19.427061080932617,18.27961060234884,1.147450478583778
959,19.366025924682617,18.27961060234884,1.086415322333778
960,19.301891326904297,18.27961060234884,1.0222807245554577
961,19.214868545532227,18.27961060234884,0.9352579431833874
962,19.15287971496582,18.27961060234884,0.8732691126169811
963,19.073963165283203,18.27961060234884,0.794352562934364
964,19.09995079040528,18.27961060234884,0.8203401880564414
965,18.93305778503418,18.27961060234884,0.6534471826853405
966,18.9208984375,18.27961060234884,0.6412878351511608
967,18.867969512939453,18.27961060234884,0.588358910590614
968,18.81098747253418,18.27961060234884,0.5313768701853405
969,18.73397827148437,18.27961060234884,0.4543676691355323
970,18.66698265075684,18.27961060234884,0.3873720484080003
971,18.598079681396484,18.27961060234884,0.3184690790476452
972,18.52083206176757,18.27961060234884,0.24122145941873185
973,18.46194267272949,18.27961060234884,0.18233207038064947
974,18.445968627929688,18.27961060234884,0.16635802558084833
975,18.30410957336425,18.27961060234884,0.02449897101541154
976,18.305063247680664,18.27961060234884,0.025452645331824897
977,18.2340145111084,18.27961060234884,0.04559609124044073
978,18.18084716796875,18.27961060234884,0.09876343438008917
979,18.100976943969727,18.27961060234884,0.1786336583791126
980,18.02706718444824,18.27961060234884,0.25254341790060053
981,17.95506477355957,18.27961060234884,0.32454582878926885
982,17.92311668395996,18.27961060234884,0.35649391838887823
983,17.854928970336914,18.27961060234884,0.4246816320119251
984,17.789840698242188,18.27961060234884,0.48976990410665167
985,17.724990844726562,18.27961060234884,0.5546197576222767
986,17.633914947509766,18.27961060234884,0.6456956548390735
987,17.585039138793945,18.27961060234884,0.6945714635548939
988,17.573118209838867,18.27961060234884,0.706492392509972
989,17.435073852539062,18.27961060234884,0.8445367498097767
990,17.461061477661133,18.27961060234884,0.8185491246877064
991,17.299890518188477,18.27961060234884,0.9797200841603626
992,17.299175262451172,18.27961060234884,0.9804353398976673
993,17.230987548828125,18.27961060234884,1.0486230535207142
994,17.169952392578125,18.27961060234884,1.1096582097707142
995,17.11893081665039,18.27961060234884,1.1606797856984485
996,17.0290470123291,18.27961060234884,1.2505635900197376
997,16.96491241455078,18.27961060234884,1.314698187798058
998,16.88408851623535,18.27961060234884,1.3955220861134876
999,16.804933547973633,18.27961060234884,1.4746770543752064
1000,16.81208610534668,18.27961060234884,1.4675244970021595
1001,16.675949096679688,18.27961060234884,1.6036615056691517
1002,16.669034957885742,18.27961060234884,1.610575644463097
1003,16.602039337158203,18.27961060234884,1.677571265190636
1004,16.543865203857422,18.27961060234884,1.7357453984914173
1005,16.460180282592773,18.27961060234884,1.8194303197560657
1006,16.391992568969727,18.27961060234884,1.8876180333791126
1007,16.33906364440918,18.27961060234884,1.9405469579396595
1008,16.277074813842773,18.27961060234884,2.0025357885060657
1009,21.23403549194336,18.27961060234884,2.95442488959452
1010,21.17013931274414,18.27961060234884,2.8905287103953015
1011,21.098852157592773,18.27961060234884,2.8192415552439343
1012,21.03400230407715,18.27961060234884,2.7543917017283093
1013,20.96390724182129,18.27961060234884,2.68429663947245
1014,20.905017852783203,18.27961060234884,2.625407250434364
1015,20.83706855773925,18.27961060234884,2.5574579553904115
1016,20.756006240844727,18.27961060234884,2.4763956384958874
1017,20.67899703979492,18.27961060234884,2.399386437446079
1018,20.613908767700195,18.27961060234884,2.334298165351356
1019,20.627975463867188,18.27961060234884,2.3483648615183483
1020,20.46489715576172,18.27961060234884,2.1852865534128796
1021,20.4617977142334,18.27961060234884,2.1821871118845593
1022,20.4010009765625,18.27961060234884,2.121390374213661
1023,20.32184600830078,18.27961060234884,2.042235405951942
1024,20.245790481567383,18.27961060234884,1.9661798792185436
1025,20.190000534057617,18.27961060234884,1.910389931708778
1026,20.153045654296875,18.27961060234884,1.8734350519480358
1027,20.056962966918945,18.27961060234884,1.7773523645701061
1028,19.97995376586914,18.27961060234884,1.7003431635203015
1029,19.91605758666992,18.27961060234884,1.6364469843210792
1030,19.84214782714844,18.27961060234884,1.5625372247996019
1031,19.83499526977539,18.27961060234884,1.5553846674265515
1032,19.71912384033203,18.27961060234884,1.439513237983192
1033,19.706010818481445,18.27961060234884,1.4264002161326061
1034,19.644975662231445,18.27961060234884,1.3653650598826061
1035,19.54483985900879,18.27961060234884,1.26522925665995
1036,19.47498321533203,18.27961060234884,1.195372612983192
1037,19.42110061645508,18.27961060234884,1.1414900141062425
1038,19.34814453125,18.27961060234884,1.0685339289011608
1039,19.320964813232425,18.27961060234884,1.0413542108835863
1040,19.208908081054688,18.27961060234884,0.9292974787058483
1041,19.186973571777344,18.27961060234884,0.9073629694285046
1042,19.11592483520508,18.27961060234884,0.8363142328562425
1043,19.04606819152832,18.27961060234884,0.7664575891794811
1044,18.97001266479492,18.27961060234884,0.6904020624460792
1045,18.91493797302246,18.27961060234884,0.6353273706736218
1046,18.85294914245605,18.27961060234884,0.573338540107212
1047,18.78809928894043,18.27961060234884,0.5084886865915905
1048,18.7380313873291,18.27961060234884,0.4584207849802624
1049,18.690824508666992,18.27961060234884,0.411213906318153
1050,18.61095428466797,18.27961060234884,0.3313436823191296
1051,18.51415634155273,18.27961060234884,0.23454573920389166
1052,18.46194267272949,18.27961060234884,0.18233207038064947
1053,18.35298538208008,18.27961060234884,0.07337477973124251
1054,18.313884735107425,18.27961060234884,0.03427413275858626
1055,18.320083618164062,18.27961060234884,0.040473015815223334
1056,18.20707321166992,18.27961060234884,0.07253739067892084
1057,18.13483238220215,18.27961060234884,0.14477822014669073
1058,18.103837966918945,18.27961060234884,0.17577263542989385
1059,18.01586151123047,18.27961060234884,0.2637490911183704
1060,17.947912216186523,18.27961060234884,0.33169838616231573
1061,17.904996871948242,18.27961060234884,0.374613730400597
1062,17.827987670898438,18.27961060234884,0.45162293145040167
1063,17.843961715698242,18.27961060234884,0.435648886650597
1064,17.6849365234375,18.27961060234884,0.5946740789113392
1065,17.681121826171875,18.27961060234884,0.5984887761769642
1066,17.625093460083008,18.27961060234884,0.6545171422658314
1067,17.53520965576172,18.27961060234884,0.7444009465871204
1068,17.464876174926758,18.27961060234884,0.8147344274220814
1069,17.388105392456055,18.27961060234884,0.8915052098927845
1070,17.320871353149414,18.27961060234884,0.9587392491994251
1071,17.25292205810547,18.27961060234884,1.0266885442433704
1072,17.187833786010742,18.27961060234884,1.091776816338097
1073,17.123937606811523,18.27961060234884,1.1556729955373157
1074,17.0590877532959,18.27961060234884,1.2205228490529407
1075,17.040014266967773,18.27961060234884,1.2395963353810657
1076,16.948938369750977,18.27961060234884,1.3306722325978626
1077,16.911983489990234,18.27961060234884,1.3676271123586048
1078,16.77703857421875,18.27961060234884,1.5025720281300892
1079,16.726970672607422,18.27961060234884,1.5526399297414173
1080,16.644954681396484,18.27961060234884,1.6346559209523548
1081,16.642093658447266,18.27961060234884,1.6375169439015735
1082,16.522884368896484,18.27961060234884,1.7567262334523548
1083,16.530990600585938,18.27961060234884,1.7486200017629017
1084,16.464948654174805,18.27961060234884,1.8146619481740345
1085,16.38317108154297,18.27961060234884,1.8964395208058704
1086,16.309022903442383,18.27961060234884,1.9705876989064564
1087,16.228914260864258,18.27961060234884,2.0506963414845814
1088,21.218061447143555,18.27961060234884,2.9384508447947155
1089,21.14295959472656,18.27961060234884,2.86334899237772
1090,21.08097076416016,18.27961060234884,2.8013601618113206
1091,20.99895477294922,18.27961060234884,2.7193441706003796
1092,20.940065383911133,18.27961060234884,2.6604547815622936
1093,20.88308334350586,18.27961060234884,2.60347274115702
1094,20.80512046813965,18.27961060234884,2.5255098657908093
1095,20.72715759277344,18.27961060234884,2.447546990424602
1096,20.732879638671875,18.27961060234884,2.453269036323036
1097,20.581960678100582,18.27961060234884,2.302350075751743
1098,20.579099655151367,18.27961060234884,2.299489052802528
1099,20.51091194152832,18.27961060234884,2.231301339179481
1100,20.43318748474121,18.27961060234884,2.1535768823923718
1101,20.35784721374512,18.27961060234884,2.0782366113962816
1102,20.32089233398437,18.27961060234884,2.0412817316355323
1103,20.23601531982422,18.27961060234884,1.9564047174753796
1104,20.172119140625,18.27961060234884,1.8925085382761608
1105,20.122051239013672,18.27961060234884,1.8424406366648327
1106,20.05195617675781,18.27961060234884,1.7723455744089698
1107,19.96612548828125,18.27961060234884,1.6865148859324108
1108,19.92082595825196,18.27961060234884,1.641215355903121
1109,19.843101501464844,18.27961060234884,1.5634908991160046
1110,19.83904838562012,18.27961060234884,1.5594377832712816
1111,19.697904586791992,18.27961060234884,1.418293984443153
1112,19.693851470947266,18.27961060234884,1.4142408685984265
1113,19.61207389831543,18.27961060234884,1.3324632959665905
1114,19.541025161743164,18.27961060234884,1.261414559394325
1115,19.49501037597656,18.27961060234884,1.2153997736277198
1116,19.42896842956543,18.27961060234884,1.1493578272165905
1117,19.35005187988281,18.27961060234884,1.0704412775339698
1118,19.264936447143555,18.27961060234884,0.9853258447947155
1119,19.196033477783203,18.27961060234884,0.916422875434364
1120,19.192934036254883,18.27961060234884,0.9133234339060436
1121,19.057035446166992,18.27961060234884,0.777424843818153
1122,19.049882888793945,18.27961060234884,0.7702722864451061
1123,19.010066986083984,18.27961060234884,0.7304563837351452
1124,18.930912017822266,18.27961060234884,0.6513014154734265
1125,18.85700225830078,18.27961060234884,0.5773916559519421
1126,18.799781799316406,18.27961060234884,0.5201711969675671
1127,18.75591278076172,18.27961060234884,0.4763021784128796
1128,18.658876419067383,18.27961060234884,0.37926581671854365
1129,18.58305931091309,18.27961060234884,0.3034487085642503
1130,18.496036529541016,18.27961060234884,0.21642592719217646
1131,18.43404769897461,18.27961060234884,0.1544370966257702
1132,18.440961837768555,18.27961060234884,0.16135123541971552
1133,18.30911636352539,18.27961060234884,0.02950576117655146
1134,18.294811248779297,18.27961060234884,0.01520064643045771
1135,18.24498176574707,18.27961060234884,0.03462883660176885
1136,18.165111541748047,18.27961060234884,0.11449906060079229
1137,18.077850341796875,18.27961060234884,0.20176026055196417
1138,18.04494857788086,18.27961060234884,0.2346620244679798
1139,17.963886260986328,18.27961060234884,0.31572434136251104
1140,17.904996871948242,18.27961060234884,0.374613730400597
1141,17.876148223876953,18.27961060234884,0.40346237847188604
1142,17.74883270263672,18.27961060234884,0.5307778997121204
1143,17.747879028320312,18.27961060234884,0.5317315740285267
1144,17.68183708190918,18.27961060234884,0.5977735204396595
1145,17.614126205444336,18.27961060234884,0.6654843969045032
1146,17.538070678710938,18.27961060234884,0.7415399236379017
1147,17.518997192382812,18.27961060234884,0.7606134099660267
1148,17.37499237060547,18.27961060234884,0.9046182317433704
1149,17.340898513793945,18.27961060234884,0.9387120885548939
1150,17.25602149963379,18.27961060234884,1.02358910271505
1151,17.261028289794922,18.27961060234884,1.0185823125539173
1152,17.114877700805664,18.27961060234884,1.164732901543175
1153,17.126083374023438,18.27961060234884,1.1535272283254017
1154,16.9980525970459,18.27961060234884,1.2815580053029407
1155,16.99090003967285,18.27961060234884,1.2887105626759876
1156,16.9219970703125,18.27961060234884,1.3576135320363392
1157,16.83497428894043,18.27961060234884,1.4446363134084095
1158,16.766071319580078,18.27961060234884,1.513539282768761
1159,16.70694351196289,18.27961060234884,1.5726670903859485
1160,16.642093658447266,18.27961060234884,1.6375169439015735
1161,16.576051712036133,18.27961060234884,1.7035588903127064
1162,16.501903533935547,18.27961060234884,1.7777070684132923
1163,16.453027725219727,18.27961060234884,1.8265828771291126
1164,16.38507843017578,18.27961060234884,1.894532172173058
1165,16.417980194091797,18.27961060234884,1.8616304082570423
1166,16.273975372314453,18.27961060234884,2.005635230034386
1167,16.24584197998047,18.27961060234884,2.0337686223683704
1168,21.16703987121582,18.27961060234884,2.887429268866981
1169,21.08979225158692,18.27961060234884,2.810181649238082
1170,21.02804183959961,18.27961060234884,2.74843123725077
1171,21.00086212158203,18.27961060234884,2.721251519233192
1172,20.911216735839844,18.27961060234884,2.6316061334910046
1173,20.850181579589844,18.27961060234884,2.5705709772410046
1174,20.758867263793945,18.27961060234884,2.479256661445106
1175,20.68400382995605,18.27961060234884,2.404393227607212
1176,20.615816116333008,18.27961060234884,2.3362055139841686
1177,20.63584327697754,18.27961060234884,2.3562326746287
1178,20.48778533935547,18.27961060234884,2.2081747370066296
1179,20.4770565032959,18.27961060234884,2.1974459009470593
1180,20.388126373291016,18.27961060234884,2.1085157709421765
1181,20.366907119750977,18.27961060234884,2.0872965174021374
1182,20.28393745422364,18.27961060234884,2.0043268518748008
1183,20.215988159179688,18.27961060234884,1.9363775568308483
1184,20.14303207397461,18.27961060234884,1.8634214716257702
1185,20.071983337402344,18.27961060234884,1.7923727350535046
1186,20.071983337402344,18.27961060234884,1.7923727350535046
1187,19.932031631469727,18.27961060234884,1.6524210291208874
1188,19.92583274841309,18.27961060234884,1.6462221460642503
1189,19.849061965942383,18.27961060234884,1.5694513635935436
1190,19.767045974731445,18.27961060234884,1.4874353723826061
1191,19.703149795532227,18.27961060234884,1.4235391931833874
1192,19.63496208190918,18.27961060234884,1.3553514795603405
1193,19.59395408630371,18.27961060234884,1.3143434839548718
1194,19.498825073242188,18.27961060234884,1.2192144708933483
1195,19.443988800048828,18.27961060234884,1.164378197699989
1196,19.395112991333008,18.27961060234884,1.1155023889841686
1197,19.330978393554688,18.27961060234884,1.0513677912058483
1198,19.31190490722656,18.27961060234884,1.0322943048777198
1199,19.181013107299805,18.27961060234884,0.9014025049509655
1200,19.171953201293945,18.27961060234884,0.8923425989451061
1201,19.10686492919922,18.27961060234884,0.8272543268503796
1202,19.012928009033203,18.27961060234884,0.733317406684364
1203,18.976926803588867,18.27961060234884,0.697316201240028
1204,18.9058780670166,18.27961060234884,0.6262674646677624
1205,18.815040588378903,18.27961060234884,0.5354299860300635
1206,18.756866455078125,18.27961060234884,0.47725585272928583
1207,18.698930740356445,18.27961060234884,0.41932013800760615
1208,18.627166748046875,18.27961060234884,0.34755614569803583
1209,18.56708526611328,18.27961060234884,0.2874746637644421
1210,18.55111122131348,18.27961060234884,0.27150061896464095
1211,18.412113189697266,18.27961060234884,0.13250258734842646
1212,18.41115951538086,18.27961060234884,0.1315489130320202
1213,18.342018127441406,18.27961060234884,0.062407525092567084
1214,18.275022506713867,18.27961060234884,0.004588095634971978
1215,18.193960189819336,18.27961060234884,0.08565041252950323
1216,18.12386512756348,18.27961060234884,0.15574547478535905
1217,18.08810234069824,18.27961060234884,0.19150826165060053
1218,18.037080764770508,18.27961060234884,0.24252983757833135
1219,17.940044403076172,18.27961060234884,0.3395661992726673
1220,17.877817153930664,18.27961060234884,0.4017934484181751
1221,17.79794692993164,18.27961060234884,0.48166367241719854
1222,17.805099487304688,18.27961060234884,0.47451111504415167
1223,17.64702796936035,18.27961060234884,0.6325826329884876
1224,17.663002014160156,18.27961060234884,0.6166085881886829
1225,17.616987228393555,18.27961060234884,0.6626233739552845
1226,17.528057098388672,18.27961060234884,0.7515535039601673
1227,17.473936080932617,18.27961060234884,0.805674521416222
1228,17.377138137817383,18.27961060234884,0.9024724645314564
1229,17.306089401245117,18.27961060234884,0.973521201103722
1230,17.322063446044922,18.27961060234884,0.9575471563039173
1231,17.180919647216797,18.27961060234884,1.0986909551320423
1232,17.202138900756836,18.27961060234884,1.0774717015920032
1233,17.116069793701172,18.27961060234884,1.1635408086476673
1234,17.017126083374023,18.27961060234884,1.2624845189748157
1235,16.949892044067383,18.27961060234884,1.3297185582814564
1236,16.915082931518555,18.27961060234884,1.3645276708302845
1237,16.841888427734375,18.27961060234884,1.4377221746144642
1238,16.7849063873291,18.27961060234884,1.4947042150197376
1239,16.69597625732422,18.27961060234884,1.5836343450246204
1240,16.622066497802734,18.27961060234884,1.6575441045461048
1241,16.564130783081055,18.27961060234884,1.7154798192677845
1242,16.498088836669922,18.27961060234884,1.7815217656789173
1243,16.42298698425293,18.27961060234884,1.8566236180959095
1244,16.422033309936523,18.27961060234884,1.8575772924123157
1245,16.2811279296875,18.27961060234884,1.9984826726613392
1246,16.312122344970703,18.27961060234884,1.967488257378136
1247,21.20494842529297,18.27961060234884,2.9253378229441296
1248,21.129131317138672,18.27961060234884,2.8495207147898327
1249,21.08597755432129,18.27961060234884,2.80636695197245
1250,21.06785774230957,18.27961060234884,2.788247139960731
1251,21.038055419921875,18.27961060234884,2.758444817573036
1252,20.87998390197754,18.27961060234884,2.6003732996287
1253,20.853042602539062,18.27961060234884,2.5734320001902233
1254,20.80297470092773,18.27961060234884,2.5233640985788917
1255,20.68400382995605,18.27961060234884,2.404393227607212
1256,20.64204216003418,18.27961060234884,2.3624315576853405
1257,20.576953887939453,18.27961060234884,2.297343285590614
1258,20.5078125,18.27961060234884,2.228201897651161
1259,20.44010162353516,18.27961060234884,2.1604910211863206
1260,20.36094665527344,18.27961060234884,2.081336052924602
1261,20.370006561279297,18.27961060234884,2.0903959589304577
1262,20.21503448486328,18.27961060234884,1.935423882514442
1263,20.19691467285156,18.27961060234884,1.9173040705027198
1264,20.154953002929688,18.27961060234884,1.8753424005808483
1265,20.1101303100586,18.27961060234884,1.8305197077097617
1266,20.03812789916992,18.27961060234884,1.7585172968210792
1267,19.9739933013916,18.27961060234884,1.6943826990427624
1268,19.875049591064453,18.27961060234884,1.595438988715614
1269,19.82998847961425,18.27961060234884,1.5503778772654115
1270,19.776105880737305,18.27961060234884,1.4964952783884655
1271,19.696950912475582,18.27961060234884,1.4173403101267432
1272,19.63019371032715,18.27961060234884,1.3505831079783093
1273,19.607067108154297,18.27961060234884,1.3274565058054577
1274,19.5009708404541,18.27961060234884,1.2213602381052624
1275,19.49501037597656,18.27961060234884,1.2153997736277198
1276,19.395112991333008,18.27961060234884,1.1155023889841686
1277,21.865129470825195,18.27961060234884,3.585518868476356
1278,19.301891326904297,18.27961060234884,1.0222807245554577
1279,19.23799514770508,18.27961060234884,0.9583845453562425
1280,19.16790008544922,18.27961060234884,0.8882894831003796
1281,19.10400390625,18.27961060234884,0.8243933039011608
1282,19.01698112487793,18.27961060234884,0.7373705225290905
1283,18.948793411254883,18.27961060234884,0.6691828089060436
1284,18.902063369750977,18.27961060234884,0.6224527674021374
1285,18.860816955566406,18.27961060234884,0.5812063532175671
1286,18.771886825561523,18.27961060234884,0.49227622321268427
1287,18.77117156982422,18.27961060234884,0.4915609674753796
1288,18.62812042236328,18.27961060234884,0.3485098200144421
1289,18.620967864990234,18.27961060234884,0.3413572626413952
1290,18.52297782897949,18.27961060234884,0.24336722663064947
1291,18.47100257873535,18.27961060234884,0.1913919763865124
1292,18.40496063232422,18.27961060234884,0.12535002997537958
1293,18.35799217224121,18.27961060234884,0.07838156989237177
1294,18.2790756225586,18.27961060234884,0.0005349797902383102
1295,18.20588111877441,18.27961060234884,0.07372948357442866
1296,18.125057220458984,18.27961060234884,0.1545533818898548
1297,18.08500289916992,18.27961060234884,0.19460770317892084
1298,17.998933792114258,18.27961060234884,0.28067681023458135
1299,18.00704002380371,18.27961060234884,0.27257057854512823
1300,17.86184310913086,18.27961060234884,0.4177674932179798
1301,17.862796783447266,18.27961060234884,0.41681381890157354
1302,17.783164978027344,18.27961060234884,0.4964456243214954
1303,17.70615577697754,18.27961060234884,0.5734548253713001
1304,17.66204833984375,18.27961060234884,0.6175622625050892
1305,17.615079879760742,18.27961060234884,0.664530722588097
1306,17.52185821533203,18.27961060234884,0.7577523870168079
1307,17.470121383666992,18.27961060234884,0.809489218681847
1308,17.3799991607666,18.27961060234884,0.8996114415822376
1309,17.316102981567383,18.27961060234884,0.9635076207814564
1310,17.24386215209961,18.27961060234884,1.0357484502492298
1311,17.232894897460938,18.27961060234884,1.0467157048879017
1312,17.122983932495117,18.27961060234884,1.156626669853722
1313,17.099857330322266,18.27961060234884,1.1797532720265735
1314,17.02284812927246,18.27961060234884,1.2567624730763782
1315,16.957998275756836,18.27961060234884,1.3216123265920032
1316,16.88408851623535,18.27961060234884,1.3955220861134876
1317,16.826868057250977,18.27961060234884,1.4527425450978626
1318,16.72196388244629,18.27961060234884,1.55764671990255
1319,16.68405532836914,18.27961060234884,1.5955552739796985
1320,16.65782928466797,18.27961060234884,1.6217813176808704
1321,16.6170597076416,18.27961060234884,1.6625508947072376
1322,16.468048095703125,18.27961060234884,1.8115625066457142
1323,16.4639949798584,18.27961060234884,1.8156156224904407
1324,16.391992568969727,18.27961060234884,1.8876180333791126
1325,16.335010528564453,18.27961060234884,1.944600073784386
1326,16.27206802368164,18.27961060234884,2.0075425786671985
1327,21.191835403442383,18.27961060234884,2.9122248010935436
1328,21.17204666137696,18.27961060234884,2.892436059028121
1329,21.04496955871582,18.27961060234884,2.765358956366981
1330,21.028995513916016,18.27961060234884,2.7493849115671765
1331,20.96700668334961,18.27961060234884,2.68739608100077
1332,20.893096923828125,18.27961060234884,2.613486321479286
1333,20.83611488342285,18.27961060234884,2.5565042810740124
1334,20.746946334838867,18.27961060234884,2.467335732490028
1335,20.68305015563965,18.27961060234884,2.4034395532908093
1336,20.61605453491211,18.27961060234884,2.33644393256327
1337,20.535945892333984,18.27961060234884,2.256335289985145
1338,20.46799659729004,18.27961060234884,2.1883859949412
1339,20.41101455688477,18.27961060234884,2.13140395453593
1340,20.41292190551757,18.27961060234884,2.133311303168732
1341,20.25699615478516,18.27961060234884,1.9773855524363206
1342,20.29895782470703,18.27961060234884,2.019347222358192
1343,20.130157470703125,18.27961060234884,1.8505468683542858
1344,20.126819610595703,18.27961060234884,1.847209008246864
1345,20.084142684936523,18.27961060234884,1.8045320825876843
1346,19.968032836914062,18.27961060234884,1.6884222345652233
1347,19.913196563720703,18.27961060234884,1.633585961371864
1348,19.83499526977539,18.27961060234884,1.5553846674265515
1349,19.773006439208984,18.27961060234884,1.4933958368601452
1350,19.705772399902344,18.27961060234884,1.4261617975535046
1351,19.63496208190918,18.27961060234884,1.3553514795603405
1352,19.64092254638672,18.27961060234884,1.3613119440378796
1353,19.5009708404541,18.27961060234884,1.2213602381052624
1354,19.501924514770508,18.27961060234884,1.2223139124216686
1355,19.35291290283203,18.27961060234884,1.073302300483192
1356,19.36197280883789,18.27961060234884,1.0823622064890515
1357,19.2868709564209,18.27961060234884,1.0072603540720593
1358,19.207000732421875,18.27961060234884,0.9273901300730358
1359,19.15597915649414,18.27961060234884,0.8763685541453015
1360,19.07205581665039,18.27961060234884,0.7924452143015515
1361,18.99409294128418,18.27961060234884,0.7144823389353405
1362,18.98407936096192,18.27961060234884,0.704468758613082
1363,18.85700225830078,18.27961060234884,0.5773916559519421
1364,18.84913444519043,18.27961060234884,0.5695238428415905
1365,18.723011016845703,18.27961060234884,0.44340041449686396
1366,18.784046173095703,18.27961060234884,0.504435570746864
1367,18.604040145874023,18.27961060234884,0.32442954352518427
1368,18.589019775390625,18.27961060234884,0.30940917304178583
1369,18.54681968688965,18.27961060234884,0.26720908454080927
1370,18.440961837768555,18.27961060234884,0.16135123541971552
1371,18.397092819213867,18.27961060234884,0.11748221686502802
1372,18.316030502319336,18.27961060234884,0.03641989997049677
1373,18.265962600708008,18.27961060234884,0.013648001640831353
1374,18.21303367614746,18.27961060234884,0.06657692620137823
1375,18.12005043029785,18.27961060234884,0.1595601720509876
1376,18.085956573486328,18.27961060234884,0.19365402886251104
1377,18.06187629699707,18.27961060234884,0.21773430535176885
1378,18.004894256591797,18.27961060234884,0.2747163457570423
1379,17.919063568115234,18.27961060234884,0.3605470342336048
1380,17.852067947387695,18.27961060234884,0.42754265496114385
1381,17.8070068359375,18.27961060234884,0.47260376641133917
1382,17.71402359008789,18.27961060234884,0.5655870122609485
1383,17.731904983520508,18.27961060234884,0.5477056188283314
1384,17.575979232788086,18.27961060234884,0.7036313695607532
1385,17.580032348632812,18.27961060234884,0.6995782537160267
1386,17.506122589111328,18.27961060234884,0.773488013237511
1387,17.431974411010742,18.27961060234884,0.847636191338097
1388,17.35997200012207,18.27961060234884,0.9196386022267689
1389,17.333984375,18.27961060234884,0.9456262273488392
1390,17.251014709472656,18.27961060234884,1.028595892876183
1391,17.161846160888672,18.27961060234884,1.1177644414601673
1392,17.10796356201172,18.27961060234884,1.1716470403371204
1393,17.04692840576172,18.27961060234884,1.2326821965871204
1394,16.981840133666992,18.27961060234884,1.297770468681847
1395,16.897916793823242,18.27961060234884,1.381693808525597
1396,16.830921173095703,18.27961060234884,1.448689429253136
1397,16.785860061645508,18.27961060234884,1.4937505407033314
1398,16.71910285949707,18.27961060234884,1.5605077428517689
1399,16.698122024536133,18.27961060234884,1.5814885778127064
1400,16.64590835571289,18.27961060234884,1.6337022466359485
1401,16.549110412597656,18.27961060234884,1.730500189751183
1402,16.47782325744629,18.27961060234884,1.80178734490255
1403,16.404151916503906,18.27961060234884,1.875458685844933
1404,16.340017318725586,18.27961060234884,1.9395932836232532
1405,16.282081604003906,18.27961060234884,1.997528998344933
1406,16.206026077270508,18.27961060234884,2.0735845250783314
1407,21.19302749633789,18.27961060234884,2.9134168939890515
1408,21.121978759765625,18.27961060234884,2.842368157416786
1409,21.05188369750977,18.27961060234884,2.77227309516093
1410,20.915985107421875,18.27961060234884,2.636374505073036
1411,20.917177200317383,18.27961060234884,2.6375665979685436
1412,20.838022232055664,18.27961060234884,2.558411629706825
1413,20.768165588378903,18.27961060234884,2.4885549860300635
1414,20.708799362182617,18.27961060234884,2.429188759833778
1415,20.634174346923828,18.27961060234884,2.354563744574989
1416,20.55501937866211,18.27961060234884,2.27540877631327
1417,20.554065704345703,18.27961060234884,2.274455101996864
1418,20.444869995117188,18.27961060234884,2.1652593927683483
1419,20.4160213470459,18.27961060234884,2.1364107446970593
1420,20.28989791870117,18.27961060234884,2.010287316352329
1421,20.325899124145508,18.27961060234884,2.0462885217966686
1422,20.23792266845703,18.27961060234884,1.958312066108192
1423,20.151853561401367,18.27961060234884,1.872242959052528
1424,20.11394500732422,18.27961060234884,1.8343344049753796
1425,20.016908645629883,18.27961060234884,1.7372980432810436
1426,20.01309394836425,18.27961060234884,1.7334833460154115
1427,19.866943359375,18.27961060234884,1.5873327570261608
1428,19.861936569213867,18.27961060234884,1.582325966865028
1429,19.80209350585937,18.27961060234884,1.5224829035105323
1430,19.758939743041992,18.27961060234884,1.479329140693153
1431,19.60015296936035,18.27961060234884,1.3205423670115124
1432,19.6230411529541,18.27961060234884,1.3434305506052624
1433,19.53887939453125,18.27961060234884,1.2592687921824108
1434,19.47903633117676,18.27961060234884,1.1994257288279222
1435,19.40202713012696,18.27961060234884,1.122416527778121
1436,19.33884620666504,18.27961060234884,1.0592356043162
1437,19.305944442749023,18.27961060234884,1.0263338404001843
1438,19.27518844604492,18.27961060234884,0.9955778436960792
1439,19.093036651611328,18.27961060234884,0.813426049262489
1440,19.084930419921875,18.27961060234884,0.8053198175730358
1441,19.02008056640625,18.27961060234884,0.7404699640574108
1442,19.00887489318848,18.27961060234884,0.729264290839641
1443,18.882036209106445,18.27961060234884,0.6024256067576061
1444,18.864154815673828,18.27961060234884,0.584544213324989
1445,18.800020217895508,18.27961060234884,0.5204096155466686
1446,18.741130828857425,18.27961060234884,0.46152022650858626
1447,18.659114837646484,18.27961060234884,0.3795042352976452
1448,18.597841262817383,18.27961060234884,0.31823066046854365
1449,18.533945083618164,18.27961060234884,0.2543344812693249
1450,18.66483688354492,18.27961060234884,0.38522628119607916
1451,18.481969833374023,18.27961060234884,0.20235923102518427
1452,18.38898658752441,18.27961060234884,0.10937598517557134
1453,18.33796501159668,18.27961060234884,0.05835440924784052
1454,18.268823623657227,18.27961060234884,0.010786978691612603
1455,18.19896697998047,18.27961060234884,0.08064362236837042
1456,18.13507080078125,18.27961060234884,0.14453980156758917
1457,18.05901527404785,18.27961060234884,0.2205953283009876
1458,17.99607276916504,18.27961060234884,0.2835378331838001
1459,17.932891845703125,18.27961060234884,0.34671875664571417
1460,17.879009246826172,18.27961060234884,0.4006013555226673
1461,17.7919864654541,18.27961060234884,0.4876241368947376
1462,17.734050750732422,18.27961060234884,0.5455598516164173
1463,17.657041549682617,18.27961060234884,0.622569052666222
1464,17.665863037109375,18.27961060234884,0.6137475652394642
1465,17.518043518066406,18.27961060234884,0.7615670842824329
1466,17.529010772705078,18.27961060234884,0.750599829643761
1467,17.41504669189453,18.27961060234884,0.8645639104543079
1468,17.422914505004883,18.27961060234884,0.8566960973439564
1469,17.33708381652832,18.27961060234884,0.9425267858205189
1470,17.266035079956055,18.27961060234884,1.0135755223927845
1471,17.17400550842285,18.27961060234884,1.1056050939259876
1472,17.117977142333984,18.27961060234884,1.1616334600148548
1473,17.052173614501953,18.27961060234884,1.227436987846886
1474,16.973018646240234,18.27961060234884,1.3065919561086048
1475,16.917943954467773,18.27961060234884,1.3616666478810657
1476,16.856908798217773,18.27961060234884,1.4227018041310657
1477,16.782045364379883,18.27961060234884,1.4975652379689564
1478,16.79205894470215,18.27961060234884,1.4875516576466907
1479,16.655921936035156,18.27961060234884,1.623688666313683
1480,16.649961471557617,18.27961060234884,1.629649130791222
1481,16.53003692626953,18.27961060234884,1.749573676079308
1482,16.499042510986328,18.27961060234884,1.780568091362511
1483,16.429901123046875,18.27961060234884,1.8497094793019642
1484,16.375064849853516,18.27961060234884,1.9045457524953235
1485,16.29495620727539,18.27961060234884,1.9846543950734485
1486,16.234874725341797,18.27961060234884,2.0447358770070423
1487,21.213054656982425,18.27961060234884,2.9334440546335863
1488,21.129131317138672,18.27961060234884,2.8495207147898327
1489,21.05998992919922,18.27961060234884,2.7803793268503796
1490,21.007061004638672,18.27961060234884,2.7274504022898327
1491,20.92719078063965,18.27961060234884,2.6475801782908093
1492,20.83992958068848,18.27961060234884,2.560318978339641
1493,20.814180374145508,18.27961060234884,2.5345697717966686
1494,20.74790000915528,18.27961060234884,2.4682894068064414
1495,20.74003219604492,18.27961060234884,2.460421593696079
1496,20.576953887939453,18.27961060234884,2.297343285590614
1497,20.56503295898437,18.27961060234884,2.2854223566355323
1498,20.489931106567383,18.27961060234884,2.2103205042185436
1499,20.509004592895508,18.27961060234884,2.2293939905466686
1500,20.33209800720215,18.27961060234884,2.0524874048533093
1501,20.34282684326172,18.27961060234884,2.0632162409128796
1502,20.27297019958496,18.27961060234884,1.9933595972361218
1503,20.23601531982422,18.27961060234884,1.9564047174753796
1504,20.16305923461914,18.27961060234884,1.8834486322703015
1505,20.084857940673828,18.27961060234884,1.805247338324989
1506,19.98305320739746,18.27961060234884,1.7034426050486218
1507,20.016908645629883,18.27961060234884,1.7372980432810436
1508,19.85001564025879,18.27961060234884,1.57040503790995
1509,19.85406875610352,18.27961060234884,1.57445815375468
1510,19.763946533203125,18.27961060234884,1.4843359308542858
1511,19.746065139770508,18.27961060234884,1.4664545374216686
1512,19.64902877807617,18.27961060234884,1.3694181757273292
1513,19.580841064453125,18.27961060234884,1.3012304621042858
1514,19.49596405029297,18.27961060234884,1.2163534479441296
1515,19.423961639404297,18.27961060234884,1.1443510370554577
1516,19.37294006347656,18.27961060234884,1.0933294611277198
1517,19.288063049316406,18.27961060234884,1.008452446967567
1518,19.208908081054688,18.27961060234884,0.9292974787058483
1519,19.208192825317383,18.27961060234884,0.9285822229685436
1520,19.0730094909668,18.27961060234884,0.7933988886179613
1521,19.06108856201172,18.27961060234884,0.7814779596628796
1522,19.01388168334961,18.27961060234884,0.7342710810007702
1523,18.937110900878903,18.27961060234884,0.6575002985300635
1524,18.866777420043945,18.27961060234884,0.5871668176951061
1525,18.78809928894043,18.27961060234884,0.5084886865915905
1526,18.717050552368164,18.27961060234884,0.4374399500193249
1527,18.661975860595703,18.27961060234884,0.38236525824686396
1528,18.630027770996094,18.27961060234884,0.3504171686472546
1529,18.58210563659668,18.27961060234884,0.3024950342478405
1530,18.500089645385746,18.27961060234884,0.22047904303690657
1531,18.491029739379883,18.27961060234884,0.21141913703104365
1532,18.359899520874023,18.27961060234884,0.08028891852518427
1533,18.37301254272461,18.27961060234884,0.09340194037577021
1534,18.24307441711425,18.27961060234884,0.03653618523458846
1535,18.24307441711425,18.27961060234884,0.03653618523458846
1536,18.15986633300781,18.27961060234884,0.11974426934103022
1537,18.09000968933105,18.27961060234884,0.18960091301778803
1538,18.0051326751709,18.27961060234884,0.27447792717794073
1539,17.93694496154785,18.27961060234884,0.3426656408009876
1540,17.88496971130371,18.27961060234884,0.39464089104512823
1541,17.828941345214844,18.27961060234884,0.4506692571339954
1542,17.785072326660156,18.27961060234884,0.4945382756886829
1543,17.766952514648438,18.27961060234884,0.5126580877004017
1544,17.647981643676758,18.27961060234884,0.6316289586720814
1545,17.65298843383789,18.27961060234884,0.6266221685109485
1546,17.574071884155273,18.27961060234884,0.7055387181935657
1547,17.509937286376953,18.27961060234884,0.769673315971886
1548,17.453908920288086,18.27961060234884,0.8257016820607532
1549,17.40407943725586,18.27961060234884,0.8755311650929798
1550,17.320871353149414,18.27961060234884,0.9587392491994251
1551,17.31109619140625,18.27961060234884,0.9685144109425892
1552,17.197847366333008,18.27961060234884,1.0817632360158314
1553,17.145872116088867,18.27961060234884,1.133738486259972
1554,17.052888870239258,18.27961060234884,1.2267217321095814
1555,17.059803009033203,18.27961060234884,1.219807593315636
1556,16.9219970703125,18.27961060234884,1.3576135320363392
1557,16.956090927124023,18.27961060234884,1.3235196752248157
1558,16.80898666381836,18.27961060234884,1.4706239385304798
1559,16.8149471282959,18.27961060234884,1.4646634740529407
1560,16.71290397644043,18.27961060234884,1.5667066259084095
1561,16.66998863220215,18.27961060234884,1.6096219701466907
1562,16.576051712036133,18.27961060234884,1.7035588903127064
1563,16.509056091308594,18.27961060234884,1.7705545110402454
1564,16.459941864013672,18.27961060234884,1.8196687383351673
1565,16.405105590820312,18.27961060234884,1.8745050115285267
1566,16.32404327392578,18.27961060234884,1.955567328423058
1567,16.32094383239746,18.27961060234884,1.9586667699513782
1568,16.227006912231445,18.27961060234884,2.052603690117394
1569,21.18802070617676,18.27961060234884,2.908410103827922
1570,21.11101150512696,18.27961060234884,2.831400902778121
1571,21.07381820678711,18.27961060234884,2.79420760443827
1572,20.982027053833008,18.27961060234884,2.7024164514841686
1573,20.943164825439453,18.27961060234884,2.663554223090614
1574,20.899057388305664,18.27961060234884,2.619446785956825
1575,20.780086517333984,18.27961060234884,2.500475914985145
1576,20.78700065612793,18.27961060234884,2.5073900537790905
1577,20.709991455078125,18.27961060234884,2.430380852729286
1578,20.624876022338867,18.27961060234884,2.345265419990028
1579,20.550012588500977,18.27961060234884,2.2704019861521374
1580,20.4927921295166,18.27961060234884,2.2131815271677624
1581,20.42508125305176,18.27961060234884,2.145470650702922
1582,20.35999298095703,18.27961060234884,2.080382378608192
1583,20.279884338378903,18.27961060234884,2.0002737360300635
1584,20.21312713623047,18.27961060234884,1.9335165338816296
1585,20.128965377807617,18.27961060234884,1.849354775458778
1586,20.130157470703125,18.27961060234884,1.8505468683542858
1587,20.00284194946289,18.27961060234884,1.7232313471140515
1588,20.01309394836425,18.27961060234884,1.7334833460154115
1589,19.936084747314453,18.27961060234884,1.656474144965614
1590,19.85001564025879,18.27961060234884,1.57040503790995
1591,19.80900764465332,18.27961060234884,1.5293970423044811
1592,19.72508430480957,18.27961060234884,1.4454737024607311
1593,19.67000961303711,18.27961060234884,1.3903990106882702
1594,19.58894729614257,18.27961060234884,1.3093366937937319
1595,19.52409744262696,18.27961060234884,1.244486840278121
1596,19.44708824157715,18.27961060234884,1.1674776392283093
1597,19.41204071044922,18.27961060234884,1.1324301081003796
1598,19.387006759643555,18.27961060234884,1.1073961572947155
1599,19.24586296081543,18.27961060234884,0.9662523584665905
1600,19.229888916015625,18.27961060234884,0.9502783136667858
1601,19.1800594329834,18.27961060234884,0.9004488306345593
1602,19.1030502319336,18.27961060234884,0.8234396295847617
1603,19.03510093688965,18.27961060234884,0.7554903345408093
1604,18.976926803588867,18.27961060234884,0.697316201240028
1605,18.92304420471192,18.27961060234884,0.643433602363082
1606,18.829822540283203,18.27961060234884,0.550211937934364
1607,18.774986267089844,18.27961060234884,0.4953756647410046
1608,18.769025802612305,18.27961060234884,0.4894152002634655
1609,18.64790916442871,18.27961060234884,0.36829856207987177
1610,18.62502098083496,18.27961060234884,0.34541037848612177
1611,18.56708526611328,18.27961060234884,0.2874746637644421
1612,18.498897552490234,18.27961060234884,0.2192869501413952
1613,18.43404769897461,18.27961060234884,0.1544370966257702
1614,18.34893226623535,18.27961060234884,0.0693216638865124
1615,18.28598976135254,18.27961060234884,0.006379159003699897
1616,18.21613311767578,18.27961060234884,0.06347748467305792
1617,18.201828002929688,18.27961060234884,0.07778259941915167
1618,18.077850341796875,18.27961060234884,0.20176026055196417
1619,18.067121505737305,18.27961060234884,0.21248909661153448
1620,18.0051326751709,18.27961060234884,0.27447792717794073
1621,17.939090728759766,18.27961060234884,0.34051987358907354
1622,17.84205436706543,18.27961060234884,0.4375562352834095
1623,17.81010627746582,18.27961060234884,0.46950432488301885
1624,17.712116241455078,18.27961060234884,0.567494360893761
1625,17.6849365234375,18.27961060234884,0.5946740789113392
1626,17.625093460083008,18.27961060234884,0.6545171422658314
1627,17.599105834960938,18.27961060234884,0.6805047673879017
1628,17.460107803344727,18.27961060234884,0.8195027990041126
1629,17.410993576049805,18.27961060234884,0.8686170262990345
1630,17.334938049316406,18.27961060234884,0.9446725530324329
1631,17.32492446899414,18.27961060234884,0.9546861333546985
1632,17.20881462097168,18.27961060234884,1.0707959813771595
1633,17.217159271240234,18.27961060234884,1.0624513311086048
1634,17.13705062866211,18.27961060234884,1.1425599736867298
1635,17.04692840576172,18.27961060234884,1.2326821965871204
1636,16.978979110717773,18.27961060234884,1.3006314916310657
1637,16.898155212402344,18.27961060234884,1.3814553899464954
1638,16.824960708618164,18.27961060234884,1.454649893730675
1639,16.83497428894043,18.27961060234884,1.4446363134084095
1640,16.692161560058594,18.27961060234884,1.5874490422902454
1641,16.689777374267578,18.27961060234884,1.589833228081261
1642,16.618967056274414,18.27961060234884,1.660643546074425
1643,16.5560245513916,18.27961060234884,1.7235860509572376
1644,16.467809677124023,18.27961060234884,1.8118009252248157
1645,16.398191452026367,18.27961060234884,1.881419150322472
1646,16.33286476135254,18.27961060234884,1.9467458409963
1647,16.25514030456543,18.27961060234884,2.0244702977834095
1648,16.20006561279297,18.27961060234884,2.0795449895558704
1649,21.12007141113281,18.27961060234884,2.84046080878397
1650,21.08097076416016,18.27961060234884,2.8013601618113206
1651,21.070003509521484,18.27961060234884,2.790392907172645
1652,20.960092544555664,18.27961060234884,2.680481942206825
1653,20.93291282653809,18.27961060234884,2.6533022241892503
1654,20.79010009765625,18.27961060234884,2.510489495307411
1655,20.787954330444336,18.27961060234884,2.5083437280954968
1656,20.713090896606445,18.27961060234884,2.433480294257606
1657,20.64180374145508,18.27961060234884,2.3621931391062425
1658,20.580053329467773,18.27961060234884,2.3004427271189343
1659,20.50304412841797,18.27961060234884,2.2234335260691296
1660,20.457029342651367,18.27961060234884,2.177418740302528
1661,20.394086837768555,18.27961060234884,2.1144762354197155
1662,20.31803131103516,18.27961060234884,2.0384207086863206
1663,20.25008201599121,18.27961060234884,1.9704714136423718
1664,20.23506164550781,18.27961060234884,1.9554510431589698
1665,20.164012908935547,18.27961060234884,1.8844023065867077
1666,20.102977752685547,18.27961060234884,1.8233671503367077
1667,20.04003524780273,18.27961060234884,1.7604246454538917
1668,19.967079162597656,18.27961060234884,1.687468560248817
1669,19.91486549377441,18.27961060234884,1.6352548914255713
1670,19.845962524414062,18.27961060234884,1.5663519220652233
1671,19.77801322937012,18.27961060234884,1.4984026270212816
1672,19.779205322265625,18.27961060234884,1.4995947199167858
1673,19.632816314697266,18.27961060234884,1.3532057123484265
1674,19.60611343383789,18.27961060234884,1.3265028314890515
1675,19.55413818359375,18.27961060234884,1.2745275812449108
1676,19.49000358581543,18.27961060234884,1.2103929834665905
1677,19.41990852355957,18.27961060234884,1.1402979212107311
1678,19.36006546020508,18.27961060234884,1.0804548578562425
1679,19.27399635314941,18.27961060234884,0.9943857508005713
1680,19.263029098510746,18.27961060234884,0.9834184961619066
1681,19.14691925048828,18.27961060234884,0.8673086481394421
1682,19.083023071289062,18.27961060234884,0.8034124689402233
1683,19.04606819152832,18.27961060234884,0.7664575891794811
1684,19.0122127532959,18.27961060234884,0.7326021509470593
1685,18.87202262878418,18.27961060234884,0.5924120264353405
1686,18.871068954467773,18.27961060234884,0.5914583521189343
1687,18.79405975341797,18.27961060234884,0.5144491510691296
1688,18.73087882995605,18.27961060234884,0.45126822760721197
1689,18.652915954589844,18.27961060234884,0.3733053522410046
1690,18.576860427856445,18.27961060234884,0.29724982550760615
1691,18.50295066833496,18.27961060234884,0.22334006598612177
1692,18.429994583129883,18.27961060234884,0.15038398078104365
1693,18.36705207824707,18.27961060234884,0.08744147589823115
1694,18.311023712158203,18.27961060234884,0.03141310980936396
1695,18.2490348815918,18.27961060234884,0.030575720757038738
1696,18.232107162475582,18.27961060234884,0.04750343987325678
1697,18.10312271118164,18.27961060234884,0.17648789116719854
1698,18.10002326965332,18.27961060234884,0.17958733269551885
1699,17.97795295715332,18.27961060234884,0.30165764519551885
1700,17.96889305114746,18.27961060234884,0.31071755120137823
1701,17.914772033691406,18.27961060234884,0.3648385686574329
1702,17.86494255065918,18.27961060234884,0.4146680516896595
1703,17.796993255615234,18.27961060234884,0.4826173467336048
1704,17.71688461303711,18.27961060234884,0.5627259893117298
1705,17.644882202148438,18.27961060234884,0.6347284002004017
1706,17.59791374206543,18.27961060234884,0.6816968602834095
1707,17.53520965576172,18.27961060234884,0.7444009465871204
1708,17.522811889648438,18.27961060234884,0.7567987127004017
1709,17.442941665649414,18.27961060234884,0.8366689366994251
1710,17.405033111572266,18.27961060234884,0.8745774907765735
1711,17.234086990356445,18.27961060234884,1.0455236119923939
1712,17.241954803466797,18.27961060234884,1.0376557988820423
1713,17.176151275634766,18.27961060234884,1.1034593267140735
1714,17.077922821044922,18.27961060234884,1.2016877813039173
1715,17.019033432006836,18.27961060234884,1.2605771703420032
1716,16.9370174407959,18.27961060234884,1.3425931615529407
1717,16.893863677978516,18.27961060234884,1.3857469243703235
1718,16.798973083496094,18.27961060234884,1.4806375188527454
1719,16.72506332397461,18.27961060234884,1.5545472783742298
1720,16.72506332397461,18.27961060234884,1.5545472783742298
1721,16.68095588684082,18.27961060234884,1.5986547155080189
1722,16.585826873779297,18.27961060234884,1.6937837285695423
1723,16.514062881469727,18.27961060234884,1.7655477208791126
1724,16.438961029052734,18.27961060234884,1.8406495732961048
1725,16.38197898864746,18.27961060234884,1.8976316137013782
1726,16.34693145751953,18.27961060234884,1.932679144829308
1727,16.247034072875977,18.27961060234884,2.0325765294728626
1728,16.212940216064453,18.27961060234884,2.066670386284386
1729,21.17180824279785,18.27961060234884,2.8921976404490124
1730,21.090030670166016,18.27961060234884,2.8104200678171765
1731,20.999908447265625,18.27961060234884,2.720297844916786
1732,20.94078063964844,18.27961060234884,2.661170037299602
1733,20.88308334350586,18.27961060234884,2.60347274115702
1734,20.81608772277832,18.27961060234884,2.536477120429481
1735,20.74503898620605,18.27961060234884,2.465428383857212
1736,20.68114280700684,18.27961060234884,2.4015322046580003
1737,20.60985565185547,18.27961060234884,2.3302450495066296
1738,20.55692672729492,18.27961060234884,2.277316124946079
1739,20.54405212402344,18.27961060234884,2.264441521674602
1740,20.488977432250977,18.27961060234884,2.2093668299021374
1741,20.390987396240234,18.27961060234884,2.111376793891395
1742,20.327091217041016,18.27961060234884,2.0474806146921765
1743,20.269155502319336,18.27961060234884,1.9895448999704968
1744,20.183086395263672,18.27961060234884,1.9034757929148327
1745,20.11895179748535,18.27961060234884,1.8393411951365124
1746,20.05600929260254,18.27961060234884,1.7763986902537
1747,20.04885673522949,18.27961060234884,1.7692461328806495
1748,19.906044006347656,18.27961060234884,1.626433403998817
1749,19.897937774658203,18.27961060234884,1.618327172309364
1750,19.82879638671875,18.27961060234884,1.5491857843699108
1751,19.752979278564453,18.27961060234884,1.473368676215614
1752,19.685029983520508,18.27961060234884,1.4054193811716686
1753,19.633054733276367,18.27961060234884,1.353444130927528
1754,19.542932510375977,18.27961060234884,1.2633219080271374
1755,19.486188888549805,18.27961060234884,1.2065782862009655
1756,19.440889358520508,18.27961060234884,1.1612787561716686
1757,19.422054290771484,18.27961060234884,1.1424436884226452
1758,19.28901672363281,18.27961060234884,1.0094061212839698
1759,19.29593086242676,18.27961060234884,1.0163202600779222
1760,19.21987533569336,18.27961060234884,0.9402647333445202
1761,19.145965576171875,18.27961060234884,0.8663549738230358
1762,19.060134887695312,18.27961060234884,0.7805242853464733
1763,19.00315284729004,18.27961060234884,0.7235422449411999
1764,18.929004669189453,18.27961060234884,0.649394066840614
1765,18.936872482299805,18.27961060234884,0.6572618799509655
1766,18.815040588378903,18.27961060234884,0.5354299860300635
1767,18.796920776367188,18.27961060234884,0.5173101740183483
1768,18.73993873596192,18.27961060234884,0.460328133613082
1769,18.64194869995117,18.27961060234884,0.36233809760232916
1770,18.60499382019043,18.27961060234884,0.3253832178415905
1771,18.557071685791016,18.27961060234884,0.27746108344217646
1772,18.48387718200684,18.27961060234884,0.20426657965800032
1773,18.40996742248535,18.27961060234884,0.1303568201365124
1774,18.33987236022949,18.27961060234884,0.06026175788064947
1775,18.275022506713867,18.27961060234884,0.004588095634971978
1776,18.18513870239257,18.27961060234884,0.09447189995626815
1777,18.18704605102539,18.27961060234884,0.09256455132344854
1778,18.045902252197266,18.27961060234884,0.23370835015157354
1779,18.043994903564453,18.27961060234884,0.23561569878438604
1780,17.963886260986328,18.27961060234884,0.31572434136251104
1781,17.714977264404297,18.27961060234884,0.5646333379445423
1782,17.64202117919922,18.27961060234884,0.6375894231496204
1783,17.580032348632812,18.27961060234884,0.6995782537160267
1784,17.496109008789062,18.27961060234884,0.7835015935597767
1785,17.431020736694336,18.27961060234884,0.8485898656545032
1786,17.42720603942871,18.27961060234884,0.8524045629201282
1787,17.290830612182617,18.27961060234884,0.988779990166222
1788,17.278194427490234,18.27961060234884,1.0014161748586048
1789,17.225980758666992,18.27961060234884,1.053629843681847
1790,17.152070999145508,18.27961060234884,1.1275396032033314
1791,17.07005500793457,18.27961060234884,1.2095555944142689
1792,17.010927200317383,18.27961060234884,1.2686834020314564
1793,16.94202423095703,18.27961060234884,1.337586371391808
1794,16.86382293701172,18.27961060234884,1.4157876653371204
1795,16.826868057250977,18.27961060234884,1.4527425450978626
1796,16.742944717407227,18.27961060234884,1.5366658849416126
1797,16.691923141479492,18.27961060234884,1.587687460869347
1798,16.66712760925293,18.27961060234884,1.6124829930959095
1799,16.52693748474121,18.27961060234884,1.7526731176076282
1800,16.534090042114258,18.27961060234884,1.7455205602345814
1801,16.455888748168945,18.27961060234884,1.8237218541798939
1802,16.383886337280273,18.27961060234884,1.8957242650685657
1803,16.32213592529297,18.27961060234884,1.9574746770558704
1804,16.246795654296875,18.27961060234884,2.032814948051964
1805,16.25514030456543,18.27961060234884,2.0244702977834095
1806,21.149873733520508,18.27961060234884,2.8702631311716686
1807,21.08120918273925,18.27961060234884,2.8015985803904115
1808,21.034955978393555,18.27961060234884,2.7553453760447155
1809,20.944833755493164,18.27961060234884,2.665223153144325
1810,20.87998390197754,18.27961060234884,2.6003732996287
1811,20.81513404846192,18.27961060234884,2.535523446113082
1812,20.74193954467773,18.27961060234884,2.4623289423288917
1813,20.69306373596192,18.27961060234884,2.413453133613082
1814,20.60699462890625,18.27961060234884,2.327384026557411
1815,20.64204216003418,18.27961060234884,2.3624315576853405
1816,20.487070083618164,18.27961060234884,2.207459481269325
1817,20.49803733825684,18.27961060234884,2.2184267359080003
1818,20.374059677124023,18.27961060234884,2.0944490747751843
1819,20.358800888061523,18.27961060234884,2.0791902857126843
1820,20.28417587280273,18.27961060234884,2.0045652704538917
1821,20.19786834716797,18.27961060234884,1.9182577448191296
1822,20.125865936279297,18.27961060234884,1.8462553339304577
1823,20.04694938659668,18.27961060234884,1.7673387842478405
1824,19.9880599975586,18.27961060234884,1.7084493952097617
1825,19.944190979003903,18.27961060234884,1.6645803766550635
1826,19.87481117248535,18.27961060234884,1.5952005701365124
1827,19.85812187194824,18.27961060234884,1.5785112695993995
1828,19.781827926635746,18.27961060234884,1.5022173242869066
1829,19.711971282958984,18.27961060234884,1.4323606806101452
1830,19.59991455078125,18.27961060234884,1.3203039484324108
1831,19.58489418029785,18.27961060234884,1.3052835779490124
1832,19.5310115814209,18.27961060234884,1.2514009790720593
1833,19.45209503173828,18.27961060234884,1.172484429389442
1834,19.366979598999023,18.27961060234884,1.0873689966501843
1835,19.288063049316406,18.27961060234884,1.008452446967567
1836,19.22082901000977,18.27961060234884,0.94121840766093
1837,19.15597915649414,18.27961060234884,0.8763685541453015
1838,19.0730094909668,18.27961060234884,0.7933988886179613
1839,19.065141677856445,18.27961060234884,0.7855310755076061
1840,18.927812576293945,18.27961060234884,0.6482019739451061
1841,18.959999084472656,18.27961060234884,0.6803884821238171
1842,18.802165985107425,18.27961060234884,0.5225553827585863
1843,18.811941146850582,18.27961060234884,0.5323305445017432
1844,18.73707771301269,18.27961060234884,0.4574671106638526
1845,18.68295669555664,18.27961060234884,0.40334609320780146
1846,18.604040145874023,18.27961060234884,0.32442954352518427
1847,18.535852432250977,18.27961060234884,0.2562418299021374
1848,18.48602294921875,18.27961060234884,0.20641234686991083
1849,18.435001373291016,18.27961060234884,0.15539077094217646
1850,18.383026123046875,18.27961060234884,0.10341552069803583
1851,18.294095993041992,18.27961060234884,0.014485390693153022
1852,18.219947814941406,18.27961060234884,0.059662787407432916
1853,18.188953399658203,18.27961060234884,0.09065720269063604
1854,18.13197135925293,18.27961060234884,0.14763924309590948
1855,18.045902252197266,18.27961060234884,0.23370835015157354
1856,17.980098724365234,18.27961060234884,0.2995118779836048
1857,17.901182174682617,18.27961060234884,0.378428427666222
1858,17.921924591064453,18.27961060234884,0.35768601128438604
1859,17.79913902282715,18.27961060234884,0.48047157952169073
1860,17.781972885131836,18.27961060234884,0.49763771721700323
1861,17.705917358398438,18.27961060234884,0.5736932439504017
1862,17.6849365234375,18.27961060234884,0.5946740789113392
1863,17.47298240661621,18.27961060234884,0.8066281957326282
1864,17.503023147583008,18.27961060234884,0.7765874547658314
1865,17.45891571044922,18.27961060234884,0.8206948918996204
1866,17.366886138916016,18.27961060234884,0.9127244634328235
1867,17.30799674987793,18.27961060234884,0.9716138524709095
1868,17.27294921875,18.27961060234884,1.0066613835988392
1869,17.188072204589844,18.27961060234884,1.0915383977589954
1870,17.14301109313965,18.27961060234884,1.1365995092091907
1871,17.042875289916992,18.27961060234884,1.236735312431847
1872,16.98589324951172,18.27961060234884,1.2937173528371204
1873,16.9069766998291,18.27961060234884,1.3726339025197376
1874,16.894102096557617,18.27961060234884,1.385508505791222
1875,16.8149471282959,18.27961060234884,1.4646634740529407
1876,16.746997833251953,18.27961060234884,1.532612769096886
1877,16.6928768157959,18.27961060234884,1.5867337865529407
1878,16.629934310913086,18.27961060234884,1.6496762914357532
1879,16.594886779785156,18.27961060234884,1.684723822563683
1880,16.51906967163086,18.27961060234884,1.7605409307179798
1881,16.433000564575195,18.27961060234884,1.8466100377736439
1882,16.38197898864746,18.27961060234884,1.8976316137013782
1883,16.30687713623047,18.27961060234884,1.9727334661183704
1884,16.267061233520508,18.27961060234884,2.0125493688283314
1885,21.17705345153809,18.27961060234884,2.8974428491892503
1886,21.14295959472656,18.27961060234884,2.86334899237772
1887,21.088123321533203,18.27961060234884,2.808512719184364
1888,21.00396156311035,18.27961060234884,2.7243509607615124
1889,20.93386650085449,18.27961060234884,2.6542558985056495
1890,20.89095115661621,18.27961060234884,2.6113405542673718
1891,20.784854888916016,18.27961060234884,2.5052442865671765
1892,20.788908004760746,18.27961060234884,2.5092974024119066
1893,20.647048950195312,18.27961060234884,2.3674383478464733
1894,20.642995834350582,18.27961060234884,2.363385232001743
1895,20.56097984313965,18.27961060234884,2.2813692407908093
1896,20.471811294555664,18.27961060234884,2.192200692206825
1897,20.40910720825196,18.27961060234884,2.129496605903121
1898,20.36404609680176,18.27961060234884,2.084435494452922
1899,20.272016525268555,18.27961060234884,1.9924059229197155
1900,20.205974578857425,18.27961060234884,1.9263639765085863
1901,20.210981369018555,18.27961060234884,1.9313707666697155
1902,20.14899253845215,18.27961060234884,1.8693819361033093
1903,20.083904266357425,18.27961060234884,1.8042936640085863
1904,20.01786231994629,18.27961060234884,1.73825171759745
1905,19.937992095947266,18.27961060234884,1.6583814935984265
1906,19.88697052001953,18.27961060234884,1.607359917670692
1907,19.815921783447266,18.27961060234884,1.5363111810984265
1908,19.73104476928711,18.27961060234884,1.4514341669382702
1909,19.66094970703125,18.27961060234884,1.3813391046824108
1910,19.60301399230957,18.27961060234884,1.3234033899607311
1911,19.55509185791016,18.27961060234884,1.2754812555613206
1912,19.46091651916504,18.27961060234884,1.1813059168162
1913,19.484996795654297,18.27961060234884,1.2053861933054577
1914,19.34504508972168,18.27961060234884,1.0654344873728405
1915,19.34504508972168,18.27961060234884,1.0654344873728405
1916,19.269943237304688,18.27961060234884,0.9903326349558483
1917,19.199848175048828,18.27961060234884,0.920237572699989
1918,19.1340446472168,18.27961060234884,0.8544340448679613
1919,19.06108856201172,18.27961060234884,0.7814779596628796
1920,18.989086151123047,18.27961060234884,0.7094755487742077
1921,18.91708374023437,18.27961060234884,0.6374731378855323
1922,18.864870071411133,18.27961060234884,0.5852594690622936
1923,18.85294914245605,18.27961060234884,0.573338540107212
1924,18.70894432067871,18.27961060234884,0.42933371832987177
1925,18.756866455078125,18.27961060234884,0.47725585272928583
1926,18.5849666595459,18.27961060234884,0.30535605719705927
1927,18.58997344970703,18.27961060234884,0.3103628473581921
1928,18.533945083618164,18.27961060234884,0.2543344812693249
1929,18.437862396240234,18.27961060234884,0.1582517938913952
1930,18.35799217224121,18.27961060234884,0.07838156989237177
1931,18.311023712158203,18.27961060234884,0.03141310980936396
1932,18.23115348815918,18.27961060234884,0.04845711418965948
1933,18.1570053100586,18.27961060234884,0.12260529229023831
1934,18.08500289916992,18.27961060234884,0.19460770317892084
1935,18.10002326965332,18.27961060234884,0.17958733269551885
1936,17.987966537475586,18.27961060234884,0.29164406487325323
1937,17.951011657714844,18.27961060234884,0.3285989446339954
1938,17.88187026977539,18.27961060234884,0.39774033257344854
1939,17.886877059936523,18.27961060234884,0.39273354241231573
1940,17.750024795532227,18.27961060234884,0.5295858068166126
1941,17.74001121520996,18.27961060234884,0.5395993871388782
1942,17.630815505981445,18.27961060234884,0.6487950963673939
1943,17.599821090698242,18.27961060234884,0.679789511650597
1944,17.524003982543945,18.27961060234884,0.7556066198048939
1945,17.47298240661621,18.27961060234884,0.8066281957326282
1946,17.401933670043945,18.27961060234884,0.8776769323048939
1947,17.343997955322266,18.27961060234884,0.9356126470265735
1948,17.25316047668457,18.27961060234884,1.0264501256642689
1949,17.258167266845703,18.27961060234884,1.021443335503136
1950,17.127037048339844,18.27961060234884,1.1525735540089954
1951,17.122983932495117,18.27961060234884,1.156626669853722
1952,16.99995994567871,18.27961060234884,1.2796506566701282
1953,16.978025436401367,18.27961060234884,1.301585165947472
1954,16.911983489990234,18.27961060234884,1.3676271123586048
1955,16.848087310791016,18.27961060234884,1.4315232915578235
1956,16.77989959716797,18.27961060234884,1.4997110051808704
1957,16.69907569885254,18.27961060234884,1.5805349034963
1958,16.644001007080078,18.27961060234884,1.635609595268761
1959,16.61396026611328,18.27961060234884,1.665650336235558
1960,16.50691032409668,18.27961060234884,1.7727002782521595
1961,16.435861587524414,18.27961060234884,1.843749014824425
1962,16.40605926513672,18.27961060234884,1.8735513372121204
1963,16.381025314331055,18.27961060234884,1.8985852880177845
1964,16.235828399658203,18.27961060234884,2.043782202690636
1965,16.219139099121094,18.27961060234884,2.0604715032277454
1966,21.61407470703125,18.27961060234884,3.334464104682411
1967,21.07691764831543,18.27961060234884,2.7973070459665905
1968,21.06618881225586,18.27961060234884,2.78657820990702
1969,20.956993103027344,18.27961060234884,2.6773825006785046
1970,20.941972732543945,18.27961060234884,2.662362130195106
1971,20.884037017822266,18.27961060234884,2.6044264154734265
1972,20.795106887817383,18.27961060234884,2.5154962854685436
1973,20.73192596435547,18.27961060234884,2.4523153620066296
1974,20.66516876220703,18.27961060234884,2.385558159858192
1975,20.60508728027344,18.27961060234884,2.325476677924602
1976,20.53189277648925,18.27961060234884,2.2522821741404115
1977,20.463943481445312,18.27961060234884,2.1843328790964733
1978,20.4470157623291,18.27961060234884,2.1674051599802624
1979,20.30611038208008,18.27961060234884,2.0264997797312425
1980,20.31588554382324,18.27961060234884,2.0362749414743995
1981,20.24507522583008,18.27961060234884,1.9654646234812425
1982,20.17998695373535,18.27961060234884,1.9003763513865124
1983,20.05290985107422,18.27961060234884,1.7732992487253796
1984,20.05219459533692,18.27961060234884,1.772583992988082
1985,19.98186111450196,18.27961060234884,1.702250512153121
1986,19.886016845703125,18.27961060234884,1.6064062433542858
1987,19.84882354736328,18.27961060234884,1.569212945014442
1988,19.77086067199707,18.27961060234884,1.4912500696482311
1989,19.714832305908203,18.27961060234884,1.435221703559364
1990,19.661903381347656,18.27961060234884,1.382292778998817
1991,19.575119018554688,18.27961060234884,1.2955084162058483
1992,19.57082748413086,18.27961060234884,1.2912168817820202
1993,19.4699764251709,18.27961060234884,1.1903658228220593
1994,19.443988800048828,18.27961060234884,1.164378197699989
1995,19.3789005279541,18.27961060234884,1.0992899256052624
1996,19.294023513793945,18.27961060234884,1.0144129114451061
1997,19.244909286499023,18.27961060234884,0.9652986841501843
1998,19.1497802734375,18.27961060234884,0.8701696710886608
1999,19.06991004943848,18.27961060234884,0.790299447089641
2000,19.00506019592285,18.27961060234884,0.7254495935740124
2001,18.936872482299805,18.27961060234884,0.6572618799509655
2002,18.88608932495117,18.27961060234884,0.6064787226023292
2003,18.834829330444336,18.27961060234884,0.5552187280954968
2004,18.79811286926269,18.27961060234884,0.5185022669138526
2005,18.689870834350582,18.27961060234884,0.4102602320017432
2006,18.66698265075684,18.27961060234884,0.3873720484080003
2007,18.576860427856445,18.27961060234884,0.29724982550760615
2008,18.53203773498535,18.27961060234884,0.2524271326365124
2009,18.47696304321289,18.27961060234884,0.19735244086405146
2010,18.420934677124023,18.27961060234884,0.14132407477518427
2011,18.346071243286133,18.27961060234884,0.06646064093729365
2012,18.290996551513672,18.27961060234884,0.01138594916483271
2013,18.22090148925781,18.27961060234884,0.05870911309103022
2014,18.132925033569336,18.27961060234884,0.14668556877950323
2015,18.076181411743164,18.27961060234884,0.2034291906056751
2016,18.064022064208984,18.27961060234884,0.2155885381398548
2017,17.937183380126953,18.27961060234884,0.34242722222188604
2018,17.90595054626465,18.27961060234884,0.37366005608419073
2019,17.849206924438477,18.27961060234884,0.4304036779103626
2020,17.778873443603516,18.27961060234884,0.5007371587453235
2021,17.714977264404297,18.27961060234884,0.5646333379445423
2022,17.633914947509766,18.27961060234884,0.6456956548390735
2023,17.564058303833008,18.27961060234884,0.7155522985158314
2024,17.494916915893555,18.27961060234884,0.7846936864552845
2025,17.46201515197754,18.27961060234884,0.8175954503713001
2026,17.368078231811523,18.27961060234884,0.9115323705373157
2027,17.293930053710938,18.27961060234884,0.9856805486379017
2028,17.31705665588379,18.27961060234884,0.9625539464650501
2029,17.169952392578125,18.27961060234884,1.1096582097707142
2030,17.210960388183594,18.27961060234884,1.0686502141652454
2031,17.095088958740234,18.27961060234884,1.1845216436086048
2032,17.06218719482422,18.27961060234884,1.2174234075246204
2033,16.993999481201172,18.27961060234884,1.2856111211476673
2034,16.90387725830078,18.27961060234884,1.375733344048058
2035,16.87312126159668,18.27961060234884,1.4064893407521595
2036,16.775846481323242,18.27961060234884,1.503764121025597
2037,16.722917556762695,18.27961060234884,1.5566930455861439
2038,16.64590835571289,18.27961060234884,1.6337022466359485
2039,16.58010482788086,18.27961060234884,1.6995057744679798
2040,16.51597023010254,18.27961060234884,1.7636403722463
2041,16.44301414489746,18.27961060234884,1.8365964574513782
2042,16.438007354736328,18.27961060234884,1.841603247612511
2043,16.30401611328125,18.27961060234884,1.9755944890675892
2044,16.296863555908203,18.27961060234884,1.982747046440636
2045,16.236066818237305,18.27961060234884,2.0435437841115345
2046,21.136999130249023,18.27961060234884,2.8573885279001843
2047,21.095991134643555,18.27961060234884,2.8163805322947155
2048,21.02804183959961,18.27961060234884,2.74843123725077
2049,21.030902862548828,18.27961060234884,2.751292260199989
2050,20.9500789642334,18.27961060234884,2.6704683618845593
2051,20.87688446044922,18.27961060234884,2.5972738581003796
2052,20.80917358398437,18.27961060234884,2.5295629816355323
2053,20.7369327545166,18.27961060234884,2.4573221521677624
2054,20.637035369873047,18.27961060234884,2.3574247675242077
2055,20.60103416442871,18.27961060234884,2.3214235620798718
2056,20.53213119506836,18.27961060234884,2.25252059271952
2057,20.43700218200684,18.27961060234884,2.1573915796580003
2058,20.389080047607425,18.27961060234884,2.1094694452585863
2059,20.336151123046875,18.27961060234884,2.056540520698036
2060,20.242929458618164,18.27961060234884,1.963318856269325
2061,20.24197578430176,18.27961060234884,1.9623651819529222
2062,20.10202407836914,18.27961060234884,1.8224134760203015
2063,20.092010498046875,18.27961060234884,1.8123998956980358
2064,20.00904083251953,18.27961060234884,1.729430230170692
2065,19.9580192565918,18.27961060234884,1.6784086542429613
2066,19.8659896850586,18.27961060234884,1.5863790827097617
2067,19.805908203125,18.27961060234884,1.5262976007761608
2068,19.74415779113769,18.27961060234884,1.4645471887888526
2069,19.6990966796875,18.27961060234884,1.4194860773386608
2070,19.65785026550293,18.27961060234884,1.3782396631540905
2071,19.5620059967041,18.27961060234884,1.2823953943552624
2072,19.48714256286621,18.27961060234884,1.2075319605173718
2073,19.489049911499023,18.27961060234884,1.2094393091501843
2074,19.34599876403809,18.27961060234884,1.0663881616892503
2075,19.340038299560547,18.27961060234884,1.0604276972117077
2076,19.27018165588379,18.27961060234884,0.9905710535349499
2077,19.17695999145508,18.27961060234884,0.8973493891062425
2078,19.14191246032715,18.27961060234884,0.8623018579783093
2079,19.0889835357666,18.27961060234884,0.8093729334177624
2080,19.00911331176757,18.27961060234884,0.7295027094187319
2081,18.894195556640625,18.27961060234884,0.6145849542917858
2082,18.85199546813965,18.27961060234884,0.5723848657908093
2083,18.83387565612793,18.27961060234884,0.5542650537790905
2084,18.68915557861328,18.27961060234884,0.4095449762644421
2085,18.692970275878903,18.27961060234884,0.41335967353006353
2086,18.64218711853028,18.27961060234884,0.3625765161814414
2087,18.57209205627441,18.27961060234884,0.29248145392557134
2088,18.509864807128903,18.27961060234884,0.23025420478006353
2089,18.44000816345215,18.27961060234884,0.16039756110330927
2090,18.36800575256348,18.27961060234884,0.08839515021464095
2091,18.280982971191406,18.27961060234884,0.0013723688425670844
2092,18.269062042236328,18.27961060234884,0.01054856011251104
2093,18.197059631347656,18.27961060234884,0.08255097100118292
2094,18.129825592041016,18.27961060234884,0.14978501030782354
2095,18.057823181152344,18.27961060234884,0.22178742119649542
2096,17.976045608520508,18.27961060234884,0.30356499382833135
2097,17.910003662109375,18.27961060234884,0.36960694023946417
2098,17.8220272064209,18.27961060234884,0.45758339592794073
2099,17.779827117919922,18.27961060234884,0.4997834844289173
2100,17.729997634887695,18.27961060234884,0.5496129674611439
2101,17.682790756225586,18.27961060234884,0.5968198461232532
2102,17.59791374206543,18.27961060234884,0.6816968602834095
2103,17.496824264526367,18.27961060234884,0.782786337822472
2104,17.5020694732666,18.27961060234884,0.7775411290822376
2105,17.41814613342285,18.27961060234884,0.8614644689259876
2106,17.396926879882812,18.27961060234884,0.8826837224660267
2107,17.264127731323242,18.27961060234884,1.015482871025597
2108,17.253875732421875,18.27961060234884,1.0257348699269642
2109,17.171859741210938,18.27961060234884,1.1077508611379017
2110,17.116785049438477,18.27961060234884,1.1628255529103626
2111,17.045021057128906,18.27961060234884,1.234589545219933
2112,16.989946365356445,18.27961060234884,1.2896642369923939
2113,16.889095306396484,18.27961060234884,1.3905152959523548
2114,16.828060150146484,18.27961060234884,1.4515504522023548
2115,16.755104064941406,18.27961060234884,1.524506537407433
2116,16.746997833251953,18.27961060234884,1.532612769096886
2117,16.621112823486328,18.27961060234884,1.658497778862511
2118,16.6318416595459,18.27961060234884,1.6477689428029407
2119,16.531944274902344,18.27961060234884,1.7476663274464954
2120,16.471147537231445,18.27961060234884,1.8084630651173939
2121,16.394853591918945,18.27961060234884,1.8847570104298939
2122,16.336917877197266,18.27961060234884,1.9426927251515735
2123,16.26420021057129,18.27961060234884,2.01541039177755
2124,16.19696617126465,18.27961060234884,2.0826444310841907
2125,21.131038665771484,18.27961060234884,2.851428063422645
2126,21.11983299255371,18.27961060234884,2.8402223902048718
2127,20.984888076782227,18.27961060234884,2.7052774744333874
2128,20.99394798278809,18.27961060234884,2.7143373804392503
2129,20.854949951171875,18.27961060234884,2.575339348823036
2130,20.86496353149414,18.27961060234884,2.5853529291453015
2131,20.802021026611328,18.27961060234884,2.522410424262489
2132,20.725011825561523,18.27961060234884,2.4454012232126843
2133,20.64204216003418,18.27961060234884,2.3624315576853405
2134,20.57790756225586,18.27961060234884,2.29829695990702
2135,20.50495147705078,18.27961060234884,2.225340874701942
2136,20.47896385192871,18.27961060234884,2.1993532495798718
2137,20.355939865112305,18.27961060234884,2.0763292627634655
2138,20.325899124145508,18.27961060234884,2.0462885217966686
2139,20.24698257446289,18.27961060234884,1.9673719721140515
2140,20.24507522583008,18.27961060234884,1.9654646234812425
2141,20.16997337341309,18.27961060234884,1.8903627710642503
2142,20.09797096252441,18.27961060234884,1.8183603601755713
2143,20.04098892211914,18.27961060234884,1.7613783197703015
2144,19.99092102050781,18.27961060234884,1.7113104181589698
2145,19.95110511779785,18.27961060234884,1.6714945154490124
2146,19.819021224975582,18.27961060234884,1.5394106226267432
2147,19.81806755065918,18.27961060234884,1.5384569483103405
2148,19.742965698242188,18.27961060234884,1.4633550958933483
2149,19.681930541992188,18.27961060234884,1.4023199396433483
2150,19.56796646118164,18.27961060234884,1.2883558588328015
2151,19.55103874206543,18.27961060234884,1.2714281397165905
2152,19.49596405029297,18.27961060234884,1.2163534479441296
2153,19.40393447875977,18.27961060234884,1.12432387641093
2154,19.3471908569336,18.27961060234884,1.0675802545847617
2155,19.26708221435547,18.27961060234884,0.9874716120066296
2156,19.20318603515625,18.27961060234884,0.9235754328074108
2157,19.137859344482425,18.27961060234884,0.8582487421335863
2158,19.079923629760746,18.27961060234884,0.8003130274119066
2159,19.06299591064453,18.27961060234884,0.7833853082956921
2160,18.945932388305664,18.27961060234884,0.6663217859568249
2161,18.91684532165528,18.27961060234884,0.6372347193064414
2162,18.863201141357425,18.27961060234884,0.5835905390085863
2163,18.78690719604492,18.27961060234884,0.5072965936960792
2164,18.722057342529297,18.27961060234884,0.4424467401804577
2165,18.657922744750977,18.27961060234884,0.3783121424021374
2166,18.592119216918945,18.27961060234884,0.31250861457010615
2167,18.5089111328125,18.27961060234884,0.22930053046366083
2168,18.45002174377441,18.27961060234884,0.17041114142557134
2169,18.39804649353028,18.27961060234884,0.11843589118144138
2170,18.32103729248047,18.27961060234884,0.041426690131629584
2171,18.34893226623535,18.27961060234884,0.0693216638865124
2172,18.213987350463867,18.27961060234884,0.06562325188497198
2173,18.2180404663086,18.27961060234884,0.06157013604023831
2174,18.13197135925293,18.27961060234884,0.14763924309590948
2175,18.04494857788086,18.27961060234884,0.2346620244679798
2176,17.979860305786133,18.27961060234884,0.29975029656270635
2177,17.9288387298584,18.27961060234884,0.35077187249044073
2178,17.841815948486328,18.27961060234884,0.43779465386251104
2179,17.79007911682129,18.27961060234884,0.4895314855275501
2180,17.73214340209961,18.27961060234884,0.5474672002492298
2181,17.702102661132812,18.27961060234884,0.5775079412160267
2182,17.574071884155273,18.27961060234884,0.7055387181935657
2183,17.555952072143555,18.27961060234884,0.7236585302052845
2184,17.513036727905273,18.27961060234884,0.7665738744435657
2185,17.421960830688477,18.27961060234884,0.8576497716603626
2186,17.354965209960938,18.27961060234884,0.9246453923879017
2187,17.275094985961914,18.27961060234884,1.004515616386925
2188,17.20595359802246,18.27961060234884,1.0736570043263782
2189,17.184972763061523,18.27961060234884,1.0946378392873157
2190,17.116069793701172,18.27961060234884,1.1635408086476673
2191,17.03619956970215,18.27961060234884,1.2434110326466907
2192,16.95990562438965,18.27961060234884,1.3197049779591907
2193,16.958951950073242,18.27961060234884,1.320658652275597
2194,16.827106475830078,18.27961060234884,1.452504126518761
2195,16.826868057250977,18.27961060234884,1.4527425450978626
2196,16.75105094909668,18.27961060234884,1.5285596532521595
2197,16.662120819091797,18.27961060234884,1.6174897832570423
2198,16.60609245300293,18.27961060234884,1.6735181493459095
2199,16.54982566833496,18.27961060234884,1.7297849340138782
2200,16.48712158203125,18.27961060234884,1.7924890203175892
2201,16.41106605529785,18.27961060234884,1.8685445470509876
2202,16.343116760253906,18.27961060234884,1.936493842094933
2203,16.285181045532227,18.27961060234884,1.9944295568166126
2204,16.2200927734375,18.27961060234884,2.059517828911339
2205,21.17705345153809,18.27961060234884,2.8974428491892503
2206,21.10791206359864,18.27961060234884,2.8283014612498008
2207,21.041154861450195,18.27961060234884,2.761544259101356
2208,20.968914031982425,18.27961060234884,2.6893034296335863
2209,20.901918411254883,18.27961060234884,2.6223078089060436
2210,20.889997482299805,18.27961060234884,2.6103868799509655
2211,20.756006240844727,18.27961060234884,2.4763956384958874
2212,20.780086517333984,18.27961060234884,2.500475914985145
2213,20.667076110839844,18.27961060234884,2.3874655084910046
2214,20.607948303222656,18.27961060234884,2.328337700873817
2215,20.57504653930664,18.27961060234884,2.2954359369578015
2216,20.505189895629883,18.27961060234884,2.2255792932810436
2217,20.416975021362305,18.27961060234884,2.1373644190134655
2218,20.35999298095703,18.27961060234884,2.080382378608192
2219,20.267963409423828,18.27961060234884,1.988352807074989
2220,20.21312713623047,18.27961060234884,1.9335165338816296
2221,20.13707160949707,18.27961060234884,1.8574610071482311
2222,20.11299133300781,18.27961060234884,1.8333807306589698
2223,20.00594139099121,18.27961060234884,1.7263307886423718
2224,20.004987716674805,18.27961060234884,1.7253771143259655
2225,19.942045211791992,18.27961060234884,1.662434609443153
2226,19.85692977905273,18.27961060234884,1.5773191767038917
2227,19.784927368164062,18.27961060234884,1.5053167658152233
2228,19.722938537597656,18.27961060234884,1.443327935248817
2229,19.66094970703125,18.27961060234884,1.3813391046824108
2230,19.6688175201416,18.27961060234884,1.3892069177927624
2231,19.522905349731445,18.27961060234884,1.2432947473826061
2232,19.54197883605957,18.27961060234884,1.2623682337107311
2233,19.449949264526367,18.27961060234884,1.170338662177528
2234,19.40202713012696,18.27961060234884,1.122416527778121
2235,19.30785179138184,18.27961060234884,1.0282411890330003
2236,19.24896240234375,18.27961060234884,0.9693517999949108
2237,19.19388771057129,18.27961060234884,0.9142771082224499
2238,19.093036651611328,18.27961060234884,0.813426049262489
2239,19.04296875,18.27961060234884,0.7633581476511608
2240,19.0420150756836,18.27961060234884,0.7624044733347617
2241,18.91303062438965,18.27961060234884,0.6334200220408093
2242,18.88608932495117,18.27961060234884,0.6064787226023292
2243,18.809080123901367,18.27961060234884,0.529469521552528
2244,18.72897148132324,18.27961060234884,0.44936087897439947
2245,18.688201904296875,18.27961060234884,0.40859130194803583
2246,18.613815307617188,18.27961060234884,0.33420470526834833
2247,18.53489875793457,18.27961060234884,0.25528815558573115
2248,18.539905548095703,18.27961060234884,0.26029494574686396
2249,18.39494705200196,18.27961060234884,0.11533644965312106
2250,18.40686798095703,18.27961060234884,0.12725737860819208
2251,18.40400695800781,18.27961060234884,0.12439635565896978
2252,18.27692985534668,18.27961060234884,0.002680747002159478
2253,18.22519302368164,18.27961060234884,0.05441757866719854
2254,18.1269645690918,18.27961060234884,0.15264603325703874
2255,18.05996894836425,18.27961060234884,0.21964165398458846
2256,17.982006072998047,18.27961060234884,0.2976045293507923
2257,17.9140567779541,18.27961060234884,0.3655538243947376
2258,17.838001251220703,18.27961060234884,0.44160935112813604
2259,17.771005630493164,18.27961060234884,0.5086049718556751
2260,17.718076705932617,18.27961060234884,0.561533896416222
2261,17.625093460083008,18.27961060234884,0.6545171422658314
2262,17.66490936279297,18.27961060234884,0.6147012395558704
2263,17.537832260131836,18.27961060234884,0.7417783422170032
2264,17.550945281982422,18.27961060234884,0.7286653203664173
2265,17.466068267822266,18.27961060234884,0.8135423345265735
2266,17.40407943725586,18.27961060234884,0.8755311650929798
2267,17.332077026367188,18.27961060234884,0.9475335759816517
2268,17.262935638427734,18.27961060234884,1.0166749639211048
2269,17.203092575073242,18.27961060234884,1.076518027275597
2270,17.119884490966797,18.27961060234884,1.1597261113820423
2271,17.082929611206055,18.27961060234884,1.1966809911427845
2272,17.063140869140625,18.27961060234884,1.2164697332082142
2273,16.91293716430664,18.27961060234884,1.3666734380421985
2274,16.90220832824707,18.27961060234884,1.3774022741017689
2275,16.836881637573242,18.27961060234884,1.442728964775597
2276,16.78609848022461,18.27961060234884,1.4935121221242298
2277,16.724824905395508,18.27961060234884,1.5547856969533314
2278,16.638994216918945,18.27961060234884,1.6406163854298939
2279,16.57390594482422,18.27961060234884,1.7057046575246204
2280,16.53599739074707,18.27961060234884,1.7436132116017689
2281,16.484975814819336,18.27961060234884,1.7946347875295032
2282,16.381025314331055,18.27961060234884,1.8985852880177845
2283,16.373157501220703,18.27961060234884,1.906453101128136
2284,16.28899574279785,18.27961060234884,1.9906148595509876
2285,16.228914260864258,18.27961060234884,2.0506963414845814
2286,21.14105224609375,18.27961060234884,2.861441643744911
2287,21.07787132263184,18.27961060234884,2.7982607202830003
2288,20.997047424316406,18.27961060234884,2.717436821967567
2289,20.92790603637696,18.27961060234884,2.648295434028121
2290,20.86877822875977,18.27961060234884,2.58916762641093
2291,20.848989486694336,18.27961060234884,2.5693788843454968
2292,20.71690559387207,18.27961060234884,2.437294991523231
2293,20.72405815124512,18.27961060234884,2.4444475488962816
2294,20.642995834350582,18.27961060234884,2.363385232001743
2295,20.56002616882324,18.27961060234884,2.2804155664743995
2296,20.46513557434082,18.27961060234884,2.185524971991981
2297,20.43390274047852,18.27961060234884,2.15429213812968
2298,20.396947860717773,18.27961060234884,2.1173372583689343
2299,20.29204368591309,18.27961060234884,2.0124330835642503
2300,20.277023315429688,18.27961060234884,1.9974127130808483
2301,20.205020904541016,18.27961060234884,1.9254103021921765
2302,20.11299133300781,18.27961060234884,1.8333807306589698
2303,20.13111114501953,18.27961060234884,1.851500542670692
2304,19.984006881713867,18.27961060234884,1.704396279365028
2305,19.97709274291992,18.27961060234884,1.6974821405710792
2306,19.91605758666992,18.27961060234884,1.6364469843210792
2307,19.84214782714844,18.27961060234884,1.5625372247996019
2308,19.75703239440918,18.27961060234884,1.4774217920603405
2309,19.696950912475582,18.27961060234884,1.4173403101267432
2310,19.61588859558105,18.27961060234884,1.336277993232212
2311,19.546031951904297,18.27961060234884,1.2664213495554577
2312,19.50693130493164,18.27961060234884,1.2273207025828015
2313,19.442081451416016,18.27961060234884,1.1624708490671765
2314,19.353151321411133,18.27961060234884,1.0735407190622936
2315,19.37198638916016,18.27961060234884,1.0923757868113206
2316,19.22607421875,18.27961060234884,0.9464636164011608
2317,19.160032272338867,18.27961060234884,0.880421669990028
2318,19.09995079040528,18.27961060234884,0.8203401880564414
2319,19.112110137939453,18.27961060234884,0.832499535590614
2320,18.983125686645508,18.27961060234884,0.7035150842966686
2321,18.97597312927246,18.27961060234884,0.6963625269236218
2322,18.85104179382324,18.27961060234884,0.5714311914743995
2323,18.841981887817383,18.27961060234884,0.5623712854685436
2324,18.759965896606445,18.27961060234884,0.48035529425760615
2325,18.719911575317383,18.27961060234884,0.44030097296854365
2326,18.661975860595703,18.27961060234884,0.38236525824686396
2327,18.566131591796875,18.27961060234884,0.28652098944803583
2328,18.51987838745117,18.27961060234884,0.24026778510232916
2329,18.439054489135746,18.27961060234884,0.15944388678690657
2330,18.379926681518555,18.27961060234884,0.10031607916971552
2331,18.301963806152344,18.27961060234884,0.022353203803504584
2332,18.290996551513672,18.27961060234884,0.01138594916483271
2333,18.198013305664062,18.27961060234884,0.08159729668477667
2334,18.168926239013672,18.27961060234884,0.11068436333516729
2335,18.102169036865234,18.27961060234884,0.1774415654836048
2336,18.052101135253903,18.27961060234884,0.22750946709493647
2337,17.956972122192383,18.27961060234884,0.32263848015645635
2338,17.89689064025879,18.27961060234884,0.3827199620900501
2339,17.844200134277344,18.27961060234884,0.4354104680714954
2340,17.832040786743164,18.27961060234884,0.4475698156056751
2341,17.686128616333008,18.27961060234884,0.5934819860158314
2342,17.6999568939209,18.27961060234884,0.5796537084279407
2343,17.62700080871582,18.27961060234884,0.6526097936330189
2344,17.544984817504883,18.27961060234884,0.7346257848439564
2345,17.467975616455078,18.27961060234884,0.811634985893761
2346,17.418861389160156,18.27961060234884,0.8607492131886829
2347,17.338037490844727,18.27961060234884,0.9415731115041126
2348,17.27008819580078,18.27961060234884,1.009522406548058
2349,17.203807830810547,18.27961060234884,1.0758027715382923
2350,17.213106155395508,18.27961060234884,1.0665044469533314
2351,17.069101333618164,18.27961060234884,1.210509268730675
2352,17.047882080078125,18.27961060234884,1.2317285222707142
2353,17.004013061523438,18.27961060234884,1.2755975408254017
2354,16.946077346801758,18.27961060234884,1.3335332555470814
2355,16.876935958862305,18.27961060234884,1.4026746434865345
2356,16.803979873657227,18.27961060234884,1.4756307286916126
2357,16.744136810302734,18.27961060234884,1.5354737920461048
2358,16.649961471557617,18.27961060234884,1.629649130791222
2359,16.605138778686523,18.27961060234884,1.6744718236623157
2360,16.540050506591797,18.27961060234884,1.7395600957570423
2361,16.490936279296875,18.27961060234884,1.7886743230519642
2362,16.47806167602539,18.27961060234884,1.8015489263234485
2363,16.332149505615234,18.27961060234884,1.9474610967336048
2364,16.33477210998535,18.27961060234884,1.9448384923634876
2365,16.256093978881836,18.27961060234884,2.0235166234670032
2366,16.21103286743164,18.27961060234884,2.0685777349171985
2367,21.100997924804688,18.27961060234884,2.8213873224558483
2368,21.0418701171875,18.27961060234884,2.762259514838661
2369,20.962953567504883,18.27961060234884,2.6833429651560436
2370,20.949840545654297,18.27961060234884,2.6702299433054577
2371,20.80297470092773,18.27961060234884,2.5233640985788917
2372,20.82085609436035,18.27961060234884,2.5412454920115124
2373,20.756959915161133,18.27961060234884,2.4773493128122936
2374,20.702123641967773,18.27961060234884,2.4225130396189343
2375,20.64204216003418,18.27961060234884,2.3624315576853405
2376,20.552873611450195,18.27961060234884,2.273263009101356
2377,20.48015594482422,18.27961060234884,2.2005453424753796
2378,20.43890953063965,18.27961060234884,2.1592989282908093
2379,20.4160213470459,18.27961060234884,2.1364107446970593
2380,20.267963409423828,18.27961060234884,1.988352807074989
2381,20.25914192199707,18.27961060234884,1.9795313196482311
2382,20.19691467285156,18.27961060234884,1.9173040705027198
2383,20.117998123168945,18.27961060234884,1.8383875208201061
2384,20.04694938659668,18.27961060234884,1.7673387842478405
2385,19.97208595275879,18.27961060234884,1.69247535040995
2386,19.88697052001953,18.27961060234884,1.607359917670692
2387,19.844770431518555,18.27961060234884,1.5651598291697155
2388,19.776105880737305,18.27961060234884,1.4964952783884655
2389,19.779205322265625,18.27961060234884,1.4995947199167858
2390,19.635915756225582,18.27961060234884,1.3563051538767432
2391,19.572973251342773,18.27961060234884,1.2933626489939343
2392,19.52195167541504,18.27961060234884,1.2423410730662
2393,19.514083862304688,18.27961060234884,1.2344732599558483
2394,19.36483383178711,18.27961060234884,1.0852232294382702
2395,19.35410499572754,18.27961060234884,1.0744943933787
2396,19.28901672363281,18.27961060234884,1.0094061212839698
2397,19.22297477722168,18.27961060234884,0.9433641748728405
2398,19.142866134643555,18.27961060234884,0.8632555322947155
2399,19.07801628112793,18.27961060234884,0.7984056787790905
2400,19.002914428710938,18.27961060234884,0.7233038263620983
2401,18.998146057128903,18.27961060234884,0.7185354547800635
2402,18.876075744628903,18.27961060234884,0.5964651422800635
2403,18.891096115112305,18.27961060234884,0.6114855127634655
2404,18.796205520629883,18.27961060234884,0.5165949182810436
2405,18.719911575317383,18.27961060234884,0.44030097296854365
2406,18.661022186279297,18.27961060234884,0.3814115839304577
2407,18.57805252075196,18.27961060234884,0.29844191840312106
2408,18.49818229675293,18.27961060234884,0.21857169440409052
2409,18.44000816345215,18.27961060234884,0.16039756110330927
2410,18.39995384216309,18.27961060234884,0.12034323981425032
2411,18.30601692199707,18.27961060234884,0.026406319648231147
2412,18.24307441711425,18.27961060234884,0.03653618523458846
2413,18.22781562805176,18.27961060234884,0.0517949742970778
2414,18.110990524291992,18.27961060234884,0.16862007805684698
2415,18.04804801940918,18.27961060234884,0.23156258293965948
2416,17.99917221069336,18.27961060234884,0.2804383916554798
2417,17.99488067626953,18.27961060234884,0.2847299260793079
2418,17.850875854492188,18.27961060234884,0.42873474785665167
2419,17.867088317871094,18.27961060234884,0.4125222844777454
2420,17.766952514648438,18.27961060234884,0.5126580877004017
2421,17.71688461303711,18.27961060234884,0.5627259893117298
2422,17.69709587097168,18.27961060234884,0.5825147313771595
2423,17.57192611694336,18.27961060234884,0.7076844854054798
2424,17.534971237182617,18.27961060234884,0.744639365166222
2425,17.472028732299805,18.27961060234884,0.8075818700490345
2426,17.379045486450195,18.27961060234884,0.9005651158986439
2427,17.309904098510742,18.27961060234884,0.969706503838097
2428,17.25006103515625,18.27961060234884,1.0295495671925892
2429,17.25482940673828,18.27961060234884,1.024781195610558
2430,17.1051025390625,18.27961060234884,1.1745080632863392
2431,17.109155654907227,18.27961060234884,1.1704549474416126
2432,17.054080963134766,18.27961060234884,1.2255296392140735
2433,16.96300506591797,18.27961060234884,1.3166055364308704
2434,16.89910888671875,18.27961060234884,1.3805017156300892
2435,16.82591438293457,18.27961060234884,1.4536962194142689
2436,16.772031784057617,18.27961060234884,1.507578818291222
2437,16.672849655151367,18.27961060234884,1.606760947197472
2438,16.679048538208008,18.27961060234884,1.6005620641408314
2439,16.579866409301758,18.27961060234884,1.6997441930470814
2440,16.50094985961914,18.27961060234884,1.7786607427296985
2441,16.49785041809082,18.27961060234884,1.7817601842580189
2442,16.35909080505371,18.27961060234884,1.9205197972951282
2443,16.35003089904785,18.27961060234884,1.9295797033009876
2444,16.29185676574707,18.27961060234884,1.9877538366017689
2445,16.201019287109375,18.27961060234884,2.078591315239464
2446,21.183013916015625,18.27961060234884,2.903403313666786
2447,21.061182022094727,18.27961060234884,2.7815714197458874
2448,21.04783058166504,18.27961060234884,2.7682199793162
2449,20.960092544555664,18.27961060234884,2.680481942206825
2450,20.907878875732425,18.27961060234884,2.6282682733835863
2451,20.832061767578125,18.27961060234884,2.552451165229286
2452,20.84183692932129,18.27961060234884,2.56222632697245
2453,20.721912384033203,18.27961060234884,2.442301781684364
2454,20.6599235534668,18.27961060234884,2.3803129511179613
2455,20.55692672729492,18.27961060234884,2.277316124946079
2456,20.49899101257324,18.27961060234884,2.2193804102243995
2457,20.43795585632324,18.27961060234884,2.1583452539743995
2458,20.42698860168457,18.27961060234884,2.147377999335731
2459,20.294904708862305,18.27961060234884,2.0152941065134655
2460,20.28489112854004,18.27961060234884,2.0052805261912
2461,20.20096778869629,18.27961060234884,1.92135718634745
2462,20.106077194213867,18.27961060234884,1.826466591865028
2463,20.05600929260254,18.27961060234884,1.7763986902537
2464,19.97590065002441,18.27961060234884,1.6962900476755713
2465,19.93107795715332,18.27961060234884,1.6514673548044811
2466,19.92106437683105,18.27961060234884,1.641453774482212
2467,19.819974899291992,18.27961060234884,1.540364296943153
2468,19.78588104248047,18.27961060234884,1.5062704401316296
2469,19.72222328186035,18.27961060234884,1.4426126795115124
2470,19.669055938720703,18.27961060234884,1.389445336371864
2471,19.501209259033203,18.27961060234884,1.221598656684364
2472,19.498825073242188,18.27961060234884,1.2192144708933483
2473,19.46401596069336,18.27961060234884,1.1844053583445202
2474,19.38319206237793,18.27961060234884,1.1035814600290905
2475,19.29306983947754,18.27961060234884,1.0134592371287
2476,19.237041473388672,18.27961060234884,0.9574308710398327
2477,19.16098594665528,18.27961060234884,0.8813753443064414
2478,19.16193962097168,18.27961060234884,0.8823290186228405
2479,19.03319358825684,18.27961060234884,0.7535829859080003
2480,19.026994705200195,18.27961060234884,0.7473841028513561
2481,18.94092559814453,18.27961060234884,0.6613149957956921
2482,18.86582374572754,18.27961060234884,0.5862131433786999
2483,18.82290840148925,18.27961060234884,0.5432977991404115
2484,18.774986267089844,18.27961060234884,0.4953756647410046
2485,18.68915557861328,18.27961060234884,0.4095449762644421
2486,18.63598823547364,18.27961060234884,0.35637763312480075
2487,18.566131591796875,18.27961060234884,0.28652098944803583
2488,18.48483085632324,18.27961060234884,0.20522025397439947
2489,18.42808723449707,18.27961060234884,0.14847663214823115
2490,18.344879150390625,18.27961060234884,0.06526854804178583
2491,18.275022506713867,18.27961060234884,0.004588095634971978
2492,18.27001571655273,18.27961060234884,0.009594885796108343
2493,18.13006401062012,18.27961060234884,0.14954659172871843
2494,18.110990524291992,18.27961060234884,0.16862007805684698
2495,18.06902885437012,18.27961060234884,0.21058174797871843
2496,17.979860305786133,18.27961060234884,0.29975029656270635
2497,17.898082733154297,18.27961060234884,0.3815278691945423
2498,17.843961715698242,18.27961060234884,0.435648886650597
2499,17.76909828186035,18.27961060234884,0.5105123204884876
2500,17.73810386657715,18.27961060234884,0.5415067357716907
2501,17.64392852783203,18.27961060234884,0.6356820745168079
2502,17.672061920166016,18.27961060234884,0.6075486821828235
2503,17.510175704956055,18.27961060234884,0.7694348973927845
2504,17.51995086669922,18.27961060234884,0.7596597356496204
2505,17.452001571655273,18.27961060234884,0.8276090306935657
2506,17.380952835083008,18.27961060234884,0.8986577672658314
2507,17.318010330200195,18.27961060234884,0.9616002721486439
2508,17.24410057067871,18.27961060234884,1.0355100316701282
2509,17.160892486572266,18.27961060234884,1.1187181157765735
2510,17.100095748901367,18.27961060234884,1.179514853447472
2511,17.030954360961914,18.27961060234884,1.248656241386925
2512,16.95990562438965,18.27961060234884,1.3197049779591907
2513,16.915082931518555,18.27961060234884,1.3645276708302845
2514,16.83807373046875,18.27961060234884,1.4415368718800892
2515,16.75891876220703,18.27961060234884,1.520691840141808
2516,16.70694351196289,18.27961060234884,1.5726670903859485
2517,16.628026962280273,18.27961060234884,1.6515836400685657
2518,16.566038131713867,18.27961060234884,1.713572470634972
2519,16.511917114257812,18.27961060234884,1.7676934880910267
2520,16.50404930114746,18.27961060234884,1.7755613012013782
2521,16.430139541625977,18.27961060234884,1.8494710607228626
2522,16.366004943847656,18.27961060234884,1.913605658501183
2523,16.30091667175293,18.27961060234884,1.9786939305959095
2524,16.230106353759766,18.27961060234884,2.0495042485890735
2525,21.23594284057617,18.27961060234884,2.956332238227329
2526,21.129131317138672,18.27961060234884,2.8495207147898327
2527,21.08287811279297,18.27961060234884,2.8032675104441296
2528,21.00491523742676,18.27961060234884,2.725304635077922
2529,20.93291282653809,18.27961060234884,2.6533022241892503
2530,20.85399627685547,18.27961060234884,2.5743856745066296
2531,20.788908004760746,18.27961060234884,2.5092974024119066
2532,20.726919174194336,18.27961060234884,2.4473085718454968
2533,20.71499824523925,18.27961060234884,2.4353876428904115
2534,20.60198783874512,18.27961060234884,2.3223772363962816
2535,20.50614356994629,18.27961060234884,2.22653296759745
2536,20.468950271606445,18.27961060234884,2.189339669257606
2537,20.46489715576172,18.27961060234884,2.1852865534128796
2538,20.394086837768555,18.27961060234884,2.1144762354197155
2539,20.309925079345703,18.27961060234884,2.030314476996864
2540,20.270109176635746,18.27961060234884,1.9904985742869066
2541,20.20192146301269,18.27961060234884,1.9223108606638526
2542,20.11299133300781,18.27961060234884,1.8333807306589698
2543,20.04289627075196,18.27961060234884,1.763285668403121
2544,19.97900009155273,18.27961060234884,1.6993894892038917
2545,19.891977310180664,18.27961060234884,1.612366707831825
2546,19.845008850097656,18.27961060234884,1.565398247748817
2547,19.83499526977539,18.27961060234884,1.5553846674265515
2548,19.69289779663086,18.27961060234884,1.4132871942820202
2549,19.678831100463867,18.27961060234884,1.399220498115028
2550,19.59991455078125,18.27961060234884,1.3203039484324108
2551,19.537925720214844,18.27961060234884,1.2583151178660046
2552,19.48094367980957,18.27961060234884,1.2013330774607311
2553,19.40488815307617,18.27961060234884,1.1252775507273292
2554,19.3479061126709,18.27961060234884,1.0682955103220593
2555,19.27018165588379,18.27961060234884,0.9905710535349499
2556,19.214868545532227,18.27961060234884,0.9352579431833874
2557,19.12689208984375,18.27961060234884,0.8472814874949108
2558,19.078969955444336,18.27961060234884,0.7993593530954968
2559,19.07610893249512,18.27961060234884,0.7964983301462816
2560,18.922090530395508,18.27961060234884,0.6424799280466686
2561,18.935203552246094,18.27961060234884,0.6555929498972546
2562,18.86296272277832,18.27961060234884,0.5833521204294811
2563,18.821001052856445,18.27961060234884,0.5413904505076061
2564,18.76306533813477,18.27961060234884,0.48345473578593
2565,18.681049346923828,18.27961060234884,0.40143874457498896
2566,18.60189437866211,18.27961060234884,0.3222837763132702
2567,18.54085922241211,18.27961060234884,0.2612486200632702
2568,18.46599578857422,18.27961060234884,0.18638518622537958
2569,18.4171199798584,18.27961060234884,0.13750937750955927
2570,18.41592788696289,18.27961060234884,0.13631728461405146
2571,18.28908920288086,18.27961060234884,0.00947860053202021
2572,18.2950496673584,18.27961060234884,0.015439065009559272
2573,18.227100372314453,18.27961060234884,0.05251023003438604
2574,18.156051635742188,18.27961060234884,0.12355896660665167
2575,18.08309555053711,18.27961060234884,0.1965150518117298
2576,18.014907836914062,18.27961060234884,0.26470276543477667
2577,17.928123474121094,18.27961060234884,0.3514871282277454
2578,17.84491539001465,18.27961060234884,0.43469521233419073
2579,17.78697967529297,18.27961060234884,0.4926309270558704
2580,17.758846282958984,18.27961060234884,0.5207643193898548
2581,17.652034759521484,18.27961060234884,0.6275758428273548
2582,17.63606071472168,18.27961060234884,0.6435498876271595
2583,17.56000518798828,18.27961060234884,0.7196054143605579
2584,17.51112937927246,18.27961060234884,0.7684812230763782
2585,17.46201515197754,18.27961060234884,0.8175954503713001
2586,17.384052276611328,18.27961060234884,0.895558325737511
2587,17.323970794677734,18.27961060234884,0.9556398076711048
2588,17.234086990356445,18.27961060234884,1.0455236119923939
2589,17.16303825378418,18.27961060234884,1.1165723485646595
2590,17.083168029785156,18.27961060234884,1.196442572563683
2591,17.004013061523438,18.27961060234884,1.2755975408254017
2592,17.0290470123291,18.27961060234884,1.2505635900197376
2593,16.885042190551758,18.27961060234884,1.3945684117970814
2594,16.889095306396484,18.27961060234884,1.3905152959523548
2595,16.80302619934082,18.27961060234884,1.4765844030080189
2596,16.749143600463867,18.27961060234884,1.530467001884972
2597,16.664981842041016,18.27961060234884,1.6146287603078235
2598,16.61086082458496,18.27961060234884,1.6687497777638782
2599,16.546964645385742,18.27961060234884,1.732645956963097
2600,16.464948654174805,18.27961060234884,1.8146619481740345
2601,16.389131546020508,18.27961060234884,1.8904790563283314
2602,16.337156295776367,18.27961060234884,1.942454306572472
2603,16.264915466308594,18.27961060234884,2.0146951360402454
2604,16.251087188720703,18.27961060234884,2.028523413628136
2605,21.17490768432617,18.27961060234884,2.895297081977329
2606,21.107196807861328,18.27961060234884,2.827586205512489
2607,21.014928817749023,18.27961060234884,2.7353182154001843
2608,20.94697952270508,18.27961060234884,2.6673689203562425
2609,20.87998390197754,18.27961060234884,2.6003732996287
2610,20.86806297302246,18.27961060234884,2.5884523706736218
2611,20.74503898620605,18.27961060234884,2.465428383857212
2612,20.72596549987793,18.27961060234884,2.4463548975290905
2613,20.65300941467285,18.27961060234884,2.3733988123240124
2614,20.5988883972168,18.27961060234884,2.3192777948679613
2615,20.557880401611328,18.27961060234884,2.278269799262489
2616,20.46704292297364,18.27961060234884,2.1874323206248008
2617,20.39623260498047,18.27961060234884,2.1166220026316296
2618,20.328998565673828,18.27961060234884,2.049387963324989
2619,20.333051681518555,18.27961060234884,2.0534410791697155
2620,20.23482322692871,18.27961060234884,1.9552126245798718
2621,20.17092704772949,18.27961060234884,1.8913164453806495
2622,20.10703086853028,18.27961060234884,1.8274202661814414
2623,20.03788948059082,18.27961060234884,1.7582788782419811
2624,19.964933395385746,18.27961060234884,1.6853227930369066
2625,19.889116287231445,18.27961060234884,1.6095056848826061
2626,19.81806755065918,18.27961060234884,1.5384569483103405
2627,19.82998847961425,18.27961060234884,1.5503778772654115
2628,19.67692375183105,18.27961060234884,1.397313149482212
2629,19.68312263488769,18.27961060234884,1.4035120325388526
2630,19.61588859558105,18.27961060234884,1.336277993232212
2631,19.54507827758789,18.27961060234884,1.2654676752390515
2632,19.49310302734375,18.27961060234884,1.2134924249949108
2633,19.41704750061035,18.27961060234884,1.1374368982615124
2634,19.32692527770996,18.27961060234884,1.0473146753611218
2635,19.270896911621094,18.27961060234884,0.9912863092722546
2636,19.20604705810547,18.27961060234884,0.9264364557566296
2637,19.138097763061523,18.27961060234884,0.8584871607126843
2638,19.05488967895508,18.27961060234884,0.7752790766062425
2639,19.064903259277344,18.27961060234884,0.7852926569285046
2640,18.9509391784668,18.27961060234884,0.6713285761179613
2641,18.958091735839844,18.27961060234884,0.6784811334910046
2642,18.85390281677246,18.27961060234884,0.5742922144236218
2643,18.80192756652832,18.27961060234884,0.5223169641794811
2644,18.693923950195312,18.27961060234884,0.41431334784647333
2645,18.637895584106445,18.27961060234884,0.35828498175760615
2646,18.57900619506836,18.27961060234884,0.2993955927195202
2647,18.557071685791016,18.27961060234884,0.27746108344217646
2648,18.42188835144043,18.27961060234884,0.14227774909159052
2649,18.419981002807617,18.27961060234884,0.14037040045877802
2650,18.297910690307617,18.27961060234884,0.018300087958778022
2651,18.342018127441406,18.27961060234884,0.062407525092567084
2652,18.269062042236328,18.27961060234884,0.01054856011251104
2653,18.226146697998047,18.27961060234884,0.05346390435079229
2654,18.1269645690918,18.27961060234884,0.15264603325703874
2655,18.064022064208984,18.27961060234884,0.2155885381398548
2656,17.98105239868164,18.27961060234884,0.29855820366719854
2657,17.935991287231445,18.27961060234884,0.34361931511739385
2658,17.833948135375977,18.27961060234884,0.4456624669728626
2659,17.837047576904297,18.27961060234884,0.4425630254445423
2660,17.68803596496582,18.27961060234884,0.5915746373830189
2661,17.757177352905273,18.27961060234884,0.5224332494435657
2662,17.577171325683594,18.27961060234884,0.7024392766652454
2663,17.575979232788086,18.27961060234884,0.7036313695607532
2664,17.5018310546875,18.27961060234884,0.7777795476613392
2665,17.436981201171875,18.27961060234884,0.8426294011769642
2666,17.354965209960938,18.27961060234884,0.9246453923879017
2667,17.321109771728516,18.27961060234884,0.9585008306203235
2668,17.234086990356445,18.27961060234884,1.0455236119923939
2669,17.22884178161621,18.27961060234884,1.0507688207326282
2670,17.111778259277344,18.27961060234884,1.1678323430714954
2671,17.071008682250977,18.27961060234884,1.2086019200978626
2672,16.969919204711914,18.27961060234884,1.309691397636925
2673,16.987085342407227,18.27961060234884,1.2925252599416126
2674,16.842126846313477,18.27961060234884,1.4374837560353626
2675,16.835927963256836,18.27961060234884,1.4436826390920032
2676,16.777992248535156,18.27961060234884,1.501618353813683
2677,16.71910285949707,18.27961060234884,1.5605077428517689
2678,16.63804054260254,18.27961060234884,1.6415700597463
2679,16.57891273498535,18.27961060234884,1.7006978673634876
2680,16.479969024658203,18.27961060234884,1.799641577690636
2681,16.433000564575195,18.27961060234884,1.8466100377736439
2682,16.3419246673584,18.27961060234884,1.9376859349904407
2683,16.284942626953125,18.27961060234884,1.9946679753957142
2684,16.24298095703125,18.27961060234884,2.036629645317589
2685,21.20089530944824,18.27961060234884,2.9212847070993995
2686,21.11506462097168,18.27961060234884,2.8354540186228405
2687,21.028995513916016,18.27961060234884,2.7493849115671765
2688,20.99299430847168,18.27961060234884,2.7133837061228405
2689,20.90287208557129,18.27961060234884,2.62326148322245
2690,20.91193199157715,18.27961060234884,2.6323213892283093
2691,20.765066146850582,18.27961060234884,2.485455544501743
2692,20.751953125,18.27961060234884,2.472342522651161
2693,20.685911178588867,18.27961060234884,2.406300576240028
2694,20.60699462890625,18.27961060234884,2.327384026557411
2695,20.55597305297852,18.27961060234884,2.27636245062968
2696,20.457983016967773,18.27961060234884,2.1783724146189343
2697,20.399808883666992,18.27961060234884,2.120198281318153
2698,20.34211158752441,18.27961060234884,2.0625009851755713
2699,20.28512954711914,18.27961060234884,2.0055189447703015
2700,20.261049270629883,18.27961060234884,1.9814386682810436
2701,20.143985748291016,18.27961060234884,1.8643751459421765
2702,20.15089988708496,18.27961060234884,1.8712892847361218
2703,20.055055618286133,18.27961060234884,1.7754450159372936
2704,19.98519897460937,18.27961060234884,1.7055883722605323
2705,19.91796493530273,18.27961060234884,1.6383543329538917
2706,19.847869873046875,18.27961060234884,1.5682592706980358
2707,19.76490020751953,18.27961060234884,1.485289605170692
2708,19.75703239440918,18.27961060234884,1.4774217920603405
2709,19.61898803710937,18.27961060234884,1.3393774347605323
2710,19.61803436279297,18.27961060234884,1.3384237604441296
2711,19.538164138793945,18.27961060234884,1.2585535364451061
2712,19.46902275085449,18.27961060234884,1.1894121485056495
2713,19.39105987548828,18.27961060234884,1.111449273139442
2714,19.362211227416992,18.27961060234884,1.082600625068153
2715,19.25015449523925,18.27961060234884,0.9705438928904115
2716,19.174814224243164,18.27961060234884,0.8952036218943249
2717,19.116878509521484,18.27961060234884,0.8372679071726452
2718,19.111156463623047,18.27961060234884,0.8315458612742077
2719,18.97501945495605,18.27961060234884,0.695408852607212
2720,18.98193359375,18.27961060234884,0.7023229914011608
2721,18.893957138061523,18.27961060234884,0.6143465357126843
2722,18.8291072845459,18.27961060234884,0.5494966821970593
2723,18.73016357421875,18.27961060234884,0.45055297186991083
2724,18.696069717407227,18.27961060234884,0.4164591150583874
2725,18.621206283569336,18.27961060234884,0.34159568122049677
2726,18.61500740051269,18.27961060234884,0.3353967981638526
2727,18.484115600585938,18.27961060234884,0.20450499823709833
2728,18.47386360168457,18.27961060234884,0.19425299933573115
2729,18.39900016784668,18.27961060234884,0.11938956549784052
2730,18.339157104492188,18.27961060234884,0.059546502143348334
2731,18.25094223022461,18.27961060234884,0.02866837212422979
2732,18.20993423461914,18.27961060234884,0.06967636772969854
2733,18.131017684936523,18.27961060234884,0.14859291741231573
2734,18.07212829589844,18.27961060234884,0.2074823064503981
2735,17.99297332763672,18.27961060234884,0.2866372747121204
2736,17.92287826538086,18.27961060234884,0.3567323369679798
2737,17.876863479614258,18.27961060234884,0.40274712273458135
2738,17.79794692993164,18.27961060234884,0.48166367241719854
2739,17.732858657836914,18.27961060234884,0.5467519445119251
2740,17.718076705932617,18.27961060234884,0.561533896416222
2741,17.651081085205078,18.27961060234884,0.628529517143761
2742,17.58098602294922,18.27961060234884,0.6986245793996204
2743,17.529964447021484,18.27961060234884,0.7496461553273548
2744,17.4560546875,18.27961060234884,0.8235559148488392
2745,17.399072647094727,18.27961060234884,0.8805379552541126
2746,17.323970794677734,18.27961060234884,0.9556398076711048
2747,17.239809036254883,18.27961060234884,1.0398015660939564
2748,17.182111740112305,18.27961060234884,1.0974988622365345
2749,17.116785049438477,18.27961060234884,1.1628255529103626
2750,17.104148864746094,18.27961060234884,1.1754617376027454
2751,16.965866088867188,18.27961060234884,1.3137445134816517
2752,16.954898834228516,18.27961060234884,1.3247117681203235
2753,16.89887046813965,18.27961060234884,1.3807401342091907
2754,16.80898666381836,18.27961060234884,1.4706239385304798
2755,16.731977462768555,18.27961060234884,1.5476331395802845
2756,16.679048538208008,18.27961060234884,1.6005620641408314
2757,16.59989356994629,18.27961060234884,1.67971703240255
2758,16.531944274902344,18.27961060234884,1.7476663274464954
2759,16.453027725219727,18.27961060234884,1.8265828771291126
2760,16.447067260742188,18.27961060234884,1.8325433416066517
2761,16.305923461914062,18.27961060234884,1.9736871404347767
2762,16.330957412719727,18.27961060234884,1.9486531896291126
2763,16.234159469604492,18.27961060234884,2.045451132744347
2764,21.1789608001709,18.27961060234884,2.8993501978220593
2765,21.1031436920166,18.27961060234884,2.8235330896677624
2766,21.03710174560547,18.27961060234884,2.7574911432566296
2767,21.037817001342773,18.27961060234884,2.7582063989939343
2768,20.90001106262207,18.27961060234884,2.620400460273231
2769,20.888805389404297,18.27961060234884,2.6091947870554577
2770,20.823955535888672,18.27961060234884,2.5443449335398327
2771,20.74885368347168,18.27961060234884,2.4692430811228405
2772,20.70307731628418,18.27961060234884,2.4234667139353405
2773,20.615100860595703,18.27961060234884,2.335490258246864
2774,20.56479454040528,18.27961060234884,2.2851839380564414
2775,20.5080509185791,18.27961060234884,2.2284403162302624
2776,20.44105529785156,18.27961060234884,2.16144469550272
2777,20.427942276000977,18.27961060234884,2.1483316736521374
2778,20.307064056396484,18.27961060234884,2.027453454047645
2779,20.294904708862305,18.27961060234884,2.0152941065134655
2780,20.187854766845703,18.27961060234884,1.908244164496864
2781,20.155906677246094,18.27961060234884,1.8762960748972546
2782,20.086050033569336,18.27961060234884,1.8064394312204968
2783,20.020008087158203,18.27961060234884,1.740397484809364
2784,19.94609832763672,18.27961060234884,1.6664877252878796
2785,19.882917404174805,18.27961060234884,1.6033068018259655
2786,19.79398727416992,18.27961060234884,1.5143766718210792
2787,19.72794532775879,18.27961060234884,1.44833472540995
2788,19.68002319335937,18.27961060234884,1.4004125910105323
2789,19.65212821960449,18.27961060234884,1.3725176172556495
2790,19.5310115814209,18.27961060234884,1.2514009790720593
2791,19.513845443725582,18.27961060234884,1.2342348413767432
2792,19.47212219238281,18.27961060234884,1.1925115900339698
2793,19.389867782592773,18.27961060234884,1.1102571802439343
2794,19.33002471923828,18.27961060234884,1.050414116889442
2795,19.236087799072266,18.27961060234884,0.9564771967234265
2796,19.18983459472656,18.27961060234884,0.9102239923777198
2797,19.114971160888672,18.27961060234884,0.8353605585398327
2798,19.04296875,18.27961060234884,0.7633581476511608
2799,18.986940383911133,18.27961060234884,0.7073297815622936
2800,18.93901824951172,18.27961060234884,0.6594076471628796
2801,18.85914802551269,18.27961060234884,0.5795374231638526
2802,18.78499984741211,18.27961060234884,0.5053892450632702
2803,18.78905296325684,18.27961060234884,0.5094423609080003
2804,18.65696907043457,18.27961060234884,0.37735846808573115
2805,18.687963485717773,18.27961060234884,0.40835288336893427
2806,18.54491233825684,18.27961060234884,0.2653017359080003
2807,18.53489875793457,18.27961060234884,0.25528815558573115
2808,18.44191551208496,18.27961060234884,0.16230490973612177
2809,18.38898658752441,18.27961060234884,0.10937598517557134
2810,18.33200454711914,18.27961060234884,0.05239394477030146
2811,18.254995346069336,18.27961060234884,0.024615256279503228
2812,18.24617385864257,18.27961060234884,0.033436743706268146
2813,18.121957778930664,18.27961060234884,0.1576528234181751
2814,18.124818801879883,18.27961060234884,0.15479180046895635
2815,18.045902252197266,18.27961060234884,0.23370835015157354
2816,17.964839935302734,18.27961060234884,0.3147706670461048
2817,17.726898193359375,18.27961060234884,0.5527124089894642
2818,17.6389217376709,18.27961060234884,0.6406888646779407
2819,17.585039138793945,18.27961060234884,0.6945714635548939
2820,17.518043518066406,18.27961060234884,0.7615670842824329
2821,17.52614974975586,18.27961060234884,0.7534608525929798
2822,17.38715171813965,18.27961060234884,0.8924588842091907
2823,17.382144927978516,18.27961060234884,0.8974656743703235
2824,17.30799674987793,18.27961060234884,0.9716138524709095
2825,17.248153686523438,18.27961060234884,1.0314569158254017
2826,17.18902587890625,18.27961060234884,1.0905847234425892
2827,17.13395118713379,18.27961060234884,1.14565941521505
2828,17.0440673828125,18.27961060234884,1.2355432195363392
2829,17.00115203857422,18.27961060234884,1.2784585637746204
2830,16.93105697631836,18.27961060234884,1.3485536260304798
2831,16.860008239746094,18.27961060234884,1.4196023626027454
2832,16.768217086791992,18.27961060234884,1.511393515556847
2833,16.749858856201172,18.27961060234884,1.5297517461476673
2834,16.628026962280273,18.27961060234884,1.6515836400685657
2835,16.63994789123535,18.27961060234884,1.6396627111134876
2836,16.560077667236328,18.27961060234884,1.719532935112511
2837,16.498088836669922,18.27961060234884,1.7815217656789173
2838,16.42894744873047,18.27961060234884,1.8506631536183704
2839,16.37721061706543,18.27961060234884,1.9023999852834095
2840,16.270875930786133,18.27961060234884,2.0087346715627064
2841,16.206979751586914,18.27961060234884,2.072630850761925
2842,21.18492126464844,18.27961060234884,2.905310662299602
2843,21.162033081054688,18.27961060234884,2.8824224787058483
2844,21.06595039367676,18.27961060234884,2.786339791327922
2845,21.00396156311035,18.27961060234884,2.7243509607615124
2846,20.969867706298828,18.27961060234884,2.690257103949989
2847,20.872116088867188,18.27961060234884,2.5925054865183483
2848,20.746946334838867,18.27961060234884,2.467335732490028
2849,20.756959915161133,18.27961060234884,2.4773493128122936
2850,20.726919174194336,18.27961060234884,2.4473085718454968
2851,20.66206932067871,18.27961060234884,2.3824587183298718
2852,20.56217193603516,18.27961060234884,2.2825613336863206
2853,20.49589157104492,18.27961060234884,2.216280968696079
2854,20.48182487487793,18.27961060234884,2.2022142725290905
2855,20.393848419189453,18.27961060234884,2.114237816840614
2856,20.32399177551269,18.27961060234884,2.0443811731638526
2857,20.266056060791016,18.27961060234884,1.9864454584421765
2858,20.179033279418945,18.27961060234884,1.8994226770701061
2859,20.10798454284668,18.27961060234884,1.8283739404978405
2860,20.03312110900879,18.27961060234884,1.75351050665995
2861,19.964933395385746,18.27961060234884,1.6853227930369066
2862,19.95396614074707,18.27961060234884,1.6743555383982311
2863,19.82712745666504,18.27961060234884,1.5475168543162
2864,19.85001564025879,18.27961060234884,1.57040503790995
2865,19.76323127746582,18.27961060234884,1.4836206751169811
2866,19.687891006469727,18.27961060234884,1.4082804041208874
2867,19.61803436279297,18.27961060234884,1.3384237604441296
2868,19.54483985900879,18.27961060234884,1.26522925665995
2869,19.46687698364257,18.27961060234884,1.1872663812937319
2870,19.395112991333008,18.27961060234884,1.1155023889841686
2871,19.315004348754883,18.27961060234884,1.0353937464060436
2872,19.305944442749023,18.27961060234884,1.0263338404001843
2873,19.175052642822266,18.27961060234884,0.8954420404734265
2874,19.198894500732425,18.27961060234884,0.9192838983835863
2875,19.12379264831543,18.27961060234884,0.8441820459665905
2876,19.04296875,18.27961060234884,0.7633581476511608
2877,18.963098526000977,18.27961060234884,0.6834879236521374
2878,18.896818161010746,18.27961060234884,0.6172075586619066
2879,18.81909370422364,18.27961060234884,0.5394831018748008
2880,18.815994262695312,18.27961060234884,0.5363836603464733
2881,18.687009811401367,18.27961060234884,0.407399209052528
2882,18.715858459472656,18.27961060234884,0.4362478571238171
2883,18.63694190979004,18.27961060234884,0.3573313074411999
2884,18.55087280273437,18.27961060234884,0.2712622003855323
2885,18.48292350769043,18.27961060234884,0.20331290534159052
2886,18.40686798095703,18.27961060234884,0.12725737860819208
2887,18.32795143127441,18.27961060234884,0.048340828925571344
2888,18.241167068481445,18.27961060234884,0.03844353386739385
2889,18.19300651550293,18.27961060234884,0.08660408684590948
2890,18.168926239013672,18.27961060234884,0.11068436333516729
2891,18.030881881713867,18.27961060234884,0.24872872063497198
2892,18.03112030029297,18.27961060234884,0.24849030205587042
2893,17.95506477355957,18.27961060234884,0.32454582878926885
2894,17.87400245666504,18.27961060234884,0.4056081456838001
2895,17.807960510253906,18.27961060234884,0.4716500920949329
2896,17.776012420654297,18.27961060234884,0.5035981816945423
2897,17.70496368408203,18.27961060234884,0.5746469182668079
2898,17.65894889831543,18.27961060234884,0.6206617040334095
2899,17.558813095092773,18.27961060234884,0.7207975072560657
2900,17.50493049621582,18.27961060234884,0.7746801061330189
2901,17.433881759643555,18.27961060234884,0.8457288427052845
2902,17.421960830688477,18.27961060234884,0.8576497716603626
2903,17.29893684387207,18.27961060234884,0.9806737584767689
2904,17.297983169555664,18.27961060234884,0.9816274327931751
2905,17.163991928100586,18.27961060234884,1.1156186742482532
2906,17.16303825378418,18.27961060234884,1.1165723485646595
2907,17.096996307373047,18.27961060234884,1.1826142949757923
2908,17.009973526000977,18.27961060234884,1.2696370763478626
2909,16.94488525390625,18.27961060234884,1.3347253484425892
2910,16.891002655029297,18.27961060234884,1.3886079473195423
2911,16.787052154541016,18.27961060234884,1.4925584478078235
2912,16.72983169555664,18.27961060234884,1.5497789067921985
2913,16.66402816772461,18.27961060234884,1.6155824346242298
2914,16.60299301147461,18.27961060234884,1.6766175908742298
2915,16.555070877075195,18.27961060234884,1.7245397252736439
2916,16.527891159057617,18.27961060234884,1.751719443291222
2917,16.402006149291992,18.27961060234884,1.877604453056847
2918,16.37101173400879,18.27961060234884,1.90859886834005
2919,16.330957412719727,18.27961060234884,1.9486531896291126
2920,16.25514030456543,18.27961060234884,2.0244702977834095
2921,21.24190330505371,18.27961060234884,2.9622927027048718
2922,21.100997924804688,18.27961060234884,2.8213873224558483
2923,21.08001708984375,18.27961060234884,2.800406487494911
2924,20.99394798278809,18.27961060234884,2.7143373804392503
2925,20.92790603637696,18.27961060234884,2.648295434028121
2926,20.83683013916016,18.27961060234884,2.5572195368113206
2927,20.82085609436035,18.27961060234884,2.5412454920115124
2928,20.71499824523925,18.27961060234884,2.4353876428904115
2929,20.65706253051757,18.27961060234884,2.377451928168732
2930,20.57814598083496,18.27961060234884,2.2985353784861218
2931,20.54595947265625,18.27961060234884,2.266348870307411
2932,20.44105529785156,18.27961060234884,2.16144469550272
2933,20.44105529785156,18.27961060234884,2.16144469550272
2934,20.325899124145508,18.27961060234884,2.0462885217966686
2935,20.307064056396484,18.27961060234884,2.027453454047645
2936,20.234107971191406,18.27961060234884,1.954497368842567
2937,20.179033279418945,18.27961060234884,1.8994226770701061
2938,20.10202407836914,18.27961060234884,1.8224134760203015
2939,20.03693580627441,18.27961060234884,1.7573252039255713
2940,19.97590065002441,18.27961060234884,1.6962900476755713
2941,19.884109497070312,18.27961060234884,1.6044988947214733
2942,19.819974899291992,18.27961060234884,1.540364296943153
2943,19.8209285736084,18.27961060234884,1.5413179712595593
2944,19.67906951904297,18.27961060234884,1.3994589166941296
2945,19.694805145263672,18.27961060234884,1.4151945429148327
2946,19.562959671020508,18.27961060234884,1.2833490686716686
2947,19.323110580444336,18.27961060234884,1.0434999780954968
2948,19.243955612182617,18.27961060234884,0.964345009833778
2949,19.18792724609375,18.27961060234884,0.9083166437449108
2950,19.1650390625,18.27961060234884,0.8854284601511608
2951,19.04892921447754,18.27961060234884,0.7693186121286999
2952,19.028902053833008,18.27961060234884,0.7492914514841686
2953,18.95618438720703,18.27961060234884,0.6765737848581921
2954,18.88608932495117,18.27961060234884,0.6064787226023292
2955,18.841028213500977,18.27961060234884,0.5614176111521374
2956,18.783092498779297,18.27961060234884,0.5034818964304577
2957,18.692970275878903,18.27961060234884,0.41335967353006353
2958,18.63884925842285,18.27961060234884,0.3592386560740124
2959,18.568038940429688,18.27961060234884,0.28842833808084833
2960,18.512964248657227,18.27961060234884,0.2333536463083874
2961,18.429994583129883,18.27961060234884,0.15038398078104365
2962,18.36991310119629,18.27961060234884,0.0903024988474499
2963,18.294095993041992,18.27961060234884,0.014485390693153022
2964,18.227100372314453,18.27961060234884,0.05251023003438604
2965,18.157958984375,18.27961060234884,0.12165161797383917
2966,18.14103126525879,18.27961060234884,0.1385793370900501
2967,17.998933792114258,18.27961060234884,0.28067681023458135
2968,18.00394058227539,18.27961060234884,0.27567002007344854
2969,17.945051193237305,18.27961060234884,0.3345594091115345
2970,17.86184310913086,18.27961060234884,0.4177674932179798
2971,17.808914184570312,18.27961060234884,0.47069641777852667
2972,17.777204513549805,18.27961060234884,0.5024060887990345
2973,17.715930938720703,18.27961060234884,0.563679663628136
2974,17.6389217376709,18.27961060234884,0.6406888646779407
2975,17.549991607666016,18.27961060234884,0.7296189946828235
2976,17.498016357421875,18.27961060234884,0.7815942449269642
2977,17.414093017578125,18.27961060234884,0.8655175847707142
2978,17.401933670043945,18.27961060234884,0.8776769323048939
2979,17.26388931274414,18.27961060234884,1.0157212896046985
2980,17.269134521484375,18.27961060234884,1.0104760808644642
2981,17.18616485595703,18.27961060234884,1.093445746391808
2982,17.117023468017578,18.27961060234884,1.162587134331261
2983,17.054080963134766,18.27961060234884,1.2255296392140735
2984,16.99995994567871,18.27961060234884,1.2796506566701282
2985,16.91603660583496,18.27961060234884,1.3635739965138782
2986,16.859054565429688,18.27961060234884,1.4205560369191517
2987,16.78776741027832,18.27961060234884,1.4918431920705189
2988,16.726016998291016,18.27961060234884,1.5535936040578235
2989,16.674041748046875,18.27961060234884,1.6055688543019642
2990,16.65496826171875,18.27961060234884,1.6246423406300892
2991,16.517162322998047,18.27961060234884,1.7624482793507923
2992,16.516923904418945,18.27961060234884,1.7626866979298939
2993,16.459941864013672,18.27961060234884,1.8196687383351673
2994,16.376018524169922,18.27961060234884,1.9035920781789173
2995,16.368865966796875,18.27961060234884,1.9107446355519642
2996,16.24608039855957,18.27961060234884,2.033530203789269
2997,16.185998916625977,18.27961060234884,2.0936116857228626
2998,21.091222763061523,18.27961060234884,2.8116121607126843
2999,21.107196807861328,18.27961060234884,2.827586205512489
3000,21.02088928222656,18.27961060234884,2.74127867987772
3001,20.963191986083984,18.27961060234884,2.683581383735145
3002,20.874977111816406,18.27961060234884,2.595366509467567
3003,20.80297470092773,18.27961060234884,2.5233640985788917
3004,20.728111267089844,18.27961060234884,2.4485006647410046
3005,20.661115646362305,18.27961060234884,2.3815050440134655
3006,20.61295509338379,18.27961060234884,2.33334449103495
3007,20.535945892333984,18.27961060234884,2.256335289985145
3008,20.47204971313477,18.27961060234884,2.19243911078593
3009,20.478010177612305,18.27961060234884,2.1983995752634655
3010,20.334959030151367,18.27961060234884,2.055348427802528
3011,20.331144332885746,18.27961060234884,2.0515337305369066
3012,20.267963409423828,18.27961060234884,1.988352807074989
3013,20.2028751373291,18.27961060234884,1.9232645349802624
3014,20.11895179748535,18.27961060234884,1.8393411951365124
3015,20.04790306091309,18.27961060234884,1.7682924585642503
3016,19.97590065002441,18.27961060234884,1.6962900476755713
3017,19.90318298339844,18.27961060234884,1.6235723810496019
3018,19.84095573425293,18.27961060234884,1.5613451319040905
3019,19.78015899658203,18.27961060234884,1.500548394233192
3020,19.70696449279785,18.27961060234884,1.4273538904490124
3021,19.701004028320312,18.27961060234884,1.4213934259714733
3022,19.565105438232425,18.27961060234884,1.2854948358835863
3023,19.5620059967041,18.27961060234884,1.2823953943552624
3024,19.49095726013184,18.27961060234884,1.2113466577830003
3025,19.42992210388184,18.27961060234884,1.1503115015330003
3026,19.34385299682617,18.27961060234884,1.0642423944773292
3027,19.28496360778809,18.27961060234884,1.0053530054392503
3028,19.22392845153809,18.27961060234884,0.9443178491892503
3029,19.21296119689941,18.27961060234884,0.9333505945505713
3030,19.075870513916016,18.27961060234884,0.7962599115671765
3031,19.07205581665039,18.27961060234884,0.7924452143015515
3032,18.98813247680664,18.27961060234884,0.7085218744578015
3033,18.948793411254883,18.27961060234884,0.6691828089060436
3034,18.848180770874023,18.27961060234884,0.5685701685251843
3035,18.804073333740234,18.27961060234884,0.5244627313913952
3036,18.723011016845703,18.27961060234884,0.44340041449686396
3037,18.6920166015625,18.27961060234884,0.41240599921366083
3038,18.616199493408203,18.27961060234884,0.33658889105936396
3039,18.59307289123535,18.27961060234884,0.3134622888865124
3040,18.497943878173828,18.27961060234884,0.21833327582498896
3041,18.51511001586914,18.27961060234884,0.23549941352030146
3042,18.375873565673828,18.27961060234884,0.09626296332498896
3043,18.37420463562012,18.27961060234884,0.09459403327128157
3044,18.315792083740234,18.27961060234884,0.03618148139139521
3045,18.19896697998047,18.27961060234884,0.08064362236837042
3046,18.15986633300781,18.27961060234884,0.11974426934103022
3047,18.06187629699707,18.27961060234884,0.21773430535176885
3048,18.04494857788086,18.27961060234884,0.2346620244679798
3049,18.004894256591797,18.27961060234884,0.2747163457570423
3050,17.943143844604492,18.27961060234884,0.336466757744347
3051,17.833948135375977,18.27961060234884,0.4456624669728626
3052,17.845869064331055,18.27961060234884,0.4337415380177845
3053,17.679929733276367,18.27961060234884,0.599680869072472
3054,17.71402359008789,18.27961060234884,0.5655870122609485
3055,17.626047134399414,18.27961060234884,0.6535634679494251
3056,17.579078674316406,18.27961060234884,0.7005319280324329
3057,17.467021942138672,18.27961060234884,0.8125886602101673
3058,17.438173294067383,18.27961060234884,0.8414373082814564
3059,17.33112335205078,18.27961060234884,0.9484872502980579
3060,17.367839813232422,18.27961060234884,0.9117707891164173
3061,17.229080200195312,18.27961060234884,1.0505304021535267
3062,17.244815826416016,18.27961060234884,1.0347947759328235
3063,17.14611053466797,18.27961060234884,1.1335000676808704
3064,17.105817794799805,18.27961060234884,1.1737928075490345
3065,17.008066177368164,18.27961060234884,1.271544424980675
3066,16.94798469543457,18.27961060234884,1.3316259069142689
3067,16.91603660583496,18.27961060234884,1.3635739965138782
3068,16.836166381835938,18.27961060234884,1.4434442205129017
3069,16.762971878051758,18.27961060234884,1.5166387242970814
3070,16.671180725097656,18.27961060234884,1.608429877251183
3071,16.620874404907227,18.27961060234884,1.6587361974416126
3072,16.622066497802734,18.27961060234884,1.6575441045461048
3073,16.523122787475586,18.27961060234884,1.7564878148732532
3074,16.484975814819336,18.27961060234884,1.7946347875295032
3075,16.407012939453125,18.27961060234884,1.8725976628957142
3076,16.30997657775879,18.27961060234884,1.96963402459005
3077,16.26300811767578,18.27961060234884,2.016602484673058
3078,16.21103286743164,18.27961060234884,2.0685777349171985
3079,21.13199234008789,18.27961060234884,2.8523817377390515
3080,21.136045455932617,18.27961060234884,2.856434853583778
3081,21.003007888793945,18.27961060234884,2.723397286445106
3082,20.99490165710449,18.27961060234884,2.7152910547556495
3083,20.914077758789062,18.27961060234884,2.6344671564402233
3084,20.82681655883789,18.27961060234884,2.5472059564890515
3085,20.759105682373047,18.27961060234884,2.4794950800242077
3086,20.673036575317383,18.27961060234884,2.3934259729685436
3087,20.60985565185547,18.27961060234884,2.3302450495066296
3088,20.52903175354004,18.27961060234884,2.2494211511912
3089,20.47991752624512,18.27961060234884,2.2003069238962816
3090,20.481109619140625,18.27961060234884,2.201499016791786
3091,20.394086837768555,18.27961060234884,2.1144762354197155
3092,20.334959030151367,18.27961060234884,2.055348427802528
3093,20.28799057006836,18.27961060234884,2.00837996771952
3094,20.22290229797364,18.27961060234884,1.9432916956248008
3095,20.13492584228516,18.27961060234884,1.8553152399363206
3096,20.06983757019043,18.27961060234884,1.7902269678415905
3097,20.068883895874023,18.27961060234884,1.7892732935251843
3098,19.95205879211425,18.27961060234884,1.6724481897654115
3099,19.926071166992188,18.27961060234884,1.6464605646433483
3100,19.82998847961425,18.27961060234884,1.5503778772654115
3101,19.759178161621094,18.27961060234884,1.4795675592722546
3102,19.704818725585938,18.27961060234884,1.4252081232370983
3103,19.625186920166016,18.27961060234884,1.3455763178171765
3104,19.5620059967041,18.27961060234884,1.2823953943552624
3105,19.5608139038086,18.27961060234884,1.2812033014597617
3106,19.41490173339844,18.27961060234884,1.1352911310496019
3107,19.444942474365234,18.27961060234884,1.1653318720163952
3108,19.305944442749023,18.27961060234884,1.0263338404001843
3109,19.2868709564209,18.27961060234884,1.0072603540720593
3110,19.23799514770508,18.27961060234884,0.9583845453562425
3111,19.154071807861328,18.27961060234884,0.874461205512489
3112,19.104957580566406,18.27961060234884,0.8253469782175671
3113,19.0122127532959,18.27961060234884,0.7326021509470593
3114,18.94617080688477,18.27961060234884,0.66656020453593
3115,18.880844116210938,18.27961060234884,0.6012335138620983
3116,18.813133239746094,18.27961060234884,0.5335226373972546
3117,18.811941146850582,18.27961060234884,0.5323305445017432
3118,18.66698265075684,18.27961060234884,0.3873720484080003
3119,18.66388320922852,18.27961060234884,0.38427260687968
3120,18.589019775390625,18.27961060234884,0.30940917304178583
3121,18.538951873779297,18.27961060234884,0.2593412714304577
3122,18.444061279296875,18.27961060234884,0.16445067694803583
3123,18.414974212646484,18.27961060234884,0.1353636102976452
3124,18.375158309936523,18.27961060234884,0.09554770758768427
3125,18.30983161926269,18.27961060234884,0.030221016913852594
3126,18.224000930786133,18.27961060234884,0.05560967156270635
3127,18.157958984375,18.27961060234884,0.12165161797383917
3128,18.10884475708008,18.27961060234884,0.1707658452687575
3129,18.10002326965332,18.27961060234884,0.17958733269551885
3130,17.956018447875977,18.27961060234884,0.3235921544728626
3131,17.96889305114746,18.27961060234884,0.31071755120137823
3132,17.827987670898438,18.27961060234884,0.45162293145040167
3133,17.81606674194336,18.27961060234884,0.4635438604054798
3134,17.760038375854492,18.27961060234884,0.519572226494347
3135,17.688989639282227,18.27961060234884,0.5906209630666126
3136,17.599105834960938,18.27961060234884,0.6805047673879017
3137,17.546892166137695,18.27961060234884,0.7327184362111439
3138,17.474889755249023,18.27961060234884,0.8047208470998157
3139,17.398834228515625,18.27961060234884,0.8807763738332142
3140,17.327070236206055,18.27961060234884,0.9525403661427845
3141,17.324209213256836,18.27961060234884,0.9554013890920032
3142,17.24386215209961,18.27961060234884,1.0357484502492298
3143,17.180919647216797,18.27961060234884,1.0986909551320423
3144,17.138004302978516,18.27961060234884,1.1416062993703235
3145,17.08388328552246,18.27961060234884,1.1957273168263782
3146,17.040014266967773,18.27961060234884,1.2395963353810657
3147,16.91293716430664,18.27961060234884,1.3666734380421985
3148,16.869068145751953,18.27961060234884,1.410542456596886
3149,16.782045364379883,18.27961060234884,1.4975652379689564
3150,16.70694351196289,18.27961060234884,1.5726670903859485
3151,16.64590835571289,18.27961060234884,1.6337022466359485
3152,16.58010482788086,18.27961060234884,1.6995057744679798
3153,16.53885841369629,18.27961060234884,1.74075218865255
3154,16.48402214050293,18.27961060234884,1.7955884618459095
3155,16.464948654174805,18.27961060234884,1.8146619481740345
3156,16.33286476135254,18.27961060234884,1.9467458409963
3157,16.350984573364258,18.27961060234884,1.9286260289845814
3158,16.276836395263672,18.27961060234884,2.0027742070851673
3159,21.17705345153809,18.27961060234884,2.8974428491892503
3160,21.16918563842773,18.27961060234884,2.8895750360788917
3161,21.04711532592773,18.27961060234884,2.7675047235788917
3162,21.029949188232425,18.27961060234884,2.7503385858835863
3163,20.956993103027344,18.27961060234884,2.6773825006785046
3164,20.91193199157715,18.27961060234884,2.6323213892283093
3165,20.81584930419922,18.27961060234884,2.5362387018503796
3166,20.75481414794922,18.27961060234884,2.4752035456003796
3167,20.67899703979492,18.27961060234884,2.399386437446079
3168,20.62702178955078,18.27961060234884,2.347411187201942
3169,20.53999900817871,18.27961060234884,2.2603884058298718
3170,20.49088478088379,18.27961060234884,2.21127417853495
3171,20.416975021362305,18.27961060234884,2.1373644190134655
3172,20.35784721374512,18.27961060234884,2.0782366113962816
3173,20.29609680175781,18.27961060234884,2.01648619940897
3174,20.2939510345459,18.27961060234884,2.0143404321970593
3175,20.142078399658203,18.27961060234884,1.862467797309364
3176,20.13707160949707,18.27961060234884,1.8574610071482311
3177,20.063161849975582,18.27961060234884,1.7835512476267432
3178,19.998788833618164,18.27961060234884,1.719178231269325
3179,19.94013786315918,18.27961060234884,1.6605272608103405
3180,19.88697052001953,18.27961060234884,1.607359917670692
3181,19.80781555175781,18.27961060234884,1.5282049494089698
3182,19.775867462158203,18.27961060234884,1.496256859809364
3183,19.704818725585938,18.27961060234884,1.4252081232370983
3184,19.61302757263184,18.27961060234884,1.3334169702830003
3185,19.55509185791016,18.27961060234884,1.2754812555613206
3186,19.485950469970703,18.27961060234884,1.206339867621864
3187,19.4091796875,18.27961060234884,1.1295690851511608
3188,19.40488815307617,18.27961060234884,1.1252775507273292
3189,19.270896911621094,18.27961060234884,0.9912863092722546
3190,19.2720890045166,18.27961060234884,0.9924784021677624
3191,19.199132919311523,18.27961060234884,0.9195223169626843
3192,19.10996437072754,18.27961060234884,0.8303537683786999
3193,19.062042236328125,18.27961060234884,0.7824316339792858
3194,18.97716522216797,18.27961060234884,0.6975546198191296
3195,18.91207695007324,18.27961060234884,0.6324663477243995
3196,18.84317398071289,18.27961060234884,0.5635633783640515
3197,18.780946731567383,18.27961060234884,0.5013361292185436
3198,18.70298385620117,18.27961060234884,0.42337325385232916
3199,18.64004135131836,18.27961060234884,0.3604307489695202
3200,18.654823303222656,18.27961060234884,0.3752127008738171
3201,18.51201057434082,18.27961060234884,0.23239997199198115
3202,18.48983764648437,18.27961060234884,0.21022704413553228
3203,18.43404769897461,18.27961060234884,0.1544370966257702
3204,18.353939056396484,18.27961060234884,0.07432845404764521
3205,18.27692985534668,18.27961060234884,0.002680747002159478
3206,18.2180404663086,18.27961060234884,0.06157013604023831
3207,18.136978149414062,18.27961060234884,0.14263245293477667
3208,18.080949783325195,18.27961060234884,0.19866081902364385
3209,17.991065979003906,18.27961060234884,0.2885446233449329
3210,17.946958541870117,18.27961060234884,0.332652060478722
3211,17.89712905883789,18.27961060234884,0.38248154351094854
3212,17.89093017578125,18.27961060234884,0.38868042656758917
3213,17.767906188964844,18.27961060234884,0.5117044133839954
3214,17.750978469848633,18.27961060234884,0.5286321325002064
3215,17.663955688476562,18.27961060234884,0.6156549138722767
3216,17.61603355407715,18.27961060234884,0.6635770482716907
3217,17.555952072143555,18.27961060234884,0.7236585302052845
3218,17.48800277709961,18.27961060234884,0.7916078252492298
3219,17.41313934326172,18.27961060234884,0.8664712590871204
3220,17.33994483947754,18.27961060234884,0.9396657628713001
3221,17.24386215209961,18.27961060234884,1.0357484502492298
3222,17.264127731323242,18.27961060234884,1.015482871025597
3223,17.126798629760742,18.27961060234884,1.152811972588097
3224,17.13109016418457,18.27961060234884,1.1485204381642689
3225,17.007112503051758,18.27961060234884,1.2724980992970814
3226,16.994953155517578,18.27961060234884,1.284657446831261
3227,16.923189163208008,18.27961060234884,1.3564214391408314
3228,16.844987869262695,18.27961060234884,1.4346227330861439
3229,16.79205894470215,18.27961060234884,1.4875516576466907
3230,16.715049743652344,18.27961060234884,1.5645608586964954
3231,16.644954681396484,18.27961060234884,1.6346559209523548
3232,16.640186309814453,18.27961060234884,1.639424292534386
3233,16.503095626831055,18.27961060234884,1.7765149755177845
3234,16.499996185302734,18.27961060234884,1.7796144170461048
3235,16.41702651977539,18.27961060234884,1.8625840825734485
3236,16.377925872802734,18.27961060234884,1.9016847295461048
3237,16.283035278320312,18.27961060234884,1.9965753240285267
3238,16.217947006225586,18.27961060234884,2.0616635961232532
3239,21.19588851928711,18.27961060234884,2.91627791693827
3240,21.11196517944336,18.27961060234884,2.83235457709452
3241,21.03400230407715,18.27961060234884,2.7543917017283093
3242,20.953893661499023,18.27961060234884,2.6742830591501843
3243,20.91693878173828,18.27961060234884,2.637328179389442
3244,20.849943161010746,18.27961060234884,2.5703325586619066
3245,20.7819938659668,18.27961060234884,2.5023832636179613
3246,20.760059356689453,18.27961060234884,2.480448754340614
3247,20.68710327148437,18.27961060234884,2.4074926691355323
3248,20.60508728027344,18.27961060234884,2.325476677924602
3249,20.50495147705078,18.27961060234884,2.225340874701942
3250,20.50614356994629,18.27961060234884,2.22653296759745
3251,20.435810089111328,18.27961060234884,2.156199486762489
3252,20.3399658203125,18.27961060234884,2.060355217963661
3253,20.25294303894043,18.27961060234884,1.9733324365915905
3254,20.1718807220459,18.27961060234884,1.8922701196970593
3255,20.164012908935547,18.27961060234884,1.8844023065867077
3256,20.11585235595703,18.27961060234884,1.836241753608192
3257,20.02096176147461,18.27961060234884,1.7413511591257702
3258,19.962072372436523,18.27961060234884,1.6824617700876843
3259,19.8969841003418,18.27961060234884,1.6173734979929613
3260,19.837141036987305,18.27961060234884,1.5575304346384655
3261,19.762039184570312,18.27961060234884,1.4824285822214733
3262,19.697904586791992,18.27961060234884,1.418293984443153
3263,19.68002319335937,18.27961060234884,1.4004125910105323
3264,19.531965255737305,18.27961060234884,1.2523546533884655
3265,19.513845443725582,18.27961060234884,1.2342348413767432
3266,19.42300796508789,18.27961060234884,1.1433973627390515
3267,19.395112991333008,18.27961060234884,1.1155023889841686
3268,19.312143325805664,18.27961060234884,1.032532723456825
3269,19.262075424194336,18.27961060234884,0.9824648218454968
3270,19.18482780456543,18.27961060234884,0.9052172022165905
3271,19.118070602416992,18.27961060234884,0.838460000068153
3272,19.05179023742676,18.27961060234884,0.7721796350779222
3273,18.992900848388672,18.27961060234884,0.7132902460398327
3274,18.91493797302246,18.27961060234884,0.6353273706736218
3275,18.926143646240234,18.27961060234884,0.6465330438913952
3276,18.76711845397949,18.27961060234884,0.48750785163064947
3277,18.70107650756836,18.27961060234884,0.4214659052195202
3278,18.632888793945312,18.27961060234884,0.35327819159647333
3279,18.64409446716309,18.27961060234884,0.3644838648142503
3280,18.503189086914062,18.27961060234884,0.22357848456522333
3281,18.512964248657227,18.27961060234884,0.2333536463083874
3282,18.463134765625,18.27961060234884,0.18352416327616083
3283,18.39900016784668,18.27961060234884,0.11938956549784052
3284,18.373966217041016,18.27961060234884,0.09435561469217646
3285,18.249988555908203,18.27961060234884,0.02962204644063604
3286,18.227100372314453,18.27961060234884,0.05251023003438604
3287,18.174171447753903,18.27961060234884,0.10543915459493647
3288,18.080949783325195,18.27961060234884,0.19866081902364385
3289,18.03302764892578,18.27961060234884,0.24658295342305792
3290,17.96102523803711,18.27961060234884,0.3185853643117298
3291,17.899036407470703,18.27961060234884,0.38057419487813604
3292,17.86184310913086,18.27961060234884,0.4177674932179798
3293,17.799854278564453,18.27961060234884,0.47975632378438604
3294,17.748117446899414,18.27961060234884,0.5314931554494251
3295,17.650127410888672,18.27961060234884,0.6294831914601673
3296,17.640113830566406,18.27961060234884,0.6394967717824329
3297,17.524003982543945,18.27961060234884,0.7556066198048939
3298,17.48204231262207,18.27961060234884,0.7975682897267689
3299,17.42696762084961,18.27961060234884,0.8526429814992298
3300,17.346858978271484,18.27961060234884,0.9327516240773548
3301,17.297029495239258,18.27961060234884,0.9825811071095814
3302,17.204999923706055,18.27961060234884,1.0746106786427845
3303,17.138957977294922,18.27961060234884,1.1406526250539173
3304,17.08388328552246,18.27961060234884,1.1957273168263782
3305,16.98899269104004,18.27961060234884,1.2906179113088
3306,16.942977905273438,18.27961060234884,1.3366326970754017
3307,16.87002182006836,18.27961060234884,1.4095887822804798
3308,16.89600944519043,18.27961060234884,1.3836011571584095
3309,16.726016998291016,18.27961060234884,1.5535936040578235
3310,16.71004295349121,18.27961060234884,1.5695676488576282
3311,16.644001007080078,18.27961060234884,1.635609595268761
3312,16.543149948120117,18.27961060234884,1.736460654228722
3313,16.5250301361084,18.27961060234884,1.7545804662404407
3314,16.451120376586914,18.27961060234884,1.828490225761925
3315,16.3729190826416,18.27961060234884,1.9066915197072376
3316,16.297101974487305,18.27961060234884,1.9825086278615345
3317,16.243934631347656,18.27961060234884,2.035675971001183
3318,21.20900154113769,18.27961060234884,2.9293909387888526
3319,21.08407020568848,18.27961060234884,2.804459603339641
3320,21.08407020568848,18.27961060234884,2.804459603339641
3321,21.00992202758789,18.27961060234884,2.7303114252390515
3322,20.93100547790528,18.27961060234884,2.6513948755564414
3323,20.853042602539062,18.27961060234884,2.5734320001902233
3324,20.77794075012207,18.27961060234884,2.498330147773231
3325,20.7061767578125,18.27961060234884,2.426566155463661
3326,20.646095275878903,18.27961060234884,2.3664846735300635
3327,20.573139190673828,18.27961060234884,2.293528588324989
3328,20.56407928466797,18.27961060234884,2.2844686823191296
3329,20.43485641479492,18.27961060234884,2.155245812446079
3330,20.41006088256836,18.27961060234884,2.13045028021952
3331,20.363807678222656,18.27961060234884,2.084197075873817
3332,20.29109001159668,18.27961060234884,2.0114794092478405
3333,20.216941833496094,18.27961060234884,1.9373312311472546
3334,20.151138305664062,18.27961060234884,1.8715277033152233
3335,20.09296417236328,18.27961060234884,1.813353570014442
3336,20.006179809570312,18.27961060234884,1.7265692072214733
3337,20.006179809570312,18.27961060234884,1.7265692072214733
3338,19.85311508178711,18.27961060234884,1.5735044794382702
3339,19.85692977905273,18.27961060234884,1.5773191767038917
3340,19.787073135375977,18.27961060234884,1.5074625330271374
3341,19.762039184570312,18.27961060234884,1.4824285822214733
3342,19.64402198791504,18.27961060234884,1.3644113855662
3343,19.60611343383789,18.27961060234884,1.3265028314890515
3344,19.53291893005371,18.27961060234884,1.2533083277048718
3345,19.501209259033203,18.27961060234884,1.221598656684364
3346,19.40703392028809,18.27961060234884,1.1274233179392503
3347,19.332170486450195,18.27961060234884,1.0525598841013561
3348,19.26708221435547,18.27961060234884,0.9874716120066296
3349,19.25492286682129,18.27961060234884,0.9753122644724499
3350,19.119977951049805,18.27961060234884,0.8403673487009655
3351,19.12784576416016,18.27961060234884,0.8482351618113206
3352,19.03390884399414,18.27961060234884,0.7542982416453015
3353,18.965959548950195,18.27961060234884,0.6863489466013561
3354,18.9199447631836,18.27961060234884,0.6403341608347617
3355,18.83506774902344,18.27961060234884,0.5554571466746019
3356,18.77284049987793,18.27961060234884,0.4932298975290905
3357,18.73302459716797,18.27961060234884,0.4534139948191296
3358,18.64409446716309,18.27961060234884,0.3644838648142503
3359,18.632173538208008,18.27961060234884,0.35256293585916865
3360,18.49007606506348,18.27961060234884,0.21046546271464095
3361,18.51201057434082,18.27961060234884,0.23239997199198115
3362,18.429994583129883,18.27961060234884,0.15038398078104365
3363,18.34702491760254,18.27961060234884,0.0674143152536999
3364,18.299102783203125,18.27961060234884,0.019492180854285834
3365,18.22519302368164,18.27961060234884,0.05441757866719854
3366,18.136978149414062,18.27961060234884,0.14263245293477667
3367,18.07379722595215,18.27961060234884,0.20581337639669073
3368,17.986059188842773,18.27961060234884,0.29355141350606573
3369,17.993927001953125,18.27961060234884,0.28568360039571417
3370,17.848968505859375,18.27961060234884,0.43064209648946417
3371,17.84491539001465,18.27961060234884,0.43469521233419073
3372,17.76409149169922,18.27961060234884,0.5155191106496204
3373,17.715930938720703,18.27961060234884,0.563679663628136
3374,17.629146575927734,18.27961060234884,0.6504640264211048
3375,17.59505271911621,18.27961060234884,0.6845578832326282
3376,17.5018310546875,18.27961060234884,0.7777795476613392
3377,17.441987991333008,18.27961060234884,0.8376226110158314
3378,17.355918884277344,18.27961060234884,0.9236917180714954
3379,17.348051071166992,18.27961060234884,0.931559531181847
3380,17.19808578491211,18.27961060234884,1.0815248174367298
3381,17.204999923706055,18.27961060234884,1.0746106786427845
3382,17.14801788330078,18.27961060234884,1.131592719048058
3383,17.06385612487793,18.27961060234884,1.2157544774709095
3384,16.98589324951172,18.27961060234884,1.2937173528371204
3385,16.924142837524414,18.27961060234884,1.355467764824425
3386,16.84403419494629,18.27961060234884,1.43557640740255
3387,16.844987869262695,18.27961060234884,1.4346227330861439
3388,16.70694351196289,18.27961060234884,1.5726670903859485
3389,16.700029373168945,18.27961060234884,1.5795812291798939
3390,16.618013381958008,18.27961060234884,1.6615972203908314
3391,16.565799713134766,18.27961060234884,1.7138108892140735
3392,16.474008560180664,18.27961060234884,1.805602042168175
3393,16.421079635620117,18.27961060234884,1.858530966728722
3394,16.34502410888672,18.27961060234884,1.9345864934621204
3395,16.27492904663086,18.27961060234884,2.00468155571798
3396,16.21699333190918,18.27961060234884,2.0626172704396595
3397,21.19898796081543,18.27961060234884,2.9193773584665905
3398,21.11601829528809,18.27961060234884,2.8364076929392503
3399,21.064043045043945,18.27961060234884,2.784432442695106
3400,20.98894119262696,18.27961060234884,2.709330590278121
3401,20.899057388305664,18.27961060234884,2.619446785956825
3402,20.83706855773925,18.27961060234884,2.5574579553904115
3403,20.763158798217773,18.27961060234884,2.4835481958689343
3404,20.76411247253418,18.27961060234884,2.4845018701853405
3405,20.62702178955078,18.27961060234884,2.347411187201942
3406,20.651817321777344,18.27961060234884,2.3722067194285046
3407,20.60198783874512,18.27961060234884,2.3223772363962816
3408,20.53093910217285,18.27961060234884,2.2513284998240124
3409,20.463943481445312,18.27961060234884,2.1843328790964733
3410,20.37906646728516,18.27961060234884,2.0994558649363206
3411,20.313024520874023,18.27961060234884,2.0334139185251843
3412,20.24197578430176,18.27961060234884,1.9623651819529222
3413,20.17402648925781,18.27961060234884,1.8944158869089698
3414,20.10107040405273,18.27961060234884,1.8214598017038917
3415,20.028114318847656,18.27961060234884,1.748503716498817
3416,20.03002166748047,18.27961060234884,1.7504110651316296
3417,19.88697052001953,18.27961060234884,1.607359917670692
3418,19.90795135498047,18.27961060234884,1.6283407526316296
3419,19.764184951782227,18.27961060234884,1.4845743494333874
3420,19.773006439208984,18.27961060234884,1.4933958368601452
3421,19.691944122314453,18.27961060234884,1.412333519965614
3422,19.611835479736328,18.27961060234884,1.332224877387489
3423,19.54817771911621,18.27961060234884,1.2685671167673718
3424,19.47188377380371,18.27961060234884,1.1922731714548718
3425,19.40608024597168,18.27961060234884,1.1264696436228405
3426,19.333839416503903,18.27961060234884,1.0542288141550635
3427,19.25206184387207,18.27961060234884,0.9724512415232311
3428,19.259929656982425,18.27961060234884,0.9803190546335863
3429,19.114017486572266,18.27961060234884,0.8344068842234265
3430,19.119977951049805,18.27961060234884,0.8403673487009655
3431,19.0420150756836,18.27961060234884,0.7624044733347617
3432,18.99385452270508,18.27961060234884,0.7142439203562425
3433,18.932104110717773,18.27961060234884,0.6524935083689343
3434,18.85914802551269,18.27961060234884,0.5795374231638526
3435,18.769025802612305,18.27961060234884,0.4894152002634655
3436,18.70894432067871,18.27961060234884,0.42933371832987177
3437,18.650054931640625,18.27961060234884,0.37044432929178583
3438,18.646955490112305,18.27961060234884,0.3673448877634655
3439,18.50605010986328,18.27961060234884,0.22643950751444208
3440,18.449068069458008,18.27961060234884,0.16945746710916865
3441,18.384933471679688,18.27961060234884,0.10532286933084833
3442,18.3560848236084,18.27961060234884,0.07647422125955927
3443,18.234968185424805,18.27961060234884,0.04464241692403448
3444,18.22495460510254,18.27961060234884,0.0546559972463001
3445,18.167972564697266,18.27961060234884,0.11163803765157354
3446,18.09310913085937,18.27961060234884,0.18650147148946772
3447,18.02992820739746,18.27961060234884,0.24968239495137823
3448,17.94600486755371,18.27961060234884,0.33360573479512823
3449,17.88806915283203,18.27961060234884,0.3915414495168079
3450,17.902851104736328,18.27961060234884,0.37675949761251104
3451,17.770767211914062,18.27961060234884,0.5088433904347767
3452,17.806053161621094,18.27961060234884,0.4735574407277454
3453,17.67587661743164,18.27961060234884,0.6037339849171985
3454,17.6389217376709,18.27961060234884,0.6406888646779407
3455,17.477035522460938,18.27961060234884,0.8025750798879017
3456,17.457962036132812,18.27961060234884,0.8216485662160267
3457,17.401933670043945,18.27961060234884,0.8776769323048939
3458,17.32802391052246,18.27961060234884,0.9515866918263782
3459,17.254114151000977,18.27961060234884,1.0254964513478626
3460,17.23504066467285,18.27961060234884,1.0445699376759876
3461,17.174959182739258,18.27961060234884,1.1046514196095814
3462,17.119884490966797,18.27961060234884,1.1597261113820423
3463,17.023086547851562,18.27961060234884,1.2565240544972767
3464,16.952037811279297,18.27961060234884,1.3275727910695423
3465,16.869068145751953,18.27961060234884,1.410542456596886
3466,16.869068145751953,18.27961060234884,1.410542456596886
3467,16.72196388244629,18.27961060234884,1.55764671990255
3468,16.676902770996094,18.27961060234884,1.6027078313527454
3469,16.610145568847656,18.27961060234884,1.669465033501183
3470,16.59393310546875,18.27961060234884,1.6856774968800892
3471,16.47186279296875,18.27961060234884,1.8077478093800892
3472,16.474008560180664,18.27961060234884,1.805602042168175
3473,16.396045684814453,18.27961060234884,1.883564917534386
3474,16.314029693603516,18.27961060234884,1.9655809087453235
3475,16.314983367919922,18.27961060234884,1.9646272344289173
3476,21.20304107666016,18.27961060234884,2.9234304743113206
3477,21.19898796081543,18.27961060234884,2.9193773584665905
3478,21.097898483276367,18.27961060234884,2.818287880927528
3479,21.007061004638672,18.27961060234884,2.7274504022898327
3480,20.949125289916992,18.27961060234884,2.669514687568153
